domain,tokens,word_count,sld_len,type,rdap_created,rdap_expires,rdap_registrar,join_by,source,source_url,control_evidence,pre_caps,pre_cls,prior_history,hist1,census_registered,census_in_use,census_forsale,rs_end_last,rs_end_adj,rs_start_first,tlds_taken_n,tlds_taken_before_cutoff,alt_in_use_n,leads_AB_est,leads_qual,lead_method,lead1,demand1,ratio_bin,ratio_floor,ev,first_fail,v91_fails,v10_accept
limemob.com,lime mob,2,7,descriptive_other,2025-07-19,2026-07-19,Internet Domain Service BS Corp,10/07/2026 07:45,"SnapNames public deleting list (deletinglist.zip, downloaded 2026-10-06 ~02:08 IDT)",https://www.snapnames.com/file_dl.sn?file=deletinglist.zip,In pending-delete list (owner did not renew) + RDAP created 2021-2025; unsold by that owner (sale not checked beyond our sold set),14,parked,1,PASS_PARKED(-10),0.9,0.1,0.05,,,,0,0,0,0,,PROXY: exact-SLD alt-TLD + hyphen .com sites in_use (D1 prospects only),FAIL,FAIL,0.46,0.3,-12.06,DEMAND1,DEMAND-1|LEAD-1(proxy)|EV-1/RATIO-1,1
dentstorm.com,dent storm,2,9,descriptive_other,2024-07-22,2026-07-22,"GoDaddy.com, LLC",10/09/2026 07:45,"SnapNames public deleting list (deletinglist.zip, downloaded 2026-10-06 ~02:08 IDT)",https://www.snapnames.com/file_dl.sn?file=deletinglist.zip,In pending-delete list (owner did not renew) + RDAP created 2021-2025; unsold by that owner (sale not checked beyond our sold set),1,parked,1,PASS_PARKED(-10),0.85,0.1,0.05,,,,0,0,0,0,,PROXY: exact-SLD alt-TLD + hyphen .com sites in_use (D1 prospects only),FAIL,FAIL,0.46,0.3,-12.06,DEMAND1,DEMAND-1|LEAD-1(proxy)|EV-1/RATIO-1,1
zeropercentslice.com,zero percent slice,3,16,descriptive_other,2025-07-23,2026-07-23,Dynadot Inc,10/08/2026 07:45,"SnapNames public deleting list (deletinglist.zip, downloaded 2026-10-06 ~02:08 IDT)",https://www.snapnames.com/file_dl.sn?file=deletinglist.zip,In pending-delete list (owner did not renew) + RDAP created 2021-2025; unsold by that owner (sale not checked beyond our sold set),0,none,0,PASS,0.05,0.0,0.0,,,,0,0,0,0,,PROXY: exact-SLD alt-TLD + hyphen .com sites in_use (D1 prospects only),FAIL,FAIL,0.46,0.3,-12.06,DEMAND1,DEMAND-1|LEAD-1(proxy)|EV-1/RATIO-1,0
marcuestars.com,mar cue stars,3,11,descriptive_other,2025-07-21,2026-07-21,Porkbun LLC,10/09/2026 07:45,"SnapNames public deleting list (deletinglist.zip, downloaded 2026-10-06 ~02:08 IDT)",https://www.snapnames.com/file_dl.sn?file=deletinglist.zip,In pending-delete list (owner did not renew) + RDAP created 2021-2025; unsold by that owner (sale not checked beyond our sold set),0,none,0,PASS,0.0,0.0,0.0,,,,0,0,0,0,,PROXY: exact-SLD alt-TLD + hyphen .com sites in_use (D1 prospects only),FAIL,FAIL,0.46,0.3,-12.06,DEMAND1,DEMAND-1|LEAD-1(proxy)|EV-1/RATIO-1,0
gpsnorth.com,gps north,2,8,descriptive_other,2025-07-26,2026-07-26,Alibaba Cloud Computing Ltd. d/b/a HiChina (www.net.cn),10/08/2026 07:45,"SnapNames public deleting list (deletinglist.zip, downloaded 2026-10-06 ~02:08 IDT)",https://www.snapnames.com/file_dl.sn?file=deletinglist.zip,In pending-delete list (owner did not renew) + RDAP created 2021-2025; unsold by that owner (sale not checked beyond our sold set),29,parked,1,PASS_PARKED(-10),0.85,0.0,0.05,,,,0,0,0,0,,PROXY: exact-SLD alt-TLD + hyphen .com sites in_use (D1 prospects only),FAIL,FAIL,0.46,0.3,-12.06,DEMAND1,DEMAND-1|LEAD-1(proxy)|EV-1/RATIO-1,1
myponyup.com,my pony up,3,8,descriptive_other,2022-07-22,2026-07-22,"GoDaddy.com, LLC",10/08/2026 07:45,"SnapNames public deleting list (deletinglist.zip, downloaded 2026-10-06 ~02:08 IDT)",https://www.snapnames.com/file_dl.sn?file=deletinglist.zip,In pending-delete list (owner did not renew) + RDAP created 2021-2025; unsold by that owner (sale not checked beyond our sold set),0,none,0,PASS,0.0,0.0,0.0,291,291,,0,0,0,0,,PROXY: exact-SLD alt-TLD + hyphen .com sites in_use (D1 prospects only),FAIL,FAIL,0.46,0.3,-12.06,DEMAND1,DEMAND-1|LEAD-1(proxy)|EV-1/RATIO-1,0
pineridgeenterprises.com,pine ridge enterprises,3,20,descriptive_other,2024-07-29,2026-07-29,Epik LLC,10/07/2026 07:45,"SnapNames public deleting list (deletinglist.zip, downloaded 2026-10-06 ~02:08 IDT)",https://www.snapnames.com/file_dl.sn?file=deletinglist.zip,In pending-delete list (owner did not renew) + RDAP created 2021-2025; unsold by that owner (sale not checked beyond our sold set),7,parked,1,PASS_PARKED(-10),0.2,0.05,0.0,,,,0,0,0,0,,PROXY: exact-SLD alt-TLD + hyphen .com sites in_use (D1 prospects only),FAIL,FAIL,0.46,0.3,-12.06,DEMAND1,DEMAND-1|LEAD-1(proxy)|EV-1/RATIO-1,0
dealerdoom.com,dealer doom,2,10,descriptive_other,2025-07-19,2026-07-19,"GoDaddy.com, LLC",10/06/2026 07:45,"SnapNames public deleting list (deletinglist.zip, downloaded 2026-10-06 ~02:08 IDT)",https://www.snapnames.com/file_dl.sn?file=deletinglist.zip,In pending-delete list (owner did not renew) + RDAP created 2021-2025; unsold by that owner (sale not checked beyond our sold set),0,none,0,PASS,0.5,0.0,0.0,,,,0,0,0,0,,PROXY: exact-SLD alt-TLD + hyphen .com sites in_use (D1 prospects only),FAIL,FAIL,0.46,0.3,-12.06,DEMAND1,DEMAND-1|LEAD-1(proxy)|EV-1/RATIO-1,0
cellblockaware.com,cell block aware,3,14,descriptive_other,2025-07-19,2026-07-19,Porkbun LLC,10/08/2026 07:45,"SnapNames public deleting list (deletinglist.zip, downloaded 2026-10-06 ~02:08 IDT)",https://www.snapnames.com/file_dl.sn?file=deletinglist.zip,In pending-delete list (owner did not renew) + RDAP created 2021-2025; unsold by that owner (sale not checked beyond our sold set),0,none,0,PASS,0.05,0.05,0.0,,,,0,0,0,0,,PROXY: exact-SLD alt-TLD + hyphen .com sites in_use (D1 prospects only),FAIL,FAIL,0.46,0.3,-12.06,DEMAND1,DEMAND-1|LEAD-1(proxy)|EV-1/RATIO-1,0
shipnever.com,ship never,2,9,descriptive_other,2025-07-22,2026-07-22,"NameCheap, Inc.",10/09/2026 07:45,"SnapNames public deleting list (deletinglist.zip, downloaded 2026-10-06 ~02:08 IDT)",https://www.snapnames.com/file_dl.sn?file=deletinglist.zip,In pending-delete list (owner did not renew) + RDAP created 2021-2025; unsold by that owner (sale not checked beyond our sold set),0,none,0,PASS,0.55,0.1,0.05,,,,0,0,0,0,,PROXY: exact-SLD alt-TLD + hyphen .com sites in_use (D1 prospects only),FAIL,FAIL,0.46,0.3,-12.06,DEMAND1,DEMAND-1|LEAD-1(proxy)|EV-1/RATIO-1,0
civilizationhub.com,civilization hub,2,15,descriptive_other,2025-07-27,2026-07-27,CV. Jogjacamp,10/08/2026 07:45,"SnapNames public deleting list (deletinglist.zip, downloaded 2026-10-06 ~02:08 IDT)",https://www.snapnames.com/file_dl.sn?file=deletinglist.zip,In pending-delete list (owner did not renew) + RDAP created 2021-2025; unsold by that owner (sale not checked beyond our sold set),1,parked,1,PASS_PARKED(-10),0.65,0.05,0.0,,,,1,0,0,0,,PROXY: exact-SLD alt-TLD + hyphen .com sites in_use (D1 prospects only),FAIL,FAIL,0.46,0.3,-12.06,DEMAND1,DEMAND-1|LEAD-1(proxy)|EV-1/RATIO-1,1
crossborderusd.com,cross border usd,3,14,descriptive_other,2025-07-21,2026-07-21,Dynadot Inc,10/06/2026 07:45,"SnapNames public deleting list (deletinglist.zip, downloaded 2026-10-06 ~02:08 IDT)",https://www.snapnames.com/file_dl.sn?file=deletinglist.zip,In pending-delete list (owner did not renew) + RDAP created 2021-2025; unsold by that owner (sale not checked beyond our sold set),0,none,0,PASS,0.25,0.05,0.0,,,,0,0,0,0,,PROXY: exact-SLD alt-TLD + hyphen .com sites in_use (D1 prospects only),FAIL,FAIL,0.46,0.3,-12.06,DEMAND1,DEMAND-1|LEAD-1(proxy)|EV-1/RATIO-1,0
oilapply.com,oil apply,2,8,descriptive_other,2025-07-19,2026-07-19,"NameCheap, Inc.",10/06/2026 07:45,"SnapNames public deleting list (deletinglist.zip, downloaded 2026-10-06 ~02:08 IDT)",https://www.snapnames.com/file_dl.sn?file=deletinglist.zip,In pending-delete list (owner did not renew) + RDAP created 2021-2025; unsold by that owner (sale not checked beyond our sold set),0,none,0,PASS,0.75,0.1,0.0,,,,0,0,0,0,,PROXY: exact-SLD alt-TLD + hyphen .com sites in_use (D1 prospects only),FAIL,FAIL,0.46,0.3,-12.06,DEMAND1,DEMAND-1|LEAD-1(proxy)|EV-1/RATIO-1,0
thedogfarmer.com,the dog farmer,3,12,descriptive_other,2021-07-18,2026-07-18,"Network Solutions, LLC",10/06/2026 07:45,"SnapNames public deleting list (deletinglist.zip, downloaded 2026-10-06 ~02:08 IDT)",https://www.snapnames.com/file_dl.sn?file=deletinglist.zip,In pending-delete list (owner did not renew) + RDAP created 2021-2025; unsold by that owner (sale not checked beyond our sold set),0,none,0,PASS,0.25,0.1,0.0,,,,0,0,0,0,,PROXY: exact-SLD alt-TLD + hyphen .com sites in_use (D1 prospects only),FAIL,FAIL,0.46,0.3,-12.06,DEMAND1,DEMAND-1|LEAD-1(proxy)|EV-1/RATIO-1,0
almightyforall.com,almighty for all,3,14,descriptive_other,2025-07-20,2026-07-20,"GoDaddy.com, LLC",10/07/2026 07:45,"SnapNames public deleting list (deletinglist.zip, downloaded 2026-10-06 ~02:08 IDT)",https://www.snapnames.com/file_dl.sn?file=deletinglist.zip,In pending-delete list (owner did not renew) + RDAP created 2021-2025; unsold by that owner (sale not checked beyond our sold set),0,none,0,PASS,0.35,0.05,0.0,,,,1,0,1,1,,PROXY: exact-SLD alt-TLD + hyphen .com sites in_use (D1 prospects only),FAIL,FAIL,0.68,0.44,-9.55,DEMAND1,DEMAND-1|LEAD-1(proxy)|EV-1/RATIO-1,0
sellenterprise.com,sell enterprise,2,14,descriptive_other,2025-07-22,2026-07-22,"NameCheap, Inc.",10/09/2026 07:45,"SnapNames public deleting list (deletinglist.zip, downloaded 2026-10-06 ~02:08 IDT)",https://www.snapnames.com/file_dl.sn?file=deletinglist.zip,In pending-delete list (owner did not renew) + RDAP created 2021-2025; unsold by that owner (sale not checked beyond our sold set),11,content,1,REJECT_CONTENT,0.9,0.0,0.0,,,,0,0,0,0,,PROXY: exact-SLD alt-TLD + hyphen .com sites in_use (D1 prospects only),FAIL,FAIL,0.46,0.3,-12.06,HIST1,HIST-1|DEMAND-1|LEAD-1(proxy)|EV-1/RATIO-1,1
itfutureminds.com,it future minds,3,13,descriptive_other,2025-07-23,2026-07-23,Global Domain Group LLC,10/08/2026 07:45,"SnapNames public deleting list (deletinglist.zip, downloaded 2026-10-06 ~02:08 IDT)",https://www.snapnames.com/file_dl.sn?file=deletinglist.zip,In pending-delete list (owner did not renew) + RDAP created 2021-2025; unsold by that owner (sale not checked beyond our sold set),0,none,0,PASS,0.0,0.0,0.0,,,,0,0,0,0,,PROXY: exact-SLD alt-TLD + hyphen .com sites in_use (D1 prospects only),FAIL,FAIL,0.46,0.3,-12.06,DEMAND1,DEMAND-1|LEAD-1(proxy)|EV-1/RATIO-1,0
netlinesystems.com,net line systems,3,14,descriptive_other,2025-07-20,2026-07-20,IONOS SE,10/08/2026 07:45,"SnapNames public deleting list (deletinglist.zip, downloaded 2026-10-06 ~02:08 IDT)",https://www.snapnames.com/file_dl.sn?file=deletinglist.zip,In pending-delete list (owner did not renew) + RDAP created 2021-2025; unsold by that owner (sale not checked beyond our sold set),17,parked,1,PASS_PARKED(-10),0.15,0.05,0.0,,,278,1,0,0,0,,PROXY: exact-SLD alt-TLD + hyphen .com sites in_use (D1 prospects only),FAIL,FAIL,0.46,0.3,-12.06,DEMAND1,DEMAND-1|LEAD-1(proxy)|EV-1/RATIO-1,0
financespurse.com,finances purse,2,13,descriptive_other,2023-07-21,2026-07-21,"NameSilo, LLC",10/06/2026 07:45,"SnapNames public deleting list (deletinglist.zip, downloaded 2026-10-06 ~02:08 IDT)",https://www.snapnames.com/file_dl.sn?file=deletinglist.zip,In pending-delete list (owner did not renew) + RDAP created 2021-2025; unsold by that owner (sale not checked beyond our sold set),0,none,0,PASS,0.6,0.0,0.1,,,,0,0,0,0,,PROXY: exact-SLD alt-TLD + hyphen .com sites in_use (D1 prospects only),FAIL,FAIL,0.46,0.3,-12.06,DEMAND1,DEMAND-1|LEAD-1(proxy)|EV-1/RATIO-1,0
thelemonshirt.com,the lemon shirt,3,13,descriptive_other,2023-07-21,2026-07-21,"NameCheap, Inc.",10/07/2026 07:45,"SnapNames public deleting list (deletinglist.zip, downloaded 2026-10-06 ~02:08 IDT)",https://www.snapnames.com/file_dl.sn?file=deletinglist.zip,In pending-delete list (owner did not renew) + RDAP created 2021-2025; unsold by that owner (sale not checked beyond our sold set),0,none,0,PASS,0.2,0.1,0.0,,,,0,0,0,0,,PROXY: exact-SLD alt-TLD + hyphen .com sites in_use (D1 prospects only),FAIL,FAIL,0.46,0.3,-12.06,DEMAND1,DEMAND-1|LEAD-1(proxy)|EV-1/RATIO-1,0
theglassedit.com,the glass edit,3,12,descriptive_other,2025-07-19,2026-07-19,"Name.com, Inc.",10/07/2026 07:45,"SnapNames public deleting list (deletinglist.zip, downloaded 2026-10-06 ~02:08 IDT)",https://www.snapnames.com/file_dl.sn?file=deletinglist.zip,In pending-delete list (owner did not renew) + RDAP created 2021-2025; unsold by that owner (sale not checked beyond our sold set),0,none,0,PASS,0.05,0.05,0.0,,,,0,0,0,0,,PROXY: exact-SLD alt-TLD + hyphen .com sites in_use (D1 prospects only),FAIL,FAIL,0.46,0.3,-12.06,DEMAND1,DEMAND-1|LEAD-1(proxy)|EV-1/RATIO-1,0
pinkdialproject.com,pink dial project,3,15,descriptive_other,2021-07-22,2026-07-22,"GoDaddy.com, LLC",10/09/2026 07:45,"SnapNames public deleting list (deletinglist.zip, downloaded 2026-10-06 ~02:08 IDT)",https://www.snapnames.com/file_dl.sn?file=deletinglist.zip,In pending-delete list (owner did not renew) + RDAP created 2021-2025; unsold by that owner (sale not checked beyond our sold set),0,none,0,PASS,0.0,0.0,0.0,,,,0,0,0,0,,PROXY: exact-SLD alt-TLD + hyphen .com sites in_use (D1 prospects only),FAIL,FAIL,0.46,0.3,-12.06,DEMAND1,DEMAND-1|LEAD-1(proxy)|EV-1/RATIO-1,0
startuptext.com,startup text,2,11,descriptive_other,2025-07-23,2026-07-23,Dynadot Inc,10/08/2026 07:45,"SnapNames public deleting list (deletinglist.zip, downloaded 2026-10-06 ~02:08 IDT)",https://www.snapnames.com/file_dl.sn?file=deletinglist.zip,In pending-delete list (owner did not renew) + RDAP created 2021-2025; unsold by that owner (sale not checked beyond our sold set),11,forsale,1,PASS_PARKED(-10),1.0,0.1,0.05,,,,0,0,0,0,,PROXY: exact-SLD alt-TLD + hyphen .com sites in_use (D1 prospects only),FAIL,FAIL,0.46,0.3,-12.06,DEMAND1,DEMAND-1|LEAD-1(proxy)|EV-1/RATIO-1,1
chifishing.com,chi fishing,2,10,descriptive_other,2024-07-22,2026-07-22,"NameCheap, Inc.",10/09/2026 07:45,"SnapNames public deleting list (deletinglist.zip, downloaded 2026-10-06 ~02:08 IDT)",https://www.snapnames.com/file_dl.sn?file=deletinglist.zip,In pending-delete list (owner did not renew) + RDAP created 2021-2025; unsold by that owner (sale not checked beyond our sold set),26,parked,1,PASS_PARKED(-10),0.9,0.1,0.15,,,,0,0,0,0,,PROXY: exact-SLD alt-TLD + hyphen .com sites in_use (D1 prospects only),FAIL,FAIL,0.46,0.3,-12.06,DEMAND1,DEMAND-1|LEAD-1(proxy)|EV-1/RATIO-1,1
hidgems.com,hid gems,2,7,descriptive_other,2024-07-21,2026-07-21,"GoDaddy.com, LLC",10/08/2026 07:45,"SnapNames public deleting list (deletinglist.zip, downloaded 2026-10-06 ~02:08 IDT)",https://www.snapnames.com/file_dl.sn?file=deletinglist.zip,In pending-delete list (owner did not renew) + RDAP created 2021-2025; unsold by that owner (sale not checked beyond our sold set),1,none,1,PASS,0.9,0.0,0.1,,,,0,0,0,0,,PROXY: exact-SLD alt-TLD + hyphen .com sites in_use (D1 prospects only),FAIL,FAIL,0.46,0.3,-12.06,DEMAND1,DEMAND-1|LEAD-1(proxy)|EV-1/RATIO-1,1
mylifewalls.com,my life walls,3,11,descriptive_other,2025-07-22,2026-07-22,"GoDaddy.com, LLC",10/08/2026 07:45,"SnapNames public deleting list (deletinglist.zip, downloaded 2026-10-06 ~02:08 IDT)",https://www.snapnames.com/file_dl.sn?file=deletinglist.zip,In pending-delete list (owner did not renew) + RDAP created 2021-2025; unsold by that owner (sale not checked beyond our sold set),1,parked,1,PASS_PARKED(-10),0.4,0.05,0.1,,,,0,0,0,0,,PROXY: exact-SLD alt-TLD + hyphen .com sites in_use (D1 prospects only),FAIL,FAIL,0.46,0.3,-12.06,DEMAND1,DEMAND-1|LEAD-1(proxy)|EV-1/RATIO-1,0
ultimatemarathonguide.com,ultimate marathon guide,3,21,descriptive_other,2025-07-21,2026-07-21,"Network Solutions, LLC",10/09/2026 07:45,"SnapNames public deleting list (deletinglist.zip, downloaded 2026-10-06 ~02:08 IDT)",https://www.snapnames.com/file_dl.sn?file=deletinglist.zip,In pending-delete list (owner did not renew) + RDAP created 2021-2025; unsold by that owner (sale not checked beyond our sold set),3,forsale,1,PASS_PARKED(-10),0.0,0.0,0.0,,,,0,0,0,0,,PROXY: exact-SLD alt-TLD + hyphen .com sites in_use (D1 prospects only),FAIL,FAIL,0.46,0.3,-12.06,DEMAND1,DEMAND-1|LEAD-1(proxy)|EV-1/RATIO-1,0
tradingtoy.com,trading toy,2,10,descriptive_other,2025-07-23,2026-07-23,Tucows Domains Inc.,10/09/2026 07:45,"SnapNames public deleting list (deletinglist.zip, downloaded 2026-10-06 ~02:08 IDT)",https://www.snapnames.com/file_dl.sn?file=deletinglist.zip,In pending-delete list (owner did not renew) + RDAP created 2021-2025; unsold by that owner (sale not checked beyond our sold set),14,parked,1,PASS_PARKED(-10),0.85,0.1,0.0,,,66,0,0,0,0,,PROXY: exact-SLD alt-TLD + hyphen .com sites in_use (D1 prospects only),FAIL,FAIL,0.46,0.3,-12.06,DEMAND1,DEMAND-1|LEAD-1(proxy)|EV-1/RATIO-1,1
everecoshift.com,ever eco shift,3,12,descriptive_other,2025-07-24,2026-07-24,Dynadot Inc,10/09/2026 07:45,"SnapNames public deleting list (deletinglist.zip, downloaded 2026-10-06 ~02:08 IDT)",https://www.snapnames.com/file_dl.sn?file=deletinglist.zip,In pending-delete list (owner did not renew) + RDAP created 2021-2025; unsold by that owner (sale not checked beyond our sold set),0,none,0,PASS,0.0,0.0,0.0,,,,0,0,0,0,,PROXY: exact-SLD alt-TLD + hyphen .com sites in_use (D1 prospects only),FAIL,FAIL,0.46,0.3,-12.06,DEMAND1,DEMAND-1|LEAD-1(proxy)|EV-1/RATIO-1,0
proventhroughgrowth.com,proven through growth,3,19,descriptive_other,2025-07-23,2026-07-23,Dynadot Inc,10/08/2026 07:45,"SnapNames public deleting list (deletinglist.zip, downloaded 2026-10-06 ~02:08 IDT)",https://www.snapnames.com/file_dl.sn?file=deletinglist.zip,In pending-delete list (owner did not renew) + RDAP created 2021-2025; unsold by that owner (sale not checked beyond our sold set),0,none,0,PASS,0.0,0.0,0.0,,,,0,0,0,0,,PROXY: exact-SLD alt-TLD + hyphen .com sites in_use (D1 prospects only),FAIL,FAIL,0.46,0.3,-12.06,DEMAND1,DEMAND-1|LEAD-1(proxy)|EV-1/RATIO-1,0
vitalbullstore.com,vital bull store,3,14,descriptive_other,2023-07-22,2026-07-22,"GoDaddy.com, LLC",10/08/2026 07:45,"SnapNames public deleting list (deletinglist.zip, downloaded 2026-10-06 ~02:08 IDT)",https://www.snapnames.com/file_dl.sn?file=deletinglist.zip,In pending-delete list (owner did not renew) + RDAP created 2021-2025; unsold by that owner (sale not checked beyond our sold set),0,none,0,PASS,0.1,0.0,0.0,,,,0,0,0,0,,PROXY: exact-SLD alt-TLD + hyphen .com sites in_use (D1 prospects only),FAIL,FAIL,0.46,0.3,-12.06,DEMAND1,DEMAND-1|LEAD-1(proxy)|EV-1/RATIO-1,0
alliesprinting.com,allies printing,2,14,descriptive_other,2025-07-21,2026-07-21,"GoDaddy.com, LLC",10/08/2026 07:45,"SnapNames public deleting list (deletinglist.zip, downloaded 2026-10-06 ~02:08 IDT)",https://www.snapnames.com/file_dl.sn?file=deletinglist.zip,In pending-delete list (owner did not renew) + RDAP created 2021-2025; unsold by that owner (sale not checked beyond our sold set),0,none,0,PASS,0.6,0.2,0.1,,,,0,0,0,0,,PROXY: exact-SLD alt-TLD + hyphen .com sites in_use (D1 prospects only),FAIL,FAIL,0.46,0.3,-12.06,DEMAND1,DEMAND-1|LEAD-1(proxy)|EV-1/RATIO-1,0
thesensoryguide.com,the sensory guide,3,15,descriptive_other,2023-07-22,2026-07-22,"NameCheap, Inc.",10/09/2026 07:45,"SnapNames public deleting list (deletinglist.zip, downloaded 2026-10-06 ~02:08 IDT)",https://www.snapnames.com/file_dl.sn?file=deletinglist.zip,In pending-delete list (owner did not renew) + RDAP created 2021-2025; unsold by that owner (sale not checked beyond our sold set),1,none,1,PASS,0.1,0.0,0.0,,,,1,0,0,0,,PROXY: exact-SLD alt-TLD + hyphen .com sites in_use (D1 prospects only),FAIL,FAIL,0.46,0.3,-12.06,DEMAND1,DEMAND-1|LEAD-1(proxy)|EV-1/RATIO-1,0
mindfullymiranda.com,mind fully miranda,3,16,descriptive_other,2024-07-19,2026-07-19,"GoDaddy.com, LLC",10/06/2026 07:45,"SnapNames public deleting list (deletinglist.zip, downloaded 2026-10-06 ~02:08 IDT)",https://www.snapnames.com/file_dl.sn?file=deletinglist.zip,In pending-delete list (owner did not renew) + RDAP created 2021-2025; unsold by that owner (sale not checked beyond our sold set),13,parked,1,PASS_PARKED(-10),0.05,0.0,0.0,,,108,1,0,0,0,,PROXY: exact-SLD alt-TLD + hyphen .com sites in_use (D1 prospects only),FAIL,FAIL,0.46,0.3,-12.06,DEMAND1,DEMAND-1|LEAD-1(proxy)|EV-1/RATIO-1,0
aimvirtual.com,aim virtual,2,10,descriptive_other,2021-07-21,2026-07-21,Dynadot Inc,10/06/2026 07:45,"SnapNames public deleting list (deletinglist.zip, downloaded 2026-10-06 ~02:08 IDT)",https://www.snapnames.com/file_dl.sn?file=deletinglist.zip,In pending-delete list (owner did not renew) + RDAP created 2021-2025; unsold by that owner (sale not checked beyond our sold set),41,forsale,1,PASS_PARKED(-10),0.85,0.1,0.1,,,,0,0,0,0,,PROXY: exact-SLD alt-TLD + hyphen .com sites in_use (D1 prospects only),FAIL,FAIL,0.46,0.3,-12.06,DEMAND1,DEMAND-1|LEAD-1(proxy)|EV-1/RATIO-1,1
bedfordwebsitedeveloper.com,bedford website developer,3,23,descriptive_other,2025-07-28,2026-07-28,IONOS SE,10/09/2026 07:45,"SnapNames public deleting list (deletinglist.zip, downloaded 2026-10-06 ~02:08 IDT)",https://www.snapnames.com/file_dl.sn?file=deletinglist.zip,In pending-delete list (owner did not renew) + RDAP created 2021-2025; unsold by that owner (sale not checked beyond our sold set),0,none,0,PASS,0.0,0.0,0.0,,,,0,0,0,0,,PROXY: exact-SLD alt-TLD + hyphen .com sites in_use (D1 prospects only),FAIL,FAIL,0.46,0.3,-12.06,DEMAND1,DEMAND-1|LEAD-1(proxy)|EV-1/RATIO-1,0
thesafepaint.com,the safe paint,3,12,descriptive_other,2025-07-22,2026-07-22,"GoDaddy.com, LLC",10/09/2026 07:45,"SnapNames public deleting list (deletinglist.zip, downloaded 2026-10-06 ~02:08 IDT)",https://www.snapnames.com/file_dl.sn?file=deletinglist.zip,In pending-delete list (owner did not renew) + RDAP created 2021-2025; unsold by that owner (sale not checked beyond our sold set),1,parked,1,PASS_PARKED(-10),0.15,0.0,0.0,,,,0,0,0,0,,PROXY: exact-SLD alt-TLD + hyphen .com sites in_use (D1 prospects only),FAIL,FAIL,0.46,0.3,-12.06,DEMAND1,DEMAND-1|LEAD-1(proxy)|EV-1/RATIO-1,0
notifysip.com,notify sip,2,9,descriptive_other,2025-07-21,2026-07-21,"NameCheap, Inc.",10/08/2026 07:45,"SnapNames public deleting list (deletinglist.zip, downloaded 2026-10-06 ~02:08 IDT)",https://www.snapnames.com/file_dl.sn?file=deletinglist.zip,In pending-delete list (owner did not renew) + RDAP created 2021-2025; unsold by that owner (sale not checked beyond our sold set),0,none,0,PASS,0.8,0.05,0.0,,,,0,0,0,0,,PROXY: exact-SLD alt-TLD + hyphen .com sites in_use (D1 prospects only),FAIL,FAIL,0.46,0.3,-12.06,DEMAND1,DEMAND-1|LEAD-1(proxy)|EV-1/RATIO-1,0
updatelogs.com,update logs,2,10,descriptive_other,2024-07-22,2026-07-22,Automattic Inc.,10/08/2026 07:45,"SnapNames public deleting list (deletinglist.zip, downloaded 2026-10-06 ~02:08 IDT)",https://www.snapnames.com/file_dl.sn?file=deletinglist.zip,In pending-delete list (owner did not renew) + RDAP created 2021-2025; unsold by that owner (sale not checked beyond our sold set),19,parked,1,PASS_PARKED(-10),0.65,0.1,0.05,,,,0,0,0,0,,PROXY: exact-SLD alt-TLD + hyphen .com sites in_use (D1 prospects only),FAIL,FAIL,0.46,0.3,-12.06,DEMAND1,DEMAND-1|LEAD-1(proxy)|EV-1/RATIO-1,1
mybrickbuddy.com,my brick buddy,3,12,descriptive_other,2025-07-22,2026-07-22,Tucows Domains Inc.,10/08/2026 07:45,"SnapNames public deleting list (deletinglist.zip, downloaded 2026-10-06 ~02:08 IDT)",https://www.snapnames.com/file_dl.sn?file=deletinglist.zip,In pending-delete list (owner did not renew) + RDAP created 2021-2025; unsold by that owner (sale not checked beyond our sold set),0,none,0,PASS,0.05,0.0,0.0,,,,0,0,0,0,,PROXY: exact-SLD alt-TLD + hyphen .com sites in_use (D1 prospects only),FAIL,FAIL,0.46,0.3,-12.06,DEMAND1,DEMAND-1|LEAD-1(proxy)|EV-1/RATIO-1,0
dashburstgames.com,dash burst games,3,14,descriptive_other,2025-07-22,2026-07-22,"GoDaddy.com, LLC",10/09/2026 07:45,"SnapNames public deleting list (deletinglist.zip, downloaded 2026-10-06 ~02:08 IDT)",https://www.snapnames.com/file_dl.sn?file=deletinglist.zip,In pending-delete list (owner did not renew) + RDAP created 2021-2025; unsold by that owner (sale not checked beyond our sold set),0,none,0,PASS,0.0,0.0,0.0,,,,0,0,0,0,,PROXY: exact-SLD alt-TLD + hyphen .com sites in_use (D1 prospects only),FAIL,FAIL,0.46,0.3,-12.06,DEMAND1,DEMAND-1|LEAD-1(proxy)|EV-1/RATIO-1,0
velvetladiesstore.com,velvet ladies store,3,17,descriptive_other,2025-07-20,2026-07-20,"GoDaddy.com, LLC",10/07/2026 07:45,"SnapNames public deleting list (deletinglist.zip, downloaded 2026-10-06 ~02:08 IDT)",https://www.snapnames.com/file_dl.sn?file=deletinglist.zip,In pending-delete list (owner did not renew) + RDAP created 2021-2025; unsold by that owner (sale not checked beyond our sold set),0,none,0,PASS,0.0,0.0,0.0,,,,0,0,0,0,,PROXY: exact-SLD alt-TLD + hyphen .com sites in_use (D1 prospects only),FAIL,FAIL,0.46,0.3,-12.06,DEMAND1,DEMAND-1|LEAD-1(proxy)|EV-1/RATIO-1,0
funflygo.com,fun fly go,3,8,descriptive_other,2025-07-22,2026-07-22,"GMO Internet Group, Inc. d/b/a Onamae.com",10/09/2026 07:45,"SnapNames public deleting list (deletinglist.zip, downloaded 2026-10-06 ~02:08 IDT)",https://www.snapnames.com/file_dl.sn?file=deletinglist.zip,In pending-delete list (owner did not renew) + RDAP created 2021-2025; unsold by that owner (sale not checked beyond our sold set),0,none,0,PASS,0.0,0.0,0.0,,,,0,0,0,0,,PROXY: exact-SLD alt-TLD + hyphen .com sites in_use (D1 prospects only),FAIL,FAIL,0.46,0.3,-12.06,DEMAND1,DEMAND-1|LEAD-1(proxy)|EV-1/RATIO-1,0
gorichmoney.com,go rich money,3,11,descriptive_other,2025-07-22,2026-07-22,"NameCheap, Inc.",10/09/2026 07:45,"SnapNames public deleting list (deletinglist.zip, downloaded 2026-10-06 ~02:08 IDT)",https://www.snapnames.com/file_dl.sn?file=deletinglist.zip,In pending-delete list (owner did not renew) + RDAP created 2021-2025; unsold by that owner (sale not checked beyond our sold set),0,none,0,PASS,0.05,0.0,0.0,,,,0,0,0,0,,PROXY: exact-SLD alt-TLD + hyphen .com sites in_use (D1 prospects only),FAIL,FAIL,0.46,0.3,-12.06,DEMAND1,DEMAND-1|LEAD-1(proxy)|EV-1/RATIO-1,0
gunideas.com,gun ideas,2,8,descriptive_other,2025-07-22,2026-07-22,"NameSilo, LLC",10/08/2026 07:45,"SnapNames public deleting list (deletinglist.zip, downloaded 2026-10-06 ~02:08 IDT)",https://www.snapnames.com/file_dl.sn?file=deletinglist.zip,In pending-delete list (owner did not renew) + RDAP created 2021-2025; unsold by that owner (sale not checked beyond our sold set),14,parked,1,PASS_PARKED(-10),0.9,0.05,0.05,,,,0,0,0,0,,PROXY: exact-SLD alt-TLD + hyphen .com sites in_use (D1 prospects only),FAIL,FAIL,0.46,0.3,-12.06,DEMAND1,DEMAND-1|LEAD-1(proxy)|EV-1/RATIO-1,1
contactoption.com,contact option,2,13,descriptive_other,2024-07-23,2026-07-23,Dynadot Inc,10/08/2026 07:45,"SnapNames public deleting list (deletinglist.zip, downloaded 2026-10-06 ~02:08 IDT)",https://www.snapnames.com/file_dl.sn?file=deletinglist.zip,In pending-delete list (owner did not renew) + RDAP created 2021-2025; unsold by that owner (sale not checked beyond our sold set),6,parked,1,PASS_PARKED(-10),0.9,0.05,0.0,,,,0,0,0,0,,PROXY: exact-SLD alt-TLD + hyphen .com sites in_use (D1 prospects only),FAIL,FAIL,0.46,0.3,-12.06,DEMAND1,DEMAND-1|LEAD-1(proxy)|EV-1/RATIO-1,1
yellowdeskconsulting.com,yellow desk consulting,3,20,descriptive_other,2025-07-21,2026-07-21,Wix.com Ltd.,10/06/2026 07:45,"SnapNames public deleting list (deletinglist.zip, downloaded 2026-10-06 ~02:08 IDT)",https://www.snapnames.com/file_dl.sn?file=deletinglist.zip,In pending-delete list (owner did not renew) + RDAP created 2021-2025; unsold by that owner (sale not checked beyond our sold set),0,none,0,PASS,0.0,0.0,0.0,,,,0,0,0,0,,PROXY: exact-SLD alt-TLD + hyphen .com sites in_use (D1 prospects only),FAIL,FAIL,0.46,0.3,-12.06,DEMAND1,DEMAND-1|LEAD-1(proxy)|EV-1/RATIO-1,0
corpsoffshore.com,corps offshore,2,13,descriptive_other,2022-07-19,2026-07-19,Internet Domain Service BS Corp,10/07/2026 07:45,"SnapNames public deleting list (deletinglist.zip, downloaded 2026-10-06 ~02:08 IDT)",https://www.snapnames.com/file_dl.sn?file=deletinglist.zip,In pending-delete list (owner did not renew) + RDAP created 2021-2025; unsold by that owner (sale not checked beyond our sold set),2,content,1,REJECT_CONTENT,0.4,0.1,0.15,,,,0,0,0,0,,PROXY: exact-SLD alt-TLD + hyphen .com sites in_use (D1 prospects only),FAIL,FAIL,0.46,0.3,-12.06,HIST1,HIST-1|DEMAND-1|LEAD-1(proxy)|EV-1/RATIO-1,0
accesscapetown.com,access cape town,3,14,descriptive_other,2025-07-22,2026-07-22,Squarespace Domains II LLC,10/09/2026 07:45,"SnapNames public deleting list (deletinglist.zip, downloaded 2026-10-06 ~02:08 IDT)",https://www.snapnames.com/file_dl.sn?file=deletinglist.zip,In pending-delete list (owner did not renew) + RDAP created 2021-2025; unsold by that owner (sale not checked beyond our sold set),0,none,0,PASS,0.2,0.0,0.05,,,,0,0,0,0,,PROXY: exact-SLD alt-TLD + hyphen .com sites in_use (D1 prospects only),FAIL,FAIL,0.46,0.3,-12.06,DEMAND1,DEMAND-1|LEAD-1(proxy)|EV-1/RATIO-1,0
gorussiatrip.com,go russia trip,3,12,descriptive_other,2025-07-21,2026-07-21,PDR Ltd. d/b/a PublicDomainRegistry.com,10/08/2026 07:45,"SnapNames public deleting list (deletinglist.zip, downloaded 2026-10-06 ~02:08 IDT)",https://www.snapnames.com/file_dl.sn?file=deletinglist.zip,In pending-delete list (owner did not renew) + RDAP created 2021-2025; unsold by that owner (sale not checked beyond our sold set),0,none,0,PASS,0.0,0.0,0.0,67,67,,0,0,0,0,,PROXY: exact-SLD alt-TLD + hyphen .com sites in_use (D1 prospects only),FAIL,FAIL,0.46,0.3,-12.06,DEMAND1,DEMAND-1|LEAD-1(proxy)|EV-1/RATIO-1,0
biohackersport.com,bio hackers port,3,14,descriptive_other,2025-07-18,2026-07-18,"HOSTINGER operations, UAB",10/06/2026 07:45,"SnapNames public deleting list (deletinglist.zip, downloaded 2026-10-06 ~02:08 IDT)",https://www.snapnames.com/file_dl.sn?file=deletinglist.zip,In pending-delete list (owner did not renew) + RDAP created 2021-2025; unsold by that owner (sale not checked beyond our sold set),0,none,0,PASS,0.0,0.0,0.0,,,,0,0,0,0,,PROXY: exact-SLD alt-TLD + hyphen .com sites in_use (D1 prospects only),FAIL,FAIL,0.46,0.3,-12.06,DEMAND1,DEMAND-1|LEAD-1(proxy)|EV-1/RATIO-1,0
vibedriftguide.com,vibe drift guide,3,14,descriptive_other,2025-07-22,2026-07-22,"NameCheap, Inc.",10/09/2026 07:45,"SnapNames public deleting list (deletinglist.zip, downloaded 2026-10-06 ~02:08 IDT)",https://www.snapnames.com/file_dl.sn?file=deletinglist.zip,In pending-delete list (owner did not renew) + RDAP created 2021-2025; unsold by that owner (sale not checked beyond our sold set),0,none,0,PASS,0.0,0.0,0.0,,,,0,0,0,0,,PROXY: exact-SLD alt-TLD + hyphen .com sites in_use (D1 prospects only),FAIL,FAIL,0.46,0.3,-12.06,DEMAND1,DEMAND-1|LEAD-1(proxy)|EV-1/RATIO-1,0
chidomain.com,chi domain,2,9,descriptive_other,2025-07-20,2026-07-20,"GMO Internet Group, Inc. d/b/a Onamae.com",10/07/2026 07:45,"SnapNames public deleting list (deletinglist.zip, downloaded 2026-10-06 ~02:08 IDT)",https://www.snapnames.com/file_dl.sn?file=deletinglist.zip,In pending-delete list (owner did not renew) + RDAP created 2021-2025; unsold by that owner (sale not checked beyond our sold set),9,parked,1,PASS_PARKED(-10),0.9,0.1,0.05,,,,0,0,0,0,,PROXY: exact-SLD alt-TLD + hyphen .com sites in_use (D1 prospects only),FAIL,FAIL,0.46,0.3,-12.06,DEMAND1,DEMAND-1|LEAD-1(proxy)|EV-1/RATIO-1,1
insulinboost.com,insulin boost,2,12,descriptive_other,2021-07-19,2026-07-19,"GoDaddy.com, LLC",10/06/2026 07:45,"SnapNames public deleting list (deletinglist.zip, downloaded 2026-10-06 ~02:08 IDT)",https://www.snapnames.com/file_dl.sn?file=deletinglist.zip,In pending-delete list (owner did not renew) + RDAP created 2021-2025; unsold by that owner (sale not checked beyond our sold set),5,parked,1,PASS_PARKED(-10),0.65,0.1,0.0,,,,0,0,0,0,,PROXY: exact-SLD alt-TLD + hyphen .com sites in_use (D1 prospects only),FAIL,FAIL,0.46,0.3,-12.06,DEMAND1,DEMAND-1|LEAD-1(proxy)|EV-1/RATIO-1,1
scoutandbird.com,scout and bird,3,12,descriptive_other,2025-07-20,2026-07-20,"NameCheap, Inc.",10/06/2026 07:45,"SnapNames public deleting list (deletinglist.zip, downloaded 2026-10-06 ~02:08 IDT)",https://www.snapnames.com/file_dl.sn?file=deletinglist.zip,In pending-delete list (owner did not renew) + RDAP created 2021-2025; unsold by that owner (sale not checked beyond our sold set),16,parked,1,PASS_PARKED(-10),0.05,0.05,0.0,,,,0,0,0,0,,PROXY: exact-SLD alt-TLD + hyphen .com sites in_use (D1 prospects only),FAIL,FAIL,0.46,0.3,-12.06,DEMAND1,DEMAND-1|LEAD-1(proxy)|EV-1/RATIO-1,0
mudrafarm.com,mud raf arm,3,9,descriptive_other,2024-08-19,2026-08-19,Realtime Register B.V.,10/09/2026 07:45,"SnapNames public deleting list (deletinglist.zip, downloaded 2026-10-06 ~02:08 IDT)",https://www.snapnames.com/file_dl.sn?file=deletinglist.zip,In pending-delete list (owner did not renew) + RDAP created 2021-2025; unsold by that owner (sale not checked beyond our sold set),1,none,1,PASS,0.0,0.0,0.0,,,,0,0,0,0,,PROXY: exact-SLD alt-TLD + hyphen .com sites in_use (D1 prospects only),FAIL,FAIL,0.46,0.3,-12.06,DEMAND1,DEMAND-1|LEAD-1(proxy)|EV-1/RATIO-1,0
sunjuicestudio.com,sun juice studio,3,14,descriptive_other,2025-07-21,2026-07-21,Squarespace Domains LLC,10/08/2026 07:45,"SnapNames public deleting list (deletinglist.zip, downloaded 2026-10-06 ~02:08 IDT)",https://www.snapnames.com/file_dl.sn?file=deletinglist.zip,In pending-delete list (owner did not renew) + RDAP created 2021-2025; unsold by that owner (sale not checked beyond our sold set),0,none,0,PASS,0.0,0.0,0.0,,,,0,0,0,0,,PROXY: exact-SLD alt-TLD + hyphen .com sites in_use (D1 prospects only),FAIL,FAIL,0.46,0.3,-12.06,DEMAND1,DEMAND-1|LEAD-1(proxy)|EV-1/RATIO-1,0
shininggroups.com,shining groups,2,13,descriptive_other,2025-08-01,2026-08-01,Gname.com Pte. Ltd.,10/09/2026 07:45,"SnapNames public deleting list (deletinglist.zip, downloaded 2026-10-06 ~02:08 IDT)",https://www.snapnames.com/file_dl.sn?file=deletinglist.zip,In pending-delete list (owner did not renew) + RDAP created 2021-2025; unsold by that owner (sale not checked beyond our sold set),59,content,1,REJECT_CONTENT,0.75,0.2,0.0,,,,0,0,0,0,,PROXY: exact-SLD alt-TLD + hyphen .com sites in_use (D1 prospects only),FAIL,FAIL,0.46,0.3,-12.06,HIST1,HIST-1|DEMAND-1|LEAD-1(proxy)|EV-1/RATIO-1,1
keytonplace.com,key ton place,3,11,descriptive_other,2024-07-22,2026-07-22,"GoDaddy.com, LLC",10/09/2026 07:45,"SnapNames public deleting list (deletinglist.zip, downloaded 2026-10-06 ~02:08 IDT)",https://www.snapnames.com/file_dl.sn?file=deletinglist.zip,In pending-delete list (owner did not renew) + RDAP created 2021-2025; unsold by that owner (sale not checked beyond our sold set),0,none,0,PASS,0.05,0.0,0.0,,,,0,0,0,0,,PROXY: exact-SLD alt-TLD + hyphen .com sites in_use (D1 prospects only),FAIL,FAIL,0.46,0.3,-12.06,DEMAND1,DEMAND-1|LEAD-1(proxy)|EV-1/RATIO-1,0
thronenutrition.com,throne nutrition,2,15,descriptive_other,2025-07-22,2026-07-22,Tucows Domains Inc.,10/08/2026 07:45,"SnapNames public deleting list (deletinglist.zip, downloaded 2026-10-06 ~02:08 IDT)",https://www.snapnames.com/file_dl.sn?file=deletinglist.zip,In pending-delete list (owner did not renew) + RDAP created 2021-2025; unsold by that owner (sale not checked beyond our sold set),1,parked,1,PASS_PARKED(-10),0.7,0.05,0.05,,,,1,0,0,0,,PROXY: exact-SLD alt-TLD + hyphen .com sites in_use (D1 prospects only),FAIL,FAIL,0.46,0.3,-12.06,DEMAND1,DEMAND-1|LEAD-1(proxy)|EV-1/RATIO-1,1
onlylatin.com,only latin,2,9,descriptive_other,2025-07-24,2026-07-24,"Cloudflare, Inc.",10/09/2026 07:45,"SnapNames public deleting list (deletinglist.zip, downloaded 2026-10-06 ~02:08 IDT)",https://www.snapnames.com/file_dl.sn?file=deletinglist.zip,In pending-delete list (owner did not renew) + RDAP created 2021-2025; unsold by that owner (sale not checked beyond our sold set),24,parked,1,PASS_PARKED(-10),0.8,0.05,0.1,,,,0,0,0,0,,PROXY: exact-SLD alt-TLD + hyphen .com sites in_use (D1 prospects only),FAIL,FAIL,0.46,0.3,-12.06,DEMAND1,DEMAND-1|LEAD-1(proxy)|EV-1/RATIO-1,1
thinkcustomersupport.com,think customer support,3,20,descriptive_other,2024-07-22,2026-07-22,"Spaceship, Inc.",10/09/2026 07:45,"SnapNames public deleting list (deletinglist.zip, downloaded 2026-10-06 ~02:08 IDT)",https://www.snapnames.com/file_dl.sn?file=deletinglist.zip,In pending-delete list (owner did not renew) + RDAP created 2021-2025; unsold by that owner (sale not checked beyond our sold set),0,none,0,PASS,0.05,0.0,0.05,,,,0,0,0,0,,PROXY: exact-SLD alt-TLD + hyphen .com sites in_use (D1 prospects only),FAIL,FAIL,0.46,0.3,-12.06,DEMAND1,DEMAND-1|LEAD-1(proxy)|EV-1/RATIO-1,0
ubermydiet.com,uber my diet,3,10,descriptive_other,2022-08-03,2026-08-03,IONOS SE,10/09/2026 07:45,"SnapNames public deleting list (deletinglist.zip, downloaded 2026-10-06 ~02:08 IDT)",https://www.snapnames.com/file_dl.sn?file=deletinglist.zip,In pending-delete list (owner did not renew) + RDAP created 2021-2025; unsold by that owner (sale not checked beyond our sold set),1,none,1,REJECT_REDIRECT,0.05,0.0,0.0,,,,0,0,0,0,,PROXY: exact-SLD alt-TLD + hyphen .com sites in_use (D1 prospects only),FAIL,FAIL,0.46,0.3,-12.06,HIST1,HIST-1|DEMAND-1|LEAD-1(proxy)|EV-1/RATIO-1,0
streetchicgirl.com,street chic girl,3,14,descriptive_other,2025-07-21,2026-07-21,"Cloudflare, Inc.",10/06/2026 07:45,"SnapNames public deleting list (deletinglist.zip, downloaded 2026-10-06 ~02:08 IDT)",https://www.snapnames.com/file_dl.sn?file=deletinglist.zip,In pending-delete list (owner did not renew) + RDAP created 2021-2025; unsold by that owner (sale not checked beyond our sold set),3,none,1,REJECT_REDIRECT,0.0,0.0,0.0,,,,0,0,0,0,,PROXY: exact-SLD alt-TLD + hyphen .com sites in_use (D1 prospects only),FAIL,FAIL,0.46,0.3,-12.06,HIST1,HIST-1|DEMAND-1|LEAD-1(proxy)|EV-1/RATIO-1,0
notteam.com,not team,2,7,descriptive_other,2025-07-23,2026-07-23,Dynadot Inc,10/08/2026 07:45,"SnapNames public deleting list (deletinglist.zip, downloaded 2026-10-06 ~02:08 IDT)",https://www.snapnames.com/file_dl.sn?file=deletinglist.zip,In pending-delete list (owner did not renew) + RDAP created 2021-2025; unsold by that owner (sale not checked beyond our sold set),4,parked,1,PASS_PARKED(-10),0.9,0.3,0.05,175,175,39,1,0,0,0,,PROXY: exact-SLD alt-TLD + hyphen .com sites in_use (D1 prospects only),FAIL,PASS,0.46,0.3,-12.06,LEAD1,LEAD-1(proxy)|EV-1/RATIO-1,1
aledesignedit.com,ale designed it,3,13,descriptive_other,2025-07-20,2026-07-20,Squarespace Domains LLC,10/07/2026 07:45,"SnapNames public deleting list (deletinglist.zip, downloaded 2026-10-06 ~02:08 IDT)",https://www.snapnames.com/file_dl.sn?file=deletinglist.zip,In pending-delete list (owner did not renew) + RDAP created 2021-2025; unsold by that owner (sale not checked beyond our sold set),0,none,0,PASS,0.0,0.0,0.0,,,,0,0,0,0,,PROXY: exact-SLD alt-TLD + hyphen .com sites in_use (D1 prospects only),FAIL,FAIL,0.46,0.3,-12.06,DEMAND1,DEMAND-1|LEAD-1(proxy)|EV-1/RATIO-1,0
simplyblessedlife.com,simply blessed life,3,17,descriptive_other,2024-07-22,2026-07-22,"Network Solutions, LLC",10/09/2026 07:45,"SnapNames public deleting list (deletinglist.zip, downloaded 2026-10-06 ~02:08 IDT)",https://www.snapnames.com/file_dl.sn?file=deletinglist.zip,In pending-delete list (owner did not renew) + RDAP created 2021-2025; unsold by that owner (sale not checked beyond our sold set),19,content,1,REJECT_CONTENT,0.0,0.0,0.0,550,550,,1,0,0,0,,PROXY: exact-SLD alt-TLD + hyphen .com sites in_use (D1 prospects only),FAIL,FAIL,0.46,0.3,-12.06,HIST1,HIST-1|DEMAND-1|LEAD-1(proxy)|EV-1/RATIO-1,0
thedoubleshots.com,the double shots,3,14,descriptive_other,2023-07-19,2026-07-19,Unstoppable Domains Inc.,10/06/2026 07:45,"SnapNames public deleting list (deletinglist.zip, downloaded 2026-10-06 ~02:08 IDT)",https://www.snapnames.com/file_dl.sn?file=deletinglist.zip,In pending-delete list (owner did not renew) + RDAP created 2021-2025; unsold by that owner (sale not checked beyond our sold set),33,parked,1,PASS_PARKED(-10),0.05,0.0,0.0,,,,0,0,0,0,,PROXY: exact-SLD alt-TLD + hyphen .com sites in_use (D1 prospects only),FAIL,FAIL,0.46,0.3,-12.06,DEMAND1,DEMAND-1|LEAD-1(proxy)|EV-1/RATIO-1,0
thejourneycoin.com,the journey coin,3,14,descriptive_other,2025-07-22,2026-07-22,"GoDaddy.com, LLC",10/09/2026 07:45,"SnapNames public deleting list (deletinglist.zip, downloaded 2026-10-06 ~02:08 IDT)",https://www.snapnames.com/file_dl.sn?file=deletinglist.zip,In pending-delete list (owner did not renew) + RDAP created 2021-2025; unsold by that owner (sale not checked beyond our sold set),1,parked,1,PASS_PARKED(-10),0.15,0.0,0.0,,,,0,0,0,0,,PROXY: exact-SLD alt-TLD + hyphen .com sites in_use (D1 prospects only),FAIL,FAIL,0.46,0.3,-12.06,DEMAND1,DEMAND-1|LEAD-1(proxy)|EV-1/RATIO-1,0
thecozystore.com,the cozy store,3,12,descriptive_other,2025-07-19,2026-07-19,Freshbreweddomains.com LLC,10/08/2026 07:45,"SnapNames public deleting list (deletinglist.zip, downloaded 2026-10-06 ~02:08 IDT)",https://www.snapnames.com/file_dl.sn?file=deletinglist.zip,In pending-delete list (owner did not renew) + RDAP created 2021-2025; unsold by that owner (sale not checked beyond our sold set),7,parked,1,PASS_PARKED(-10),0.15,0.05,0.0,,,,0,0,0,0,,PROXY: exact-SLD alt-TLD + hyphen .com sites in_use (D1 prospects only),FAIL,FAIL,0.46,0.3,-12.06,DEMAND1,DEMAND-1|LEAD-1(proxy)|EV-1/RATIO-1,0
remoteassociate.com,remote associate,2,15,descriptive_other,2025-07-17,2026-07-17,"SNAPNAMES 29, LLC",10/06/2026 07:45,"SnapNames public deleting list (deletinglist.zip, downloaded 2026-10-06 ~02:08 IDT)",https://www.snapnames.com/file_dl.sn?file=deletinglist.zip,In pending-delete list (owner did not renew) + RDAP created 2021-2025; unsold by that owner (sale not checked beyond our sold set),29,parked,1,PASS_PARKED(-10),0.7,0.05,0.05,,,,1,0,0,0,,PROXY: exact-SLD alt-TLD + hyphen .com sites in_use (D1 prospects only),FAIL,FAIL,0.46,0.3,-12.06,DEMAND1,DEMAND-1|LEAD-1(proxy)|EV-1/RATIO-1,1
holyislandfilm.com,holy island film,3,14,descriptive_other,2025-07-31,2026-07-31,Gname.com Pte. Ltd.,10/08/2026 07:45,"SnapNames public deleting list (deletinglist.zip, downloaded 2026-10-06 ~02:08 IDT)",https://www.snapnames.com/file_dl.sn?file=deletinglist.zip,In pending-delete list (owner did not renew) + RDAP created 2021-2025; unsold by that owner (sale not checked beyond our sold set),13,content,1,REJECT_CONTENT,0.0,0.0,0.0,,,,0,0,0,0,,PROXY: exact-SLD alt-TLD + hyphen .com sites in_use (D1 prospects only),FAIL,FAIL,0.46,0.3,-12.06,HIST1,HIST-1|DEMAND-1|LEAD-1(proxy)|EV-1/RATIO-1,0
solanaphone.com,sol ana phone,3,11,descriptive_other,2025-07-29,2026-07-29,Gname 088 Inc,10/06/2026 07:45,"SnapNames public deleting list (deletinglist.zip, downloaded 2026-10-06 ~02:08 IDT)",https://www.snapnames.com/file_dl.sn?file=deletinglist.zip,In pending-delete list (owner did not renew) + RDAP created 2021-2025; unsold by that owner (sale not checked beyond our sold set),2,parked,1,PASS_PARKED(-10),0.35,0.05,0.0,,,,0,0,0,0,,PROXY: exact-SLD alt-TLD + hyphen .com sites in_use (D1 prospects only),FAIL,FAIL,0.46,0.3,-12.06,DEMAND1,DEMAND-1|LEAD-1(proxy)|EV-1/RATIO-1,0
tommillerdesign.com,tom miller design,3,15,descriptive_other,2022-08-16,2026-08-16,Realtime Register B.V.,10/06/2026 07:45,"SnapNames public deleting list (deletinglist.zip, downloaded 2026-10-06 ~02:08 IDT)",https://www.snapnames.com/file_dl.sn?file=deletinglist.zip,In pending-delete list (owner did not renew) + RDAP created 2021-2025; unsold by that owner (sale not checked beyond our sold set),1,content,1,REJECT_CONTENT,0.0,0.0,0.0,,,,0,0,0,0,,PROXY: exact-SLD alt-TLD + hyphen .com sites in_use (D1 prospects only),FAIL,FAIL,0.46,0.3,-12.06,HIST1,HIST-1|DEMAND-1|LEAD-1(proxy)|EV-1/RATIO-1,0
violetprints.com,violet prints,2,12,descriptive_other,2025-07-19,2026-07-19,"HOSTINGER operations, UAB",10/07/2026 07:45,"SnapNames public deleting list (deletinglist.zip, downloaded 2026-10-06 ~02:08 IDT)",https://www.snapnames.com/file_dl.sn?file=deletinglist.zip,In pending-delete list (owner did not renew) + RDAP created 2021-2025; unsold by that owner (sale not checked beyond our sold set),11,content,1,REJECT_CONTENT,0.95,0.15,0.05,,,,0,0,0,0,,PROXY: exact-SLD alt-TLD + hyphen .com sites in_use (D1 prospects only),FAIL,FAIL,0.46,0.3,-12.06,HIST1,HIST-1|DEMAND-1|LEAD-1(proxy)|EV-1/RATIO-1,1
labelconceptsinc.com,label concepts inc,3,16,descriptive_other,2024-07-22,2026-07-22,"NameCheap, Inc.",10/09/2026 07:45,"SnapNames public deleting list (deletinglist.zip, downloaded 2026-10-06 ~02:08 IDT)",https://www.snapnames.com/file_dl.sn?file=deletinglist.zip,In pending-delete list (owner did not renew) + RDAP created 2021-2025; unsold by that owner (sale not checked beyond our sold set),76,content,1,REJECT_CONTENT,0.05,0.05,0.0,,,,0,0,0,0,,PROXY: exact-SLD alt-TLD + hyphen .com sites in_use (D1 prospects only),FAIL,FAIL,0.46,0.3,-12.06,HIST1,HIST-1|DEMAND-1|LEAD-1(proxy)|EV-1/RATIO-1,0
thegoodrose.com,the good rose,3,11,descriptive_other,2022-07-19,2026-07-19,"HOSTINGER operations, UAB",10/07/2026 07:45,"SnapNames public deleting list (deletinglist.zip, downloaded 2026-10-06 ~02:08 IDT)",https://www.snapnames.com/file_dl.sn?file=deletinglist.zip,In pending-delete list (owner did not renew) + RDAP created 2021-2025; unsold by that owner (sale not checked beyond our sold set),22,forsale,1,PASS_PARKED(-10),0.45,0.1,0.05,,,,0,0,0,0,,PROXY: exact-SLD alt-TLD + hyphen .com sites in_use (D1 prospects only),FAIL,FAIL,0.46,0.3,-12.06,DEMAND1,DEMAND-1|LEAD-1(proxy)|EV-1/RATIO-1,0
heavenlists.com,heaven lists,2,11,descriptive_other,2021-07-31,2026-07-31,Gname.com Pte. Ltd.,10/08/2026 07:45,"SnapNames public deleting list (deletinglist.zip, downloaded 2026-10-06 ~02:08 IDT)",https://www.snapnames.com/file_dl.sn?file=deletinglist.zip,In pending-delete list (owner did not renew) + RDAP created 2021-2025; unsold by that owner (sale not checked beyond our sold set),3,none,1,REJECT_REDIRECT,0.75,0.0,0.1,,,,0,0,0,0,,PROXY: exact-SLD alt-TLD + hyphen .com sites in_use (D1 prospects only),FAIL,FAIL,0.46,0.3,-12.06,HIST1,HIST-1|DEMAND-1|LEAD-1(proxy)|EV-1/RATIO-1,1
luckingwork.com,luck ing work,3,11,descriptive_other,2022-07-22,2026-07-22,Alibaba Cloud Computing Ltd. d/b/a HiChina (www.net.cn),10/06/2026 07:45,"SnapNames public deleting list (deletinglist.zip, downloaded 2026-10-06 ~02:08 IDT)",https://www.snapnames.com/file_dl.sn?file=deletinglist.zip,In pending-delete list (owner did not renew) + RDAP created 2021-2025; unsold by that owner (sale not checked beyond our sold set),0,none,0,PASS,0.2,0.0,0.0,,,,0,0,0,0,,PROXY: exact-SLD alt-TLD + hyphen .com sites in_use (D1 prospects only),FAIL,FAIL,0.46,0.3,-12.06,DEMAND1,DEMAND-1|LEAD-1(proxy)|EV-1/RATIO-1,0
nowpossibilityagency.com,now possibility agency,3,20,descriptive_other,2025-07-22,2026-07-22,Dynadot Inc,10/07/2026 07:45,"SnapNames public deleting list (deletinglist.zip, downloaded 2026-10-06 ~02:08 IDT)",https://www.snapnames.com/file_dl.sn?file=deletinglist.zip,In pending-delete list (owner did not renew) + RDAP created 2021-2025; unsold by that owner (sale not checked beyond our sold set),0,none,0,PASS,0.0,0.0,0.0,,,68,0,0,0,0,,PROXY: exact-SLD alt-TLD + hyphen .com sites in_use (D1 prospects only),FAIL,FAIL,0.46,0.3,-12.06,DEMAND1,DEMAND-1|LEAD-1(proxy)|EV-1/RATIO-1,0
businessbookrack.com,business book rack,3,16,descriptive_other,2023-07-19,2026-07-19,"NameCheap, Inc.",10/06/2026 07:45,"SnapNames public deleting list (deletinglist.zip, downloaded 2026-10-06 ~02:08 IDT)",https://www.snapnames.com/file_dl.sn?file=deletinglist.zip,In pending-delete list (owner did not renew) + RDAP created 2021-2025; unsold by that owner (sale not checked beyond our sold set),0,none,0,PASS,0.15,0.05,0.0,,,,0,0,0,0,,PROXY: exact-SLD alt-TLD + hyphen .com sites in_use (D1 prospects only),FAIL,FAIL,0.46,0.3,-12.06,DEMAND1,DEMAND-1|LEAD-1(proxy)|EV-1/RATIO-1,0
valuepartnersinvestor.com,value partners investor,3,21,descriptive_other,2022-07-18,2026-07-18,"Amazon Registrar, Inc.",10/06/2026 07:45,"SnapNames public deleting list (deletinglist.zip, downloaded 2026-10-06 ~02:08 IDT)",https://www.snapnames.com/file_dl.sn?file=deletinglist.zip,In pending-delete list (owner did not renew) + RDAP created 2021-2025; unsold by that owner (sale not checked beyond our sold set),0,none,0,PASS,0.0,0.0,0.0,,,,0,0,0,0,,PROXY: exact-SLD alt-TLD + hyphen .com sites in_use (D1 prospects only),FAIL,FAIL,0.46,0.3,-12.06,DEMAND1,DEMAND-1|LEAD-1(proxy)|EV-1/RATIO-1,0
globalcockfighting.com,global cock fighting,3,18,descriptive_other,2025-07-19,2026-07-19,"HOSTINGER operations, UAB",10/07/2026 07:45,"SnapNames public deleting list (deletinglist.zip, downloaded 2026-10-06 ~02:08 IDT)",https://www.snapnames.com/file_dl.sn?file=deletinglist.zip,In pending-delete list (owner did not renew) + RDAP created 2021-2025; unsold by that owner (sale not checked beyond our sold set),1,parked,1,PASS_PARKED(-10),0.0,0.0,0.0,,,391,0,0,0,0,,PROXY: exact-SLD alt-TLD + hyphen .com sites in_use (D1 prospects only),FAIL,FAIL,0.46,0.3,-12.06,DEMAND1,DEMAND-1|LEAD-1(proxy)|EV-1/RATIO-1,0
kaideeeveryday.com,kai dee everyday,3,14,descriptive_other,2025-07-19,2026-07-19,"Wild West Domains, LLC",10/06/2026 07:45,"SnapNames public deleting list (deletinglist.zip, downloaded 2026-10-06 ~02:08 IDT)",https://www.snapnames.com/file_dl.sn?file=deletinglist.zip,In pending-delete list (owner did not renew) + RDAP created 2021-2025; unsold by that owner (sale not checked beyond our sold set),0,none,0,PASS,0.0,0.0,0.0,,,,0,0,0,0,,PROXY: exact-SLD alt-TLD + hyphen .com sites in_use (D1 prospects only),FAIL,FAIL,0.46,0.3,-12.06,DEMAND1,DEMAND-1|LEAD-1(proxy)|EV-1/RATIO-1,0
ronpaulmarch.com,ron paul march,3,12,descriptive_other,2025-07-22,2026-07-22,"NameCheap, Inc.",10/09/2026 07:45,"SnapNames public deleting list (deletinglist.zip, downloaded 2026-10-06 ~02:08 IDT)",https://www.snapnames.com/file_dl.sn?file=deletinglist.zip,In pending-delete list (owner did not renew) + RDAP created 2021-2025; unsold by that owner (sale not checked beyond our sold set),23,content,1,REJECT_CONTENT,0.0,0.0,0.0,,,,0,0,0,0,,PROXY: exact-SLD alt-TLD + hyphen .com sites in_use (D1 prospects only),FAIL,FAIL,0.46,0.3,-12.06,HIST1,HIST-1|DEMAND-1|LEAD-1(proxy)|EV-1/RATIO-1,0
lovetargetlocal.com,love target local,3,15,descriptive_other,2025-07-22,2026-07-22,"NameCheap, Inc.",10/09/2026 07:45,"SnapNames public deleting list (deletinglist.zip, downloaded 2026-10-06 ~02:08 IDT)",https://www.snapnames.com/file_dl.sn?file=deletinglist.zip,In pending-delete list (owner did not renew) + RDAP created 2021-2025; unsold by that owner (sale not checked beyond our sold set),0,none,0,PASS,0.05,0.0,0.0,,,,0,0,0,0,,PROXY: exact-SLD alt-TLD + hyphen .com sites in_use (D1 prospects only),FAIL,FAIL,0.46,0.3,-12.06,DEMAND1,DEMAND-1|LEAD-1(proxy)|EV-1/RATIO-1,0
luckyqueengrace.com,lucky queen grace,3,15,descriptive_other,2025-07-21,2026-07-21,"Spaceship, Inc.",10/08/2026 07:45,"SnapNames public deleting list (deletinglist.zip, downloaded 2026-10-06 ~02:08 IDT)",https://www.snapnames.com/file_dl.sn?file=deletinglist.zip,In pending-delete list (owner did not renew) + RDAP created 2021-2025; unsold by that owner (sale not checked beyond our sold set),0,none,0,PASS,0.0,0.0,0.0,,,,0,0,0,0,,PROXY: exact-SLD alt-TLD + hyphen .com sites in_use (D1 prospects only),FAIL,FAIL,0.46,0.3,-12.06,DEMAND1,DEMAND-1|LEAD-1(proxy)|EV-1/RATIO-1,0
bloodcommander.com,blood commander,2,14,descriptive_other,2025-07-22,2026-07-22,"NameCheap, Inc.",10/09/2026 07:45,"SnapNames public deleting list (deletinglist.zip, downloaded 2026-10-06 ~02:08 IDT)",https://www.snapnames.com/file_dl.sn?file=deletinglist.zip,In pending-delete list (owner did not renew) + RDAP created 2021-2025; unsold by that owner (sale not checked beyond our sold set),0,none,0,PASS,0.85,0.2,0.05,,,,2,0,0,0,,PROXY: exact-SLD alt-TLD + hyphen .com sites in_use (D1 prospects only),FAIL,FAIL,0.46,0.3,-12.06,DEMAND1,DEMAND-1|LEAD-1(proxy)|EV-1/RATIO-1,0
messtoo.com,mess too,2,7,descriptive_other,2021-07-22,2026-07-22,"GoDaddy.com, LLC",10/09/2026 07:45,"SnapNames public deleting list (deletinglist.zip, downloaded 2026-10-06 ~02:08 IDT)",https://www.snapnames.com/file_dl.sn?file=deletinglist.zip,In pending-delete list (owner did not renew) + RDAP created 2021-2025; unsold by that owner (sale not checked beyond our sold set),0,none,0,PASS,0.45,0.05,0.0,,,,0,0,0,0,,PROXY: exact-SLD alt-TLD + hyphen .com sites in_use (D1 prospects only),FAIL,FAIL,0.46,0.3,-12.06,DEMAND1,DEMAND-1|LEAD-1(proxy)|EV-1/RATIO-1,0
pixellace.com,pixel lace,2,9,descriptive_other,2025-07-26,2026-07-26,"Inames Co., Ltd.",10/09/2026 07:45,"SnapNames public deleting list (deletinglist.zip, downloaded 2026-10-06 ~02:08 IDT)",https://www.snapnames.com/file_dl.sn?file=deletinglist.zip,In pending-delete list (owner did not renew) + RDAP created 2021-2025; unsold by that owner (sale not checked beyond our sold set),4,content,1,REJECT_CONTENT,0.8,0.2,0.15,,,,0,0,0,0,,PROXY: exact-SLD alt-TLD + hyphen .com sites in_use (D1 prospects only),FAIL,FAIL,0.46,0.3,-12.06,HIST1,HIST-1|DEMAND-1|LEAD-1(proxy)|EV-1/RATIO-1,1
voidcommandgaming.com,void command gaming,3,17,descriptive_other,2025-08-01,2026-08-01,Webnames.ca Inc.,10/08/2026 07:45,"SnapNames public deleting list (deletinglist.zip, downloaded 2026-10-06 ~02:08 IDT)",https://www.snapnames.com/file_dl.sn?file=deletinglist.zip,In pending-delete list (owner did not renew) + RDAP created 2021-2025; unsold by that owner (sale not checked beyond our sold set),0,none,0,PASS,0.0,0.0,0.0,,,,0,0,0,0,,PROXY: exact-SLD alt-TLD + hyphen .com sites in_use (D1 prospects only),FAIL,FAIL,0.46,0.3,-12.06,DEMAND1,DEMAND-1|LEAD-1(proxy)|EV-1/RATIO-1,0
bagsoutletssupport.com,bags outlets support,3,18,descriptive_other,2025-08-03,2026-08-03,Xin Net Technology Corporation,10/09/2026 07:45,"SnapNames public deleting list (deletinglist.zip, downloaded 2026-10-06 ~02:08 IDT)",https://www.snapnames.com/file_dl.sn?file=deletinglist.zip,In pending-delete list (owner did not renew) + RDAP created 2021-2025; unsold by that owner (sale not checked beyond our sold set),2,none,1,PASS,0.0,0.0,0.0,,,,0,0,0,0,,PROXY: exact-SLD alt-TLD + hyphen .com sites in_use (D1 prospects only),FAIL,FAIL,0.46,0.3,-12.06,DEMAND1,DEMAND-1|LEAD-1(proxy)|EV-1/RATIO-1,0
shinestoreperu.com,shine store peru,3,14,descriptive_other,2024-07-23,2026-07-23,"NameCheap, Inc.",10/09/2026 07:45,"SnapNames public deleting list (deletinglist.zip, downloaded 2026-10-06 ~02:08 IDT)",https://www.snapnames.com/file_dl.sn?file=deletinglist.zip,In pending-delete list (owner did not renew) + RDAP created 2021-2025; unsold by that owner (sale not checked beyond our sold set),1,none,1,PASS,0.05,0.05,0.0,,,,0,0,0,0,,PROXY: exact-SLD alt-TLD + hyphen .com sites in_use (D1 prospects only),FAIL,FAIL,0.46,0.3,-12.06,DEMAND1,DEMAND-1|LEAD-1(proxy)|EV-1/RATIO-1,0
myfamilytee.com,my family tee,3,11,descriptive_other,2025-07-22,2026-07-22,"NameCheap, Inc.",10/08/2026 07:45,"SnapNames public deleting list (deletinglist.zip, downloaded 2026-10-06 ~02:08 IDT)",https://www.snapnames.com/file_dl.sn?file=deletinglist.zip,In pending-delete list (owner did not renew) + RDAP created 2021-2025; unsold by that owner (sale not checked beyond our sold set),61,parked,1,PASS_PARKED(-10),0.15,0.0,0.0,,,,0,0,0,0,,PROXY: exact-SLD alt-TLD + hyphen .com sites in_use (D1 prospects only),FAIL,FAIL,0.46,0.3,-12.06,DEMAND1,DEMAND-1|LEAD-1(proxy)|EV-1/RATIO-1,0
hypersoftsolutions.com,hyper soft solutions,3,18,descriptive_other,2023-07-21,2026-07-21,Launchpad.com Inc.,10/09/2026 07:45,"SnapNames public deleting list (deletinglist.zip, downloaded 2026-10-06 ~02:08 IDT)",https://www.snapnames.com/file_dl.sn?file=deletinglist.zip,In pending-delete list (owner did not renew) + RDAP created 2021-2025; unsold by that owner (sale not checked beyond our sold set),102,content,1,REJECT_CONTENT,0.35,0.1,0.05,,,,1,0,0,0,,PROXY: exact-SLD alt-TLD + hyphen .com sites in_use (D1 prospects only),FAIL,FAIL,0.46,0.3,-12.06,HIST1,HIST-1|DEMAND-1|LEAD-1(proxy)|EV-1/RATIO-1,0
newperceptionpath.com,new perception path,3,17,descriptive_other,2025-07-22,2026-07-22,Squarespace Domains LLC,10/09/2026 07:45,"SnapNames public deleting list (deletinglist.zip, downloaded 2026-10-06 ~02:08 IDT)",https://www.snapnames.com/file_dl.sn?file=deletinglist.zip,In pending-delete list (owner did not renew) + RDAP created 2021-2025; unsold by that owner (sale not checked beyond our sold set),0,none,0,PASS,0.05,0.0,0.0,,,,0,0,0,0,,PROXY: exact-SLD alt-TLD + hyphen .com sites in_use (D1 prospects only),FAIL,FAIL,0.46,0.3,-12.06,DEMAND1,DEMAND-1|LEAD-1(proxy)|EV-1/RATIO-1,0
getneoagency.com,get neo agency,3,12,descriptive_other,2025-07-17,2026-07-17,Porkbun LLC,10/06/2026 07:45,"SnapNames public deleting list (deletinglist.zip, downloaded 2026-10-06 ~02:08 IDT)",https://www.snapnames.com/file_dl.sn?file=deletinglist.zip,In pending-delete list (owner did not renew) + RDAP created 2021-2025; unsold by that owner (sale not checked beyond our sold set),0,none,0,PASS,0.1,0.0,0.0,,,,0,0,0,0,,PROXY: exact-SLD alt-TLD + hyphen .com sites in_use (D1 prospects only),FAIL,FAIL,0.46,0.3,-12.06,DEMAND1,DEMAND-1|LEAD-1(proxy)|EV-1/RATIO-1,0
gearshiftsystems.com,gear shift systems,3,16,descriptive_other,2025-07-20,2026-07-20,"NameCheap, Inc.",10/07/2026 07:45,"SnapNames public deleting list (deletinglist.zip, downloaded 2026-10-06 ~02:08 IDT)",https://www.snapnames.com/file_dl.sn?file=deletinglist.zip,In pending-delete list (owner did not renew) + RDAP created 2021-2025; unsold by that owner (sale not checked beyond our sold set),0,none,0,PASS,0.1,0.0,0.05,,,36,0,0,0,0,,PROXY: exact-SLD alt-TLD + hyphen .com sites in_use (D1 prospects only),FAIL,FAIL,0.46,0.3,-12.06,DEMAND1,DEMAND-1|LEAD-1(proxy)|EV-1/RATIO-1,0
gurutransportationclub.com,guru transportation club,3,22,descriptive_other,2025-08-06,2026-08-06,IONOS SE,10/09/2026 07:45,"SnapNames public deleting list (deletinglist.zip, downloaded 2026-10-06 ~02:08 IDT)",https://www.snapnames.com/file_dl.sn?file=deletinglist.zip,In pending-delete list (owner did not renew) + RDAP created 2021-2025; unsold by that owner (sale not checked beyond our sold set),0,none,0,PASS,0.0,0.0,0.0,,,,0,0,0,0,,PROXY: exact-SLD alt-TLD + hyphen .com sites in_use (D1 prospects only),FAIL,FAIL,0.46,0.3,-12.06,DEMAND1,DEMAND-1|LEAD-1(proxy)|EV-1/RATIO-1,0
okayaway.com,okay away,2,8,descriptive_other,2025-07-21,2026-07-21,"GoDaddy.com, LLC",10/08/2026 07:45,"SnapNames public deleting list (deletinglist.zip, downloaded 2026-10-06 ~02:08 IDT)",https://www.snapnames.com/file_dl.sn?file=deletinglist.zip,In pending-delete list (owner did not renew) + RDAP created 2021-2025; unsold by that owner (sale not checked beyond our sold set),9,content,1,REJECT_CONTENT,0.65,0.05,0.0,,,,0,0,0,0,,PROXY: exact-SLD alt-TLD + hyphen .com sites in_use (D1 prospects only),FAIL,FAIL,0.46,0.3,-12.06,HIST1,HIST-1|DEMAND-1|LEAD-1(proxy)|EV-1/RATIO-1,1
elitevitalnutrition.com,elite vital nutrition,3,19,descriptive_other,2025-07-22,2026-07-22,"GoDaddy.com, LLC",10/09/2026 07:45,"SnapNames public deleting list (deletinglist.zip, downloaded 2026-10-06 ~02:08 IDT)",https://www.snapnames.com/file_dl.sn?file=deletinglist.zip,In pending-delete list (owner did not renew) + RDAP created 2021-2025; unsold by that owner (sale not checked beyond our sold set),0,none,0,PASS,0.05,0.0,0.05,,,,0,0,0,0,,PROXY: exact-SLD alt-TLD + hyphen .com sites in_use (D1 prospects only),FAIL,FAIL,0.46,0.3,-12.06,DEMAND1,DEMAND-1|LEAD-1(proxy)|EV-1/RATIO-1,0
newsportaltoday.com,news portal today,3,15,descriptive_other,2023-07-21,2026-07-21,"NameCheap, Inc.",10/08/2026 07:45,"SnapNames public deleting list (deletinglist.zip, downloaded 2026-10-06 ~02:08 IDT)",https://www.snapnames.com/file_dl.sn?file=deletinglist.zip,In pending-delete list (owner did not renew) + RDAP created 2021-2025; unsold by that owner (sale not checked beyond our sold set),1,content,1,REJECT_CONTENT,0.0,0.0,0.0,154,154,138,0,0,0,0,,PROXY: exact-SLD alt-TLD + hyphen .com sites in_use (D1 prospects only),FAIL,FAIL,0.46,0.3,-12.06,HIST1,HIST-1|DEMAND-1|LEAD-1(proxy)|EV-1/RATIO-1,0
commonthreadconnection.com,common thread connection,3,22,descriptive_other,2025-07-21,2026-07-21,"NameCheap, Inc.",10/08/2026 07:45,"SnapNames public deleting list (deletinglist.zip, downloaded 2026-10-06 ~02:08 IDT)",https://www.snapnames.com/file_dl.sn?file=deletinglist.zip,In pending-delete list (owner did not renew) + RDAP created 2021-2025; unsold by that owner (sale not checked beyond our sold set),0,none,0,PASS,0.05,0.0,0.0,,,,0,0,0,0,,PROXY: exact-SLD alt-TLD + hyphen .com sites in_use (D1 prospects only),FAIL,FAIL,0.46,0.3,-12.06,DEMAND1,DEMAND-1|LEAD-1(proxy)|EV-1/RATIO-1,0
cafeheal.com,cafe heal,2,8,descriptive_other,2023-07-24,2026-07-24,Dynadot Inc,10/09/2026 07:45,"SnapNames public deleting list (deletinglist.zip, downloaded 2026-10-06 ~02:08 IDT)",https://www.snapnames.com/file_dl.sn?file=deletinglist.zip,In pending-delete list (owner did not renew) + RDAP created 2021-2025; unsold by that owner (sale not checked beyond our sold set),9,forsale,1,PASS_PARKED(-10),0.75,0.1,0.1,,,,0,0,0,0,,PROXY: exact-SLD alt-TLD + hyphen .com sites in_use (D1 prospects only),FAIL,FAIL,0.46,0.3,-12.06,DEMAND1,DEMAND-1|LEAD-1(proxy)|EV-1/RATIO-1,1
studentathletefund.com,student athlete fund,3,18,descriptive_other,2025-07-21,2026-07-21,"GoDaddy.com, LLC",10/07/2026 07:45,"SnapNames public deleting list (deletinglist.zip, downloaded 2026-10-06 ~02:08 IDT)",https://www.snapnames.com/file_dl.sn?file=deletinglist.zip,In pending-delete list (owner did not renew) + RDAP created 2021-2025; unsold by that owner (sale not checked beyond our sold set),0,none,0,PASS,0.1,0.05,0.05,,,,0,0,0,0,,PROXY: exact-SLD alt-TLD + hyphen .com sites in_use (D1 prospects only),FAIL,FAIL,0.46,0.3,-12.06,DEMAND1,DEMAND-1|LEAD-1(proxy)|EV-1/RATIO-1,0
eraholdingscorp.com,era holdings corp,3,15,descriptive_other,2023-07-18,2026-07-18,"Network Solutions, LLC",10/06/2026 07:45,"SnapNames public deleting list (deletinglist.zip, downloaded 2026-10-06 ~02:08 IDT)",https://www.snapnames.com/file_dl.sn?file=deletinglist.zip,In pending-delete list (owner did not renew) + RDAP created 2021-2025; unsold by that owner (sale not checked beyond our sold set),0,none,0,PASS,0.0,0.0,0.0,,,,0,0,0,0,,PROXY: exact-SLD alt-TLD + hyphen .com sites in_use (D1 prospects only),FAIL,FAIL,0.46,0.3,-12.06,DEMAND1,DEMAND-1|LEAD-1(proxy)|EV-1/RATIO-1,0
timesgem.com,times gem,2,8,descriptive_other,2023-07-30,2026-07-30,"Hefei Juming Network Technology Co., Ltd",10/07/2026 07:45,"SnapNames public deleting list (deletinglist.zip, downloaded 2026-10-06 ~02:08 IDT)",https://www.snapnames.com/file_dl.sn?file=deletinglist.zip,In pending-delete list (owner did not renew) + RDAP created 2021-2025; unsold by that owner (sale not checked beyond our sold set),5,forsale,1,PASS_PARKED(-10),0.8,0.05,0.15,,,,0,0,0,0,,PROXY: exact-SLD alt-TLD + hyphen .com sites in_use (D1 prospects only),FAIL,FAIL,0.46,0.3,-12.06,DEMAND1,DEMAND-1|LEAD-1(proxy)|EV-1/RATIO-1,1
goeuropeadvisor.com,go europe advisor,3,15,descriptive_other,2025-07-20,2026-07-20,"GoDaddy.com, LLC",10/07/2026 07:45,"SnapNames public deleting list (deletinglist.zip, downloaded 2026-10-06 ~02:08 IDT)",https://www.snapnames.com/file_dl.sn?file=deletinglist.zip,In pending-delete list (owner did not renew) + RDAP created 2021-2025; unsold by that owner (sale not checked beyond our sold set),0,none,0,PASS,0.0,0.0,0.0,,,,0,0,0,0,,PROXY: exact-SLD alt-TLD + hyphen .com sites in_use (D1 prospects only),FAIL,FAIL,0.46,0.3,-12.06,DEMAND1,DEMAND-1|LEAD-1(proxy)|EV-1/RATIO-1,0
findloveget.com,find love get,3,11,descriptive_other,2025-08-04,2026-08-04,OVH sas,10/08/2026 07:45,"SnapNames public deleting list (deletinglist.zip, downloaded 2026-10-06 ~02:08 IDT)",https://www.snapnames.com/file_dl.sn?file=deletinglist.zip,In pending-delete list (owner did not renew) + RDAP created 2021-2025; unsold by that owner (sale not checked beyond our sold set),1,parked,1,PASS_PARKED(-10),0.1,0.05,0.0,,,,0,0,0,0,,PROXY: exact-SLD alt-TLD + hyphen .com sites in_use (D1 prospects only),FAIL,FAIL,0.46,0.3,-12.06,DEMAND1,DEMAND-1|LEAD-1(proxy)|EV-1/RATIO-1,0
sunsetislandhealth.com,sunset island health,3,18,descriptive_other,2024-07-20,2026-07-20,1API GmbH,10/08/2026 07:45,"SnapNames public deleting list (deletinglist.zip, downloaded 2026-10-06 ~02:08 IDT)",https://www.snapnames.com/file_dl.sn?file=deletinglist.zip,In pending-delete list (owner did not renew) + RDAP created 2021-2025; unsold by that owner (sale not checked beyond our sold set),0,none,0,PASS,0.0,0.0,0.0,523,523,,0,0,0,0,,PROXY: exact-SLD alt-TLD + hyphen .com sites in_use (D1 prospects only),FAIL,FAIL,0.46,0.3,-12.06,DEMAND1,DEMAND-1|LEAD-1(proxy)|EV-1/RATIO-1,0
imokayservices.com,imo kay services,3,14,descriptive_other,2025-07-22,2026-07-22,Squarespace Domains LLC,10/09/2026 07:45,"SnapNames public deleting list (deletinglist.zip, downloaded 2026-10-06 ~02:08 IDT)",https://www.snapnames.com/file_dl.sn?file=deletinglist.zip,In pending-delete list (owner did not renew) + RDAP created 2021-2025; unsold by that owner (sale not checked beyond our sold set),0,none,0,PASS,0.0,0.0,0.0,544,544,,0,0,0,0,,PROXY: exact-SLD alt-TLD + hyphen .com sites in_use (D1 prospects only),FAIL,FAIL,0.46,0.3,-12.06,DEMAND1,DEMAND-1|LEAD-1(proxy)|EV-1/RATIO-1,0
internationalcocacola.com,international coca cola,3,21,descriptive_other,2025-07-19,2026-07-19,"GoDaddy.com, LLC",10/06/2026 07:45,"SnapNames public deleting list (deletinglist.zip, downloaded 2026-10-06 ~02:08 IDT)",https://www.snapnames.com/file_dl.sn?file=deletinglist.zip,In pending-delete list (owner did not renew) + RDAP created 2021-2025; unsold by that owner (sale not checked beyond our sold set),0,none,0,PASS,0.1,0.0,0.0,,,124,0,0,0,0,,PROXY: exact-SLD alt-TLD + hyphen .com sites in_use (D1 prospects only),FAIL,FAIL,0.46,0.3,-12.06,DEMAND1,DEMAND-1|LEAD-1(proxy)|EV-1/RATIO-1,0
altaimeat.com,alt aim eat,3,9,descriptive_other,2025-07-25,2026-07-25,Registrar of Domain Names REG.RU LLC,10/09/2026 07:45,"SnapNames public deleting list (deletinglist.zip, downloaded 2026-10-06 ~02:08 IDT)",https://www.snapnames.com/file_dl.sn?file=deletinglist.zip,In pending-delete list (owner did not renew) + RDAP created 2021-2025; unsold by that owner (sale not checked beyond our sold set),0,none,0,PASS,0.0,0.0,0.0,,,,0,0,0,0,,PROXY: exact-SLD alt-TLD + hyphen .com sites in_use (D1 prospects only),FAIL,FAIL,0.46,0.3,-12.06,DEMAND1,DEMAND-1|LEAD-1(proxy)|EV-1/RATIO-1,0
craftsit.com,crafts it,2,8,descriptive_other,2024-07-19,2026-07-19,"NameCheap, Inc.",10/06/2026 07:45,"SnapNames public deleting list (deletinglist.zip, downloaded 2026-10-06 ~02:08 IDT)",https://www.snapnames.com/file_dl.sn?file=deletinglist.zip,In pending-delete list (owner did not renew) + RDAP created 2021-2025; unsold by that owner (sale not checked beyond our sold set),2,none,1,REJECT_REDIRECT,0.75,0.15,0.0,,,,0,0,0,0,,PROXY: exact-SLD alt-TLD + hyphen .com sites in_use (D1 prospects only),FAIL,FAIL,0.46,0.3,-12.06,HIST1,HIST-1|DEMAND-1|LEAD-1(proxy)|EV-1/RATIO-1,1
gencellportal.com,gen cell portal,3,13,descriptive_other,2023-07-22,2026-07-22,PDR Ltd. d/b/a PublicDomainRegistry.com,10/09/2026 07:45,"SnapNames public deleting list (deletinglist.zip, downloaded 2026-10-06 ~02:08 IDT)",https://www.snapnames.com/file_dl.sn?file=deletinglist.zip,In pending-delete list (owner did not renew) + RDAP created 2021-2025; unsold by that owner (sale not checked beyond our sold set),0,none,0,PASS,0.0,0.0,0.0,,,,0,0,0,0,,PROXY: exact-SLD alt-TLD + hyphen .com sites in_use (D1 prospects only),FAIL,FAIL,0.46,0.3,-12.06,DEMAND1,DEMAND-1|LEAD-1(proxy)|EV-1/RATIO-1,0
smartnestinsider.com,smart nest insider,3,16,descriptive_other,2025-07-20,2026-07-20,Tucows Domains Inc.,10/06/2026 07:45,"SnapNames public deleting list (deletinglist.zip, downloaded 2026-10-06 ~02:08 IDT)",https://www.snapnames.com/file_dl.sn?file=deletinglist.zip,In pending-delete list (owner did not renew) + RDAP created 2021-2025; unsold by that owner (sale not checked beyond our sold set),0,none,0,PASS,0.0,0.0,0.0,,,,0,0,0,0,,PROXY: exact-SLD alt-TLD + hyphen .com sites in_use (D1 prospects only),FAIL,FAIL,0.46,0.3,-12.06,DEMAND1,DEMAND-1|LEAD-1(proxy)|EV-1/RATIO-1,0
finalexpensecontracting.com,final expense contracting,3,23,descriptive_other,2023-07-20,2026-07-20,Squarespace Domains II LLC,10/07/2026 07:45,"SnapNames public deleting list (deletinglist.zip, downloaded 2026-10-06 ~02:08 IDT)",https://www.snapnames.com/file_dl.sn?file=deletinglist.zip,In pending-delete list (owner did not renew) + RDAP created 2021-2025; unsold by that owner (sale not checked beyond our sold set),1,parked,1,PASS_PARKED(-10),0.2,0.05,0.0,,,,1,0,0,0,,PROXY: exact-SLD alt-TLD + hyphen .com sites in_use (D1 prospects only),FAIL,FAIL,0.46,0.3,-12.06,DEMAND1,DEMAND-1|LEAD-1(proxy)|EV-1/RATIO-1,0
cosmeticsboxes.com,cosmetics boxes,2,14,descriptive_other,2025-07-21,2026-07-21,"NameCheap, Inc.",10/08/2026 07:45,"SnapNames public deleting list (deletinglist.zip, downloaded 2026-10-06 ~02:08 IDT)",https://www.snapnames.com/file_dl.sn?file=deletinglist.zip,In pending-delete list (owner did not renew) + RDAP created 2021-2025; unsold by that owner (sale not checked beyond our sold set),0,none,0,PASS,0.6,0.1,0.0,,,,0,0,0,0,,PROXY: exact-SLD alt-TLD + hyphen .com sites in_use (D1 prospects only),FAIL,FAIL,0.46,0.3,-12.06,DEMAND1,DEMAND-1|LEAD-1(proxy)|EV-1/RATIO-1,0
hellomarlink.com,hello mar link,3,12,descriptive_other,2025-07-22,2026-07-22,"GoDaddy.com, LLC",10/09/2026 07:45,"SnapNames public deleting list (deletinglist.zip, downloaded 2026-10-06 ~02:08 IDT)",https://www.snapnames.com/file_dl.sn?file=deletinglist.zip,In pending-delete list (owner did not renew) + RDAP created 2021-2025; unsold by that owner (sale not checked beyond our sold set),0,none,0,PASS,0.0,0.0,0.0,,,,0,0,0,0,,PROXY: exact-SLD alt-TLD + hyphen .com sites in_use (D1 prospects only),FAIL,FAIL,0.46,0.3,-12.06,DEMAND1,DEMAND-1|LEAD-1(proxy)|EV-1/RATIO-1,0
givewithleap.com,give with leap,3,12,descriptive_other,2022-07-19,2026-07-19,"NameCheap, Inc.",10/06/2026 07:45,"SnapNames public deleting list (deletinglist.zip, downloaded 2026-10-06 ~02:08 IDT)",https://www.snapnames.com/file_dl.sn?file=deletinglist.zip,In pending-delete list (owner did not renew) + RDAP created 2021-2025; unsold by that owner (sale not checked beyond our sold set),0,none,0,PASS,0.05,0.05,0.0,,,,0,0,0,0,,PROXY: exact-SLD alt-TLD + hyphen .com sites in_use (D1 prospects only),FAIL,FAIL,0.46,0.3,-12.06,DEMAND1,DEMAND-1|LEAD-1(proxy)|EV-1/RATIO-1,0
fastmusclebuild.com,fast muscle build,3,15,descriptive_other,2024-07-21,2026-07-21,"GoDaddy.com, LLC",10/07/2026 07:45,"SnapNames public deleting list (deletinglist.zip, downloaded 2026-10-06 ~02:08 IDT)",https://www.snapnames.com/file_dl.sn?file=deletinglist.zip,In pending-delete list (owner did not renew) + RDAP created 2021-2025; unsold by that owner (sale not checked beyond our sold set),19,parked,1,PASS_PARKED(-10),0.0,0.0,0.0,,,,0,0,0,0,,PROXY: exact-SLD alt-TLD + hyphen .com sites in_use (D1 prospects only),FAIL,FAIL,0.46,0.3,-12.06,DEMAND1,DEMAND-1|LEAD-1(proxy)|EV-1/RATIO-1,0
dentcod.com,dent cod,2,7,descriptive_other,2025-07-20,2026-07-20,"eNom, LLC",10/07/2026 07:45,"SnapNames public deleting list (deletinglist.zip, downloaded 2026-10-06 ~02:08 IDT)",https://www.snapnames.com/file_dl.sn?file=deletinglist.zip,In pending-delete list (owner did not renew) + RDAP created 2021-2025; unsold by that owner (sale not checked beyond our sold set),0,none,0,PASS,0.75,0.1,0.1,,,,0,0,0,0,,PROXY: exact-SLD alt-TLD + hyphen .com sites in_use (D1 prospects only),FAIL,FAIL,0.46,0.3,-12.06,DEMAND1,DEMAND-1|LEAD-1(proxy)|EV-1/RATIO-1,0
yesbrew.com,yes brew,2,7,descriptive_other,2025-07-19,2026-07-19,EuropeanConnectionOnline.com LLC,10/08/2026 07:45,"SnapNames public deleting list (deletinglist.zip, downloaded 2026-10-06 ~02:08 IDT)",https://www.snapnames.com/file_dl.sn?file=deletinglist.zip,In pending-delete list (owner did not renew) + RDAP created 2021-2025; unsold by that owner (sale not checked beyond our sold set),4,parked,1,PASS_PARKED(-10),0.95,0.05,0.0,,,,0,0,0,0,,PROXY: exact-SLD alt-TLD + hyphen .com sites in_use (D1 prospects only),FAIL,FAIL,0.46,0.3,-12.06,DEMAND1,DEMAND-1|LEAD-1(proxy)|EV-1/RATIO-1,1
spanishselections.com,spanish selections,2,17,descriptive_other,2023-09-02,2026-09-02,Key-Systems GmbH,10/07/2026 07:45,"SnapNames public deleting list (deletinglist.zip, downloaded 2026-10-06 ~02:08 IDT)",https://www.snapnames.com/file_dl.sn?file=deletinglist.zip,In pending-delete list (owner did not renew) + RDAP created 2021-2025; unsold by that owner (sale not checked beyond our sold set),22,content,1,REJECT_CONTENT,0.45,0.05,0.1,,,,0,0,0,0,,PROXY: exact-SLD alt-TLD + hyphen .com sites in_use (D1 prospects only),FAIL,FAIL,0.46,0.3,-12.06,HIST1,HIST-1|DEMAND-1|LEAD-1(proxy)|EV-1/RATIO-1,0
guiltfreeyou.com,guilt free you,3,12,descriptive_other,2025-07-20,2026-07-20,"NameCheap, Inc.",10/07/2026 07:45,"SnapNames public deleting list (deletinglist.zip, downloaded 2026-10-06 ~02:08 IDT)",https://www.snapnames.com/file_dl.sn?file=deletinglist.zip,In pending-delete list (owner did not renew) + RDAP created 2021-2025; unsold by that owner (sale not checked beyond our sold set),0,none,0,PASS,0.05,0.0,0.0,,,,0,0,0,0,,PROXY: exact-SLD alt-TLD + hyphen .com sites in_use (D1 prospects only),FAIL,FAIL,0.46,0.3,-12.06,DEMAND1,DEMAND-1|LEAD-1(proxy)|EV-1/RATIO-1,0
goodbakesale.com,good bake sale,3,12,descriptive_other,2025-07-18,2026-07-18,"DreamHost, LLC",10/06/2026 07:45,"SnapNames public deleting list (deletinglist.zip, downloaded 2026-10-06 ~02:08 IDT)",https://www.snapnames.com/file_dl.sn?file=deletinglist.zip,In pending-delete list (owner did not renew) + RDAP created 2021-2025; unsold by that owner (sale not checked beyond our sold set),0,none,0,PASS,0.0,0.0,0.0,,,,0,0,0,0,,PROXY: exact-SLD alt-TLD + hyphen .com sites in_use (D1 prospects only),FAIL,FAIL,0.46,0.3,-12.06,DEMAND1,DEMAND-1|LEAD-1(proxy)|EV-1/RATIO-1,0
breezelasercenter.com,breeze laser center,3,17,descriptive_other,2025-07-22,2026-07-22,Dynadot Inc,10/07/2026 07:45,"SnapNames public deleting list (deletinglist.zip, downloaded 2026-10-06 ~02:08 IDT)",https://www.snapnames.com/file_dl.sn?file=deletinglist.zip,In pending-delete list (owner did not renew) + RDAP created 2021-2025; unsold by that owner (sale not checked beyond our sold set),121,parked,1,PASS_PARKED(-10),0.05,0.05,0.0,,,,0,0,0,0,,PROXY: exact-SLD alt-TLD + hyphen .com sites in_use (D1 prospects only),FAIL,FAIL,0.46,0.3,-12.06,DEMAND1,DEMAND-1|LEAD-1(proxy)|EV-1/RATIO-1,0
smilesdoctors.com,smiles doctors,2,13,descriptive_other,2022-07-19,2026-07-19,"Media Elite Holdings Limited, S.A.",10/08/2026 07:45,"SnapNames public deleting list (deletinglist.zip, downloaded 2026-10-06 ~02:08 IDT)",https://www.snapnames.com/file_dl.sn?file=deletinglist.zip,In pending-delete list (owner did not renew) + RDAP created 2021-2025; unsold by that owner (sale not checked beyond our sold set),1,none,1,REJECT_REDIRECT,0.45,0.0,0.05,,,,0,0,0,0,,PROXY: exact-SLD alt-TLD + hyphen .com sites in_use (D1 prospects only),FAIL,FAIL,0.46,0.3,-12.06,HIST1,HIST-1|DEMAND-1|LEAD-1(proxy)|EV-1/RATIO-1,0
informationcontroloffice.com,information control office,3,24,descriptive_other,2025-07-22,2026-07-22,"Ultahost, Inc.",10/07/2026 07:45,"SnapNames public deleting list (deletinglist.zip, downloaded 2026-10-06 ~02:08 IDT)",https://www.snapnames.com/file_dl.sn?file=deletinglist.zip,In pending-delete list (owner did not renew) + RDAP created 2021-2025; unsold by that owner (sale not checked beyond our sold set),0,none,0,PASS,0.0,0.0,0.0,134,134,,0,0,0,0,,PROXY: exact-SLD alt-TLD + hyphen .com sites in_use (D1 prospects only),FAIL,FAIL,0.46,0.3,-12.06,DEMAND1,DEMAND-1|LEAD-1(proxy)|EV-1/RATIO-1,0
grainsforever.com,grains forever,2,13,descriptive_other,2025-07-19,2026-07-19,"GoDaddy.com, LLC",10/06/2026 07:45,"SnapNames public deleting list (deletinglist.zip, downloaded 2026-10-06 ~02:08 IDT)",https://www.snapnames.com/file_dl.sn?file=deletinglist.zip,In pending-delete list (owner did not renew) + RDAP created 2021-2025; unsold by that owner (sale not checked beyond our sold set),1,none,1,PASS,0.55,0.0,0.05,,,,0,0,0,0,,PROXY: exact-SLD alt-TLD + hyphen .com sites in_use (D1 prospects only),FAIL,FAIL,0.46,0.3,-12.06,DEMAND1,DEMAND-1|LEAD-1(proxy)|EV-1/RATIO-1,1
javamedicaltransportation.com,java medical transportation,3,25,descriptive_other,2025-07-19,2026-07-19,"NameCheap, Inc.",10/06/2026 07:45,"SnapNames public deleting list (deletinglist.zip, downloaded 2026-10-06 ~02:08 IDT)",https://www.snapnames.com/file_dl.sn?file=deletinglist.zip,In pending-delete list (owner did not renew) + RDAP created 2021-2025; unsold by that owner (sale not checked beyond our sold set),0,none,0,PASS,0.0,0.0,0.0,,,,0,0,0,0,,PROXY: exact-SLD alt-TLD + hyphen .com sites in_use (D1 prospects only),FAIL,FAIL,0.46,0.3,-12.06,DEMAND1,DEMAND-1|LEAD-1(proxy)|EV-1/RATIO-1,0
traingrindrepeat.com,train grind repeat,3,16,descriptive_other,2025-07-21,2026-07-21,Tucows Domains Inc.,10/07/2026 07:45,"SnapNames public deleting list (deletinglist.zip, downloaded 2026-10-06 ~02:08 IDT)",https://www.snapnames.com/file_dl.sn?file=deletinglist.zip,In pending-delete list (owner did not renew) + RDAP created 2021-2025; unsold by that owner (sale not checked beyond our sold set),0,none,0,PASS,0.0,0.0,0.0,,,,0,0,0,0,,PROXY: exact-SLD alt-TLD + hyphen .com sites in_use (D1 prospects only),FAIL,FAIL,0.46,0.3,-12.06,DEMAND1,DEMAND-1|LEAD-1(proxy)|EV-1/RATIO-1,0
trycartlift.com,try cart lift,3,11,descriptive_other,2025-07-21,2026-07-21,TuringSign Inc. d/b/a Cosmotown,10/07/2026 07:45,"SnapNames public deleting list (deletinglist.zip, downloaded 2026-10-06 ~02:08 IDT)",https://www.snapnames.com/file_dl.sn?file=deletinglist.zip,In pending-delete list (owner did not renew) + RDAP created 2021-2025; unsold by that owner (sale not checked beyond our sold set),1,parked,1,PASS_PARKED(-10),0.0,0.0,0.0,37,37,,0,0,0,0,,PROXY: exact-SLD alt-TLD + hyphen .com sites in_use (D1 prospects only),FAIL,FAIL,0.46,0.3,-12.06,DEMAND1,DEMAND-1|LEAD-1(proxy)|EV-1/RATIO-1,0
westernpilotservice.com,western pilot service,3,19,descriptive_other,2023-07-20,2026-07-20,"GoDaddy.com, LLC",10/07/2026 07:45,"SnapNames public deleting list (deletinglist.zip, downloaded 2026-10-06 ~02:08 IDT)",https://www.snapnames.com/file_dl.sn?file=deletinglist.zip,In pending-delete list (owner did not renew) + RDAP created 2021-2025; unsold by that owner (sale not checked beyond our sold set),0,none,0,PASS,0.05,0.0,0.0,,,,0,0,0,0,,PROXY: exact-SLD alt-TLD + hyphen .com sites in_use (D1 prospects only),FAIL,FAIL,0.46,0.3,-12.06,DEMAND1,DEMAND-1|LEAD-1(proxy)|EV-1/RATIO-1,0
borderlessites.com,border les sites,3,14,descriptive_other,2025-07-21,2026-07-21,"HOSTINGER operations, UAB",10/09/2026 07:45,"SnapNames public deleting list (deletinglist.zip, downloaded 2026-10-06 ~02:08 IDT)",https://www.snapnames.com/file_dl.sn?file=deletinglist.zip,In pending-delete list (owner did not renew) + RDAP created 2021-2025; unsold by that owner (sale not checked beyond our sold set),0,none,0,PASS,0.05,0.0,0.05,,,,0,0,0,0,,PROXY: exact-SLD alt-TLD + hyphen .com sites in_use (D1 prospects only),FAIL,FAIL,0.46,0.3,-12.06,DEMAND1,DEMAND-1|LEAD-1(proxy)|EV-1/RATIO-1,0
noderecordings.com,node recordings,2,14,descriptive_other,2025-07-19,2026-07-19,Squarespace Domains LLC,10/06/2026 07:45,"SnapNames public deleting list (deletinglist.zip, downloaded 2026-10-06 ~02:08 IDT)",https://www.snapnames.com/file_dl.sn?file=deletinglist.zip,In pending-delete list (owner did not renew) + RDAP created 2021-2025; unsold by that owner (sale not checked beyond our sold set),4,parked,1,PASS_PARKED(-10),0.4,0.1,0.1,,,,0,0,0,0,,PROXY: exact-SLD alt-TLD + hyphen .com sites in_use (D1 prospects only),FAIL,FAIL,0.46,0.3,-12.06,DEMAND1,DEMAND-1|LEAD-1(proxy)|EV-1/RATIO-1,0
goldengalaxytrading.com,golden galaxy trading,3,19,descriptive_other,2021-07-21,2026-07-21,"NameCheap, Inc.",10/08/2026 07:45,"SnapNames public deleting list (deletinglist.zip, downloaded 2026-10-06 ~02:08 IDT)",https://www.snapnames.com/file_dl.sn?file=deletinglist.zip,In pending-delete list (owner did not renew) + RDAP created 2021-2025; unsold by that owner (sale not checked beyond our sold set),0,none,0,PASS,0.05,0.0,0.0,142,142,,0,0,0,0,,PROXY: exact-SLD alt-TLD + hyphen .com sites in_use (D1 prospects only),FAIL,FAIL,0.46,0.3,-12.06,DEMAND1,DEMAND-1|LEAD-1(proxy)|EV-1/RATIO-1,0
faithcreativeset.com,faith creative set,3,16,descriptive_other,2025-07-21,2026-07-21,TuringSign Inc. d/b/a Cosmotown,10/07/2026 07:45,"SnapNames public deleting list (deletinglist.zip, downloaded 2026-10-06 ~02:08 IDT)",https://www.snapnames.com/file_dl.sn?file=deletinglist.zip,In pending-delete list (owner did not renew) + RDAP created 2021-2025; unsold by that owner (sale not checked beyond our sold set),0,none,0,PASS,0.0,0.0,0.0,,,,0,0,0,0,,PROXY: exact-SLD alt-TLD + hyphen .com sites in_use (D1 prospects only),FAIL,FAIL,0.46,0.3,-12.06,DEMAND1,DEMAND-1|LEAD-1(proxy)|EV-1/RATIO-1,0
stabledragon.com,stable dragon,2,12,descriptive_other,2025-07-20,2026-07-20,"GoDaddy.com, LLC",10/07/2026 07:45,"SnapNames public deleting list (deletinglist.zip, downloaded 2026-10-06 ~02:08 IDT)",https://www.snapnames.com/file_dl.sn?file=deletinglist.zip,In pending-delete list (owner did not renew) + RDAP created 2021-2025; unsold by that owner (sale not checked beyond our sold set),3,none,1,REJECT_REDIRECT,0.95,0.15,0.05,,,,0,0,0,0,,PROXY: exact-SLD alt-TLD + hyphen .com sites in_use (D1 prospects only),FAIL,FAIL,0.46,0.3,-12.06,HIST1,HIST-1|DEMAND-1|LEAD-1(proxy)|EV-1/RATIO-1,1
englishloverclub.com,english lover club,3,16,descriptive_other,2025-07-24,2026-07-24,CV. Jogjacamp,10/06/2026 07:45,"SnapNames public deleting list (deletinglist.zip, downloaded 2026-10-06 ~02:08 IDT)",https://www.snapnames.com/file_dl.sn?file=deletinglist.zip,In pending-delete list (owner did not renew) + RDAP created 2021-2025; unsold by that owner (sale not checked beyond our sold set),0,none,0,PASS,0.0,0.0,0.0,,,,0,0,0,0,,PROXY: exact-SLD alt-TLD + hyphen .com sites in_use (D1 prospects only),FAIL,FAIL,0.46,0.3,-12.06,DEMAND1,DEMAND-1|LEAD-1(proxy)|EV-1/RATIO-1,0
myhealthyreason.com,my healthy reason,3,15,descriptive_other,2023-02-23,2027-02-23,"Amazon Registrar, Inc.",10/07/2026 07:45,"SnapNames public deleting list (deletinglist.zip, downloaded 2026-10-06 ~02:08 IDT)",https://www.snapnames.com/file_dl.sn?file=deletinglist.zip,In pending-delete list (owner did not renew) + RDAP created 2021-2025; unsold by that owner (sale not checked beyond our sold set),28,parked,1,PASS_PARKED(-10),0.25,0.0,0.0,,,,0,0,0,0,,PROXY: exact-SLD alt-TLD + hyphen .com sites in_use (D1 prospects only),FAIL,FAIL,0.46,0.3,-12.06,DEMAND1,DEMAND-1|LEAD-1(proxy)|EV-1/RATIO-1,0
useanswerrank.com,use answer rank,3,13,descriptive_other,2025-07-20,2026-07-20,Realtime Register B.V.,10/07/2026 07:45,"SnapNames public deleting list (deletinglist.zip, downloaded 2026-10-06 ~02:08 IDT)",https://www.snapnames.com/file_dl.sn?file=deletinglist.zip,In pending-delete list (owner did not renew) + RDAP created 2021-2025; unsold by that owner (sale not checked beyond our sold set),0,none,0,PASS,0.05,0.0,0.0,,,,0,0,0,0,,PROXY: exact-SLD alt-TLD + hyphen .com sites in_use (D1 prospects only),FAIL,FAIL,0.46,0.3,-12.06,DEMAND1,DEMAND-1|LEAD-1(proxy)|EV-1/RATIO-1,0
shopteacompany.com,shop tea company,3,14,descriptive_other,2025-07-22,2026-07-22,Tucows Domains Inc.,10/08/2026 07:45,"SnapNames public deleting list (deletinglist.zip, downloaded 2026-10-06 ~02:08 IDT)",https://www.snapnames.com/file_dl.sn?file=deletinglist.zip,In pending-delete list (owner did not renew) + RDAP created 2021-2025; unsold by that owner (sale not checked beyond our sold set),0,none,0,PASS,0.05,0.0,0.0,,,340,0,0,0,0,,PROXY: exact-SLD alt-TLD + hyphen .com sites in_use (D1 prospects only),FAIL,FAIL,0.46,0.3,-12.06,DEMAND1,DEMAND-1|LEAD-1(proxy)|EV-1/RATIO-1,0
keyspremium.com,keys premium,2,11,descriptive_other,2025-07-19,2026-07-19,Domain Science Kutatasi Szolgaltato Korlatolt Felelossegu Tarsasag,10/08/2026 07:45,"SnapNames public deleting list (deletinglist.zip, downloaded 2026-10-06 ~02:08 IDT)",https://www.snapnames.com/file_dl.sn?file=deletinglist.zip,In pending-delete list (owner did not renew) + RDAP created 2021-2025; unsold by that owner (sale not checked beyond our sold set),10,parked,1,PASS_PARKED(-10),0.9,0.15,0.05,,,,0,0,0,0,,PROXY: exact-SLD alt-TLD + hyphen .com sites in_use (D1 prospects only),FAIL,FAIL,0.46,0.3,-12.06,DEMAND1,DEMAND-1|LEAD-1(proxy)|EV-1/RATIO-1,1
goldstatehoney.com,gold state honey,3,14,descriptive_other,2022-07-20,2026-07-20,"GoDaddy.com, LLC",10/07/2026 07:45,"SnapNames public deleting list (deletinglist.zip, downloaded 2026-10-06 ~02:08 IDT)",https://www.snapnames.com/file_dl.sn?file=deletinglist.zip,In pending-delete list (owner did not renew) + RDAP created 2021-2025; unsold by that owner (sale not checked beyond our sold set),0,none,0,PASS,0.0,0.0,0.0,,,,0,0,0,0,,PROXY: exact-SLD alt-TLD + hyphen .com sites in_use (D1 prospects only),FAIL,FAIL,0.46,0.3,-12.06,DEMAND1,DEMAND-1|LEAD-1(proxy)|EV-1/RATIO-1,0
nicolasspeaks.com,nicolas speaks,2,13,descriptive_other,2025-07-21,2026-07-21,"GoDaddy.com, LLC",10/08/2026 07:45,"SnapNames public deleting list (deletinglist.zip, downloaded 2026-10-06 ~02:08 IDT)",https://www.snapnames.com/file_dl.sn?file=deletinglist.zip,In pending-delete list (owner did not renew) + RDAP created 2021-2025; unsold by that owner (sale not checked beyond our sold set),0,none,0,PASS,0.3,0.05,0.0,,,,0,0,0,0,,PROXY: exact-SLD alt-TLD + hyphen .com sites in_use (D1 prospects only),FAIL,FAIL,0.46,0.3,-12.06,DEMAND1,DEMAND-1|LEAD-1(proxy)|EV-1/RATIO-1,0
edwardsprotocols.com,edwards protocols,2,16,descriptive_other,2025-07-29,2026-07-29,Epik LLC,10/06/2026 07:45,"SnapNames public deleting list (deletinglist.zip, downloaded 2026-10-06 ~02:08 IDT)",https://www.snapnames.com/file_dl.sn?file=deletinglist.zip,In pending-delete list (owner did not renew) + RDAP created 2021-2025; unsold by that owner (sale not checked beyond our sold set),0,none,0,PASS,0.45,0.05,0.1,,,,0,0,0,0,,PROXY: exact-SLD alt-TLD + hyphen .com sites in_use (D1 prospects only),FAIL,FAIL,0.46,0.3,-12.06,DEMAND1,DEMAND-1|LEAD-1(proxy)|EV-1/RATIO-1,0
buytrollbeads.com,buy troll beads,3,13,descriptive_other,2025-07-19,2026-07-19,Unstoppable Domains Inc.,10/06/2026 07:45,"SnapNames public deleting list (deletinglist.zip, downloaded 2026-10-06 ~02:08 IDT)",https://www.snapnames.com/file_dl.sn?file=deletinglist.zip,In pending-delete list (owner did not renew) + RDAP created 2021-2025; unsold by that owner (sale not checked beyond our sold set),16,parked,1,PASS_PARKED(-10),0.0,0.0,0.0,,,,3,0,0,0,,PROXY: exact-SLD alt-TLD + hyphen .com sites in_use (D1 prospects only),FAIL,FAIL,0.46,0.3,-12.06,DEMAND1,DEMAND-1|LEAD-1(proxy)|EV-1/RATIO-1,0
bunnybills.com,bunny bills,2,10,descriptive_other,2025-07-20,2026-07-20,"NameCheap, Inc.",10/07/2026 07:45,"SnapNames public deleting list (deletinglist.zip, downloaded 2026-10-06 ~02:08 IDT)",https://www.snapnames.com/file_dl.sn?file=deletinglist.zip,In pending-delete list (owner did not renew) + RDAP created 2021-2025; unsold by that owner (sale not checked beyond our sold set),2,forsale,1,PASS_PARKED(-10),0.75,0.2,0.1,,,,0,0,0,0,,PROXY: exact-SLD alt-TLD + hyphen .com sites in_use (D1 prospects only),FAIL,FAIL,0.46,0.3,-12.06,DEMAND1,DEMAND-1|LEAD-1(proxy)|EV-1/RATIO-1,1
kingslow.com,king slow,2,8,descriptive_other,2025-07-20,2026-07-20,"NameCheap, Inc.",10/06/2026 07:45,"SnapNames public deleting list (deletinglist.zip, downloaded 2026-10-06 ~02:08 IDT)",https://www.snapnames.com/file_dl.sn?file=deletinglist.zip,In pending-delete list (owner did not renew) + RDAP created 2021-2025; unsold by that owner (sale not checked beyond our sold set),7,parked,1,PASS_PARKED(-10),0.7,0.05,0.05,,,,1,0,0,0,,PROXY: exact-SLD alt-TLD + hyphen .com sites in_use (D1 prospects only),FAIL,FAIL,0.46,0.3,-12.06,DEMAND1,DEMAND-1|LEAD-1(proxy)|EV-1/RATIO-1,1
starnowspin.com,star now spin,3,11,descriptive_other,2025-07-21,2026-07-21,Dynadot Inc,10/06/2026 07:45,"SnapNames public deleting list (deletinglist.zip, downloaded 2026-10-06 ~02:08 IDT)",https://www.snapnames.com/file_dl.sn?file=deletinglist.zip,In pending-delete list (owner did not renew) + RDAP created 2021-2025; unsold by that owner (sale not checked beyond our sold set),0,none,0,PASS,0.0,0.0,0.0,,,179,0,0,0,0,,PROXY: exact-SLD alt-TLD + hyphen .com sites in_use (D1 prospects only),FAIL,FAIL,0.46,0.3,-12.06,DEMAND1,DEMAND-1|LEAD-1(proxy)|EV-1/RATIO-1,0
marlinkvalue.com,mar link value,3,12,descriptive_other,2025-07-22,2026-07-22,"GoDaddy.com, LLC",10/09/2026 07:45,"SnapNames public deleting list (deletinglist.zip, downloaded 2026-10-06 ~02:08 IDT)",https://www.snapnames.com/file_dl.sn?file=deletinglist.zip,In pending-delete list (owner did not renew) + RDAP created 2021-2025; unsold by that owner (sale not checked beyond our sold set),0,none,0,PASS,0.15,0.0,0.0,,,,0,0,0,0,,PROXY: exact-SLD alt-TLD + hyphen .com sites in_use (D1 prospects only),FAIL,FAIL,0.46,0.3,-12.06,DEMAND1,DEMAND-1|LEAD-1(proxy)|EV-1/RATIO-1,0
trueyogarebel.com,true yoga rebel,3,13,descriptive_other,2025-07-22,2026-07-22,DropCatch.com 1358 LLC,10/08/2026 07:45,"SnapNames public deleting list (deletinglist.zip, downloaded 2026-10-06 ~02:08 IDT)",https://www.snapnames.com/file_dl.sn?file=deletinglist.zip,In pending-delete list (owner did not renew) + RDAP created 2021-2025; unsold by that owner (sale not checked beyond our sold set),1,none,1,REJECT_REDIRECT,0.05,0.0,0.05,,,195,0,0,0,0,,PROXY: exact-SLD alt-TLD + hyphen .com sites in_use (D1 prospects only),FAIL,FAIL,0.46,0.3,-12.06,HIST1,HIST-1|DEMAND-1|LEAD-1(proxy)|EV-1/RATIO-1,0
steepbeverage.com,steep beverage,2,13,descriptive_other,2025-07-30,2026-07-30,Gname.com Pte. Ltd.,10/07/2026 07:45,"SnapNames public deleting list (deletinglist.zip, downloaded 2026-10-06 ~02:08 IDT)",https://www.snapnames.com/file_dl.sn?file=deletinglist.zip,In pending-delete list (owner did not renew) + RDAP created 2021-2025; unsold by that owner (sale not checked beyond our sold set),1,none,1,REJECT_REDIRECT,0.4,0.1,0.0,,,,0,0,0,0,,PROXY: exact-SLD alt-TLD + hyphen .com sites in_use (D1 prospects only),FAIL,FAIL,0.46,0.3,-12.06,HIST1,HIST-1|DEMAND-1|LEAD-1(proxy)|EV-1/RATIO-1,0
hotelswithparking.com,hotels with parking,3,17,descriptive_other,2025-07-21,2026-07-21,"NameCheap, Inc.",10/07/2026 07:45,"SnapNames public deleting list (deletinglist.zip, downloaded 2026-10-06 ~02:08 IDT)",https://www.snapnames.com/file_dl.sn?file=deletinglist.zip,In pending-delete list (owner did not renew) + RDAP created 2021-2025; unsold by that owner (sale not checked beyond our sold set),15,parked,1,PASS_PARKED(-10),0.0,0.0,0.0,,,84,2,0,1,1,,PROXY: exact-SLD alt-TLD + hyphen .com sites in_use (D1 prospects only),FAIL,FAIL,0.68,0.44,-9.55,DEMAND1,DEMAND-1|LEAD-1(proxy)|EV-1/RATIO-1,0
wwiijeep.com,wwii jeep,2,8,descriptive_other,2023-07-19,2026-07-19,Unstoppable Domains Inc.,10/06/2026 07:45,"SnapNames public deleting list (deletinglist.zip, downloaded 2026-10-06 ~02:08 IDT)",https://www.snapnames.com/file_dl.sn?file=deletinglist.zip,In pending-delete list (owner did not renew) + RDAP created 2021-2025; unsold by that owner (sale not checked beyond our sold set),33,parked,1,PASS_PARKED(-10),0.2,0.0,0.0,,,,0,0,0,0,,PROXY: exact-SLD alt-TLD + hyphen .com sites in_use (D1 prospects only),FAIL,FAIL,0.46,0.3,-12.06,DEMAND1,DEMAND-1|LEAD-1(proxy)|EV-1/RATIO-1,0
peripheralcare.com,peripheral care,2,14,descriptive_other,2025-07-22,2026-07-22,Squarespace Domains LLC,10/09/2026 07:45,"SnapNames public deleting list (deletinglist.zip, downloaded 2026-10-06 ~02:08 IDT)",https://www.snapnames.com/file_dl.sn?file=deletinglist.zip,In pending-delete list (owner did not renew) + RDAP created 2021-2025; unsold by that owner (sale not checked beyond our sold set),0,none,0,PASS,0.6,0.1,0.1,,,,0,0,0,0,,PROXY: exact-SLD alt-TLD + hyphen .com sites in_use (D1 prospects only),FAIL,FAIL,0.46,0.3,-12.06,DEMAND1,DEMAND-1|LEAD-1(proxy)|EV-1/RATIO-1,0
hiregoodloop.com,hire good loop,3,12,descriptive_other,2025-07-28,2026-07-28,"Gransy, s.r.o.",10/09/2026 07:45,"SnapNames public deleting list (deletinglist.zip, downloaded 2026-10-06 ~02:08 IDT)",https://www.snapnames.com/file_dl.sn?file=deletinglist.zip,In pending-delete list (owner did not renew) + RDAP created 2021-2025; unsold by that owner (sale not checked beyond our sold set),0,none,0,PASS,0.1,0.05,0.0,,,,0,0,0,0,,PROXY: exact-SLD alt-TLD + hyphen .com sites in_use (D1 prospects only),FAIL,FAIL,0.46,0.3,-12.06,DEMAND1,DEMAND-1|LEAD-1(proxy)|EV-1/RATIO-1,0
thedesktopteam.com,the desktop team,3,14,descriptive_other,2021-07-19,2026-07-19,Key-Systems GmbH,10/07/2026 07:45,"SnapNames public deleting list (deletinglist.zip, downloaded 2026-10-06 ~02:08 IDT)",https://www.snapnames.com/file_dl.sn?file=deletinglist.zip,In pending-delete list (owner did not renew) + RDAP created 2021-2025; unsold by that owner (sale not checked beyond our sold set),56,content,1,REJECT_CONTENT,0.0,0.0,0.0,175,175,,0,0,0,0,,PROXY: exact-SLD alt-TLD + hyphen .com sites in_use (D1 prospects only),FAIL,FAIL,0.46,0.3,-12.06,HIST1,HIST-1|DEMAND-1|LEAD-1(proxy)|EV-1/RATIO-1,0
goldmastereurope.com,gold master europe,3,16,descriptive_other,2022-07-24,2026-07-24,Wix.com Ltd.,10/09/2026 07:45,"SnapNames public deleting list (deletinglist.zip, downloaded 2026-10-06 ~02:08 IDT)",https://www.snapnames.com/file_dl.sn?file=deletinglist.zip,In pending-delete list (owner did not renew) + RDAP created 2021-2025; unsold by that owner (sale not checked beyond our sold set),0,none,0,PASS,0.0,0.0,0.0,,,,0,0,0,0,,PROXY: exact-SLD alt-TLD + hyphen .com sites in_use (D1 prospects only),FAIL,FAIL,0.46,0.3,-12.06,DEMAND1,DEMAND-1|LEAD-1(proxy)|EV-1/RATIO-1,0
canitpay.com,can it pay,3,8,descriptive_other,2022-07-21,2026-07-21,Launchpad.com Inc.,10/09/2026 07:45,"SnapNames public deleting list (deletinglist.zip, downloaded 2026-10-06 ~02:08 IDT)",https://www.snapnames.com/file_dl.sn?file=deletinglist.zip,In pending-delete list (owner did not renew) + RDAP created 2021-2025; unsold by that owner (sale not checked beyond our sold set),0,none,0,PASS,0.1,0.0,0.0,,,,0,0,0,0,,PROXY: exact-SLD alt-TLD + hyphen .com sites in_use (D1 prospects only),FAIL,FAIL,0.46,0.3,-12.06,DEMAND1,DEMAND-1|LEAD-1(proxy)|EV-1/RATIO-1,0
blockwealthstrategies.com,block wealth strategies,3,21,descriptive_other,2025-08-08,2028-08-08,"GoDaddy.com, LLC",10/06/2026 07:45,"SnapNames public deleting list (deletinglist.zip, downloaded 2026-10-06 ~02:08 IDT)",https://www.snapnames.com/file_dl.sn?file=deletinglist.zip,In pending-delete list (owner did not renew) + RDAP created 2021-2025; unsold by that owner (sale not checked beyond our sold set),0,none,0,PASS,0.2,0.05,0.0,,,,0,0,0,0,,PROXY: exact-SLD alt-TLD + hyphen .com sites in_use (D1 prospects only),FAIL,FAIL,0.46,0.3,-12.06,DEMAND1,DEMAND-1|LEAD-1(proxy)|EV-1/RATIO-1,0
kingslocation.com,kings location,2,13,descriptive_other,2024-07-22,2026-07-22,Wix.com Ltd.,10/07/2026 07:45,"SnapNames public deleting list (deletinglist.zip, downloaded 2026-10-06 ~02:08 IDT)",https://www.snapnames.com/file_dl.sn?file=deletinglist.zip,In pending-delete list (owner did not renew) + RDAP created 2021-2025; unsold by that owner (sale not checked beyond our sold set),1,none,1,PASS,0.75,0.15,0.0,,,,0,0,0,0,,PROXY: exact-SLD alt-TLD + hyphen .com sites in_use (D1 prospects only),FAIL,FAIL,0.46,0.3,-12.06,DEMAND1,DEMAND-1|LEAD-1(proxy)|EV-1/RATIO-1,1
kindnesspros.com,kindness pros,2,12,descriptive_other,2023-07-20,2026-07-20,"GoDaddy.com, LLC",10/06/2026 07:45,"SnapNames public deleting list (deletinglist.zip, downloaded 2026-10-06 ~02:08 IDT)",https://www.snapnames.com/file_dl.sn?file=deletinglist.zip,In pending-delete list (owner did not renew) + RDAP created 2021-2025; unsold by that owner (sale not checked beyond our sold set),1,none,1,REJECT_REDIRECT,0.65,0.1,0.0,,,,0,0,0,0,,PROXY: exact-SLD alt-TLD + hyphen .com sites in_use (D1 prospects only),FAIL,FAIL,0.46,0.3,-12.06,HIST1,HIST-1|DEMAND-1|LEAD-1(proxy)|EV-1/RATIO-1,1
printingsmartsolution.com,printing smart solution,3,21,descriptive_other,2024-07-24,2026-07-24,Wix.com Ltd.,10/09/2026 07:45,"SnapNames public deleting list (deletinglist.zip, downloaded 2026-10-06 ~02:08 IDT)",https://www.snapnames.com/file_dl.sn?file=deletinglist.zip,In pending-delete list (owner did not renew) + RDAP created 2021-2025; unsold by that owner (sale not checked beyond our sold set),0,none,0,PASS,0.05,0.05,0.0,97,97,,0,0,0,0,,PROXY: exact-SLD alt-TLD + hyphen .com sites in_use (D1 prospects only),FAIL,FAIL,0.46,0.3,-12.06,DEMAND1,DEMAND-1|LEAD-1(proxy)|EV-1/RATIO-1,0
shopmorganbronze.com,shop morgan bronze,3,16,descriptive_other,2023-07-20,2026-07-20,"GoDaddy.com, LLC",10/07/2026 07:45,"SnapNames public deleting list (deletinglist.zip, downloaded 2026-10-06 ~02:08 IDT)",https://www.snapnames.com/file_dl.sn?file=deletinglist.zip,In pending-delete list (owner did not renew) + RDAP created 2021-2025; unsold by that owner (sale not checked beyond our sold set),0,none,0,PASS,0.0,0.0,0.0,,,340,0,0,0,0,,PROXY: exact-SLD alt-TLD + hyphen .com sites in_use (D1 prospects only),FAIL,FAIL,0.46,0.3,-12.06,DEMAND1,DEMAND-1|LEAD-1(proxy)|EV-1/RATIO-1,0
icclearning.com,icc learning,2,11,descriptive_other,2022-07-22,2026-07-22,"GoDaddy.com, LLC",10/09/2026 07:45,"SnapNames public deleting list (deletinglist.zip, downloaded 2026-10-06 ~02:08 IDT)",https://www.snapnames.com/file_dl.sn?file=deletinglist.zip,In pending-delete list (owner did not renew) + RDAP created 2021-2025; unsold by that owner (sale not checked beyond our sold set),0,none,0,PASS,0.8,0.2,0.0,,,,0,0,0,0,,PROXY: exact-SLD alt-TLD + hyphen .com sites in_use (D1 prospects only),FAIL,FAIL,0.46,0.3,-12.06,DEMAND1,DEMAND-1|LEAD-1(proxy)|EV-1/RATIO-1,0
gosunmed.com,go sun med,3,8,descriptive_other,2021-10-20,2026-10-20,"GoDaddy.com, LLC",10/06/2026 07:45,"SnapNames public deleting list (deletinglist.zip, downloaded 2026-10-06 ~02:08 IDT)",https://www.snapnames.com/file_dl.sn?file=deletinglist.zip,In pending-delete list (owner did not renew) + RDAP created 2021-2025; unsold by that owner (sale not checked beyond our sold set),0,none,0,PASS,0.15,0.1,0.0,118,118,,0,0,0,0,,PROXY: exact-SLD alt-TLD + hyphen .com sites in_use (D1 prospects only),FAIL,FAIL,0.46,0.3,-12.06,DEMAND1,DEMAND-1|LEAD-1(proxy)|EV-1/RATIO-1,0
examplebuddy.com,example buddy,2,12,descriptive_other,2025-07-22,2026-07-22,"GoDaddy.com, LLC",10/09/2026 07:45,"SnapNames public deleting list (deletinglist.zip, downloaded 2026-10-06 ~02:08 IDT)",https://www.snapnames.com/file_dl.sn?file=deletinglist.zip,In pending-delete list (owner did not renew) + RDAP created 2021-2025; unsold by that owner (sale not checked beyond our sold set),0,none,0,PASS,0.65,0.15,0.0,,,,0,0,0,0,,PROXY: exact-SLD alt-TLD + hyphen .com sites in_use (D1 prospects only),FAIL,FAIL,0.46,0.3,-12.06,DEMAND1,DEMAND-1|LEAD-1(proxy)|EV-1/RATIO-1,0
loscentclothing.com,los cent clothing,3,15,descriptive_other,2025-07-20,2026-07-20,Tucows Domains Inc.,10/06/2026 07:45,"SnapNames public deleting list (deletinglist.zip, downloaded 2026-10-06 ~02:08 IDT)",https://www.snapnames.com/file_dl.sn?file=deletinglist.zip,In pending-delete list (owner did not renew) + RDAP created 2021-2025; unsold by that owner (sale not checked beyond our sold set),0,none,0,PASS,0.0,0.0,0.0,,,,0,0,0,0,,PROXY: exact-SLD alt-TLD + hyphen .com sites in_use (D1 prospects only),FAIL,FAIL,0.46,0.3,-12.06,DEMAND1,DEMAND-1|LEAD-1(proxy)|EV-1/RATIO-1,0
sportenhance.com,sport enhance,2,12,descriptive_other,2025-07-23,2026-07-23,Dynadot Inc,10/08/2026 07:45,"SnapNames public deleting list (deletinglist.zip, downloaded 2026-10-06 ~02:08 IDT)",https://www.snapnames.com/file_dl.sn?file=deletinglist.zip,In pending-delete list (owner did not renew) + RDAP created 2021-2025; unsold by that owner (sale not checked beyond our sold set),3,parked,1,PASS_PARKED(-10),0.55,0.0,0.1,,,,0,0,0,0,,PROXY: exact-SLD alt-TLD + hyphen .com sites in_use (D1 prospects only),FAIL,FAIL,0.46,0.3,-12.06,DEMAND1,DEMAND-1|LEAD-1(proxy)|EV-1/RATIO-1,1
ambulanceportal.com,ambulance portal,2,15,descriptive_other,2025-07-19,2026-07-19,"HOSTINGER operations, UAB",10/07/2026 07:45,"SnapNames public deleting list (deletinglist.zip, downloaded 2026-10-06 ~02:08 IDT)",https://www.snapnames.com/file_dl.sn?file=deletinglist.zip,In pending-delete list (owner did not renew) + RDAP created 2021-2025; unsold by that owner (sale not checked beyond our sold set),12,content,1,REJECT_CONTENT,0.45,0.0,0.0,,,,0,0,0,0,,PROXY: exact-SLD alt-TLD + hyphen .com sites in_use (D1 prospects only),FAIL,FAIL,0.46,0.3,-12.06,HIST1,HIST-1|DEMAND-1|LEAD-1(proxy)|EV-1/RATIO-1,0
bullgreencamp.com,bull green camp,3,13,descriptive_other,2021-07-20,2026-07-20,"GoDaddy.com, LLC",10/07/2026 07:45,"SnapNames public deleting list (deletinglist.zip, downloaded 2026-10-06 ~02:08 IDT)",https://www.snapnames.com/file_dl.sn?file=deletinglist.zip,In pending-delete list (owner did not renew) + RDAP created 2021-2025; unsold by that owner (sale not checked beyond our sold set),0,none,0,PASS,0.0,0.0,0.0,,,,0,0,0,0,,PROXY: exact-SLD alt-TLD + hyphen .com sites in_use (D1 prospects only),FAIL,FAIL,0.46,0.3,-12.06,DEMAND1,DEMAND-1|LEAD-1(proxy)|EV-1/RATIO-1,0
danmamaproperties.com,dan mama properties,3,17,descriptive_other,2025-07-25,2026-07-25,Name SRS AB,10/06/2026 07:45,"SnapNames public deleting list (deletinglist.zip, downloaded 2026-10-06 ~02:08 IDT)",https://www.snapnames.com/file_dl.sn?file=deletinglist.zip,In pending-delete list (owner did not renew) + RDAP created 2021-2025; unsold by that owner (sale not checked beyond our sold set),0,none,0,PASS,0.0,0.0,0.0,,,,0,0,0,0,,PROXY: exact-SLD alt-TLD + hyphen .com sites in_use (D1 prospects only),FAIL,FAIL,0.46,0.3,-12.06,DEMAND1,DEMAND-1|LEAD-1(proxy)|EV-1/RATIO-1,0
buddypunchinc.com,buddy punch inc,3,13,descriptive_other,2025-07-21,2026-07-21,"Cloudflare, Inc.",10/06/2026 07:45,"SnapNames public deleting list (deletinglist.zip, downloaded 2026-10-06 ~02:08 IDT)",https://www.snapnames.com/file_dl.sn?file=deletinglist.zip,In pending-delete list (owner did not renew) + RDAP created 2021-2025; unsold by that owner (sale not checked beyond our sold set),0,none,0,PASS,0.15,0.0,0.0,,,,0,0,0,0,,PROXY: exact-SLD alt-TLD + hyphen .com sites in_use (D1 prospects only),FAIL,FAIL,0.46,0.3,-12.06,DEMAND1,DEMAND-1|LEAD-1(proxy)|EV-1/RATIO-1,0
allmydocuments.com,all my documents,3,14,descriptive_other,2025-07-18,2026-07-18,Domain Science Kutatasi Szolgaltato Korlatolt Felelossegu Tarsasag,10/07/2026 07:45,"SnapNames public deleting list (deletinglist.zip, downloaded 2026-10-06 ~02:08 IDT)",https://www.snapnames.com/file_dl.sn?file=deletinglist.zip,In pending-delete list (owner did not renew) + RDAP created 2021-2025; unsold by that owner (sale not checked beyond our sold set),25,forsale,1,PASS_PARKED(-10),0.3,0.15,0.0,,,,3,0,0,0,,PROXY: exact-SLD alt-TLD + hyphen .com sites in_use (D1 prospects only),FAIL,FAIL,0.46,0.3,-12.06,DEMAND1,DEMAND-1|LEAD-1(proxy)|EV-1/RATIO-1,0
liftitforward.com,lift it forward,3,13,descriptive_other,2021-01-07,2027-01-07,"GoDaddy.com, LLC",10/08/2026 07:45,"SnapNames public deleting list (deletinglist.zip, downloaded 2026-10-06 ~02:08 IDT)",https://www.snapnames.com/file_dl.sn?file=deletinglist.zip,In pending-delete list (owner did not renew) + RDAP created 2021-2025; unsold by that owner (sale not checked beyond our sold set),0,none,0,PASS,0.05,0.0,0.0,,,21,1,0,0,0,,PROXY: exact-SLD alt-TLD + hyphen .com sites in_use (D1 prospects only),FAIL,FAIL,0.46,0.3,-12.06,DEMAND1,DEMAND-1|LEAD-1(proxy)|EV-1/RATIO-1,0
gemriseinternational.com,gem rise international,3,20,descriptive_other,2025-07-19,2026-07-19,"HOSTINGER operations, UAB",10/07/2026 07:45,"SnapNames public deleting list (deletinglist.zip, downloaded 2026-10-06 ~02:08 IDT)",https://www.snapnames.com/file_dl.sn?file=deletinglist.zip,In pending-delete list (owner did not renew) + RDAP created 2021-2025; unsold by that owner (sale not checked beyond our sold set),0,none,0,PASS,0.0,0.0,0.0,148,148,,0,0,0,0,,PROXY: exact-SLD alt-TLD + hyphen .com sites in_use (D1 prospects only),FAIL,FAIL,0.46,0.3,-12.06,DEMAND1,DEMAND-1|LEAD-1(proxy)|EV-1/RATIO-1,0
saltairsocial.com,salt air social,3,13,descriptive_other,2025-07-20,2026-07-20,"GoDaddy.com, LLC",10/07/2026 07:45,"SnapNames public deleting list (deletinglist.zip, downloaded 2026-10-06 ~02:08 IDT)",https://www.snapnames.com/file_dl.sn?file=deletinglist.zip,In pending-delete list (owner did not renew) + RDAP created 2021-2025; unsold by that owner (sale not checked beyond our sold set),0,none,0,PASS,0.1,0.0,0.0,,,,1,0,0,0,,PROXY: exact-SLD alt-TLD + hyphen .com sites in_use (D1 prospects only),FAIL,FAIL,0.46,0.3,-12.06,DEMAND1,DEMAND-1|LEAD-1(proxy)|EV-1/RATIO-1,0
flipfixdiy.com,flip fix diy,3,10,descriptive_other,2025-07-21,2026-07-21,"GoDaddy.com, LLC",10/08/2026 07:45,"SnapNames public deleting list (deletinglist.zip, downloaded 2026-10-06 ~02:08 IDT)",https://www.snapnames.com/file_dl.sn?file=deletinglist.zip,In pending-delete list (owner did not renew) + RDAP created 2021-2025; unsold by that owner (sale not checked beyond our sold set),0,none,0,PASS,0.0,0.0,0.0,,,,0,0,0,0,,PROXY: exact-SLD alt-TLD + hyphen .com sites in_use (D1 prospects only),FAIL,FAIL,0.46,0.3,-12.06,DEMAND1,DEMAND-1|LEAD-1(proxy)|EV-1/RATIO-1,0
agewed.com,age wed,2,6,descriptive_other,2025-07-23,2026-07-23,Dynadot Inc,10/08/2026 07:45,"SnapNames public deleting list (deletinglist.zip, downloaded 2026-10-06 ~02:08 IDT)",https://www.snapnames.com/file_dl.sn?file=deletinglist.zip,In pending-delete list (owner did not renew) + RDAP created 2021-2025; unsold by that owner (sale not checked beyond our sold set),0,none,0,PASS,0.5,0.1,0.05,,,,0,0,0,0,,PROXY: exact-SLD alt-TLD + hyphen .com sites in_use (D1 prospects only),FAIL,FAIL,0.46,0.3,-12.06,DEMAND1,DEMAND-1|LEAD-1(proxy)|EV-1/RATIO-1,0
cookthreads.com,cook threads,2,11,descriptive_other,2023-07-22,2026-07-22,Tucows Domains Inc.,10/08/2026 07:45,"SnapNames public deleting list (deletinglist.zip, downloaded 2026-10-06 ~02:08 IDT)",https://www.snapnames.com/file_dl.sn?file=deletinglist.zip,In pending-delete list (owner did not renew) + RDAP created 2021-2025; unsold by that owner (sale not checked beyond our sold set),1,parked,1,PASS_PARKED(-10),0.95,0.2,0.05,,,,0,0,0,0,,PROXY: exact-SLD alt-TLD + hyphen .com sites in_use (D1 prospects only),FAIL,FAIL,0.46,0.3,-12.06,DEMAND1,DEMAND-1|LEAD-1(proxy)|EV-1/RATIO-1,1
loveprettyshop.com,love pretty shop,3,14,descriptive_other,2025-07-20,2026-07-20,"NameCheap, Inc.",10/07/2026 07:45,"SnapNames public deleting list (deletinglist.zip, downloaded 2026-10-06 ~02:08 IDT)",https://www.snapnames.com/file_dl.sn?file=deletinglist.zip,In pending-delete list (owner did not renew) + RDAP created 2021-2025; unsold by that owner (sale not checked beyond our sold set),0,none,0,PASS,0.0,0.0,0.0,1037,1037,,0,0,0,0,,PROXY: exact-SLD alt-TLD + hyphen .com sites in_use (D1 prospects only),FAIL,FAIL,0.46,0.3,-12.06,DEMAND1,DEMAND-1|LEAD-1(proxy)|EV-1/RATIO-1,0
absolutedigitaldata.com,absolute digital data,3,19,tech_compliance,2025-07-24,2026-07-24,Dynadot Inc,10/09/2026 07:45,"SnapNames public deleting list (deletinglist.zip, downloaded 2026-10-06 ~02:08 IDT)",https://www.snapnames.com/file_dl.sn?file=deletinglist.zip,In pending-delete list (owner did not renew) + RDAP created 2021-2025; unsold by that owner (sale not checked beyond our sold set),0,none,0,PASS,0.05,0.0,0.0,,,,0,0,0,0,,PROXY: exact-SLD alt-TLD + hyphen .com sites in_use (D1 prospects only),FAIL,FAIL,0.46,0.3,-12.06,DEMAND1,DEMAND-1|LEAD-1(proxy)|EV-1/RATIO-1,0
cryptobossman.com,crypto boss man,3,13,tech_compliance,2025-07-19,2026-07-19,"NameCheap, Inc.",10/06/2026 07:45,"SnapNames public deleting list (deletinglist.zip, downloaded 2026-10-06 ~02:08 IDT)",https://www.snapnames.com/file_dl.sn?file=deletinglist.zip,In pending-delete list (owner did not renew) + RDAP created 2021-2025; unsold by that owner (sale not checked beyond our sold set),2,parked,1,PASS_PARKED(-10),0.05,0.0,0.0,,,,0,0,0,0,,PROXY: exact-SLD alt-TLD + hyphen .com sites in_use (D1 prospects only),FAIL,FAIL,0.46,0.3,-12.06,DEMAND1,DEMAND-1|LEAD-1(proxy)|EV-1/RATIO-1,0
twodigitalmarketing.com,two digital marketing,3,19,tech_compliance,2024-08-01,2026-08-01,IONOS SE,10/06/2026 07:45,"SnapNames public deleting list (deletinglist.zip, downloaded 2026-10-06 ~02:08 IDT)",https://www.snapnames.com/file_dl.sn?file=deletinglist.zip,In pending-delete list (owner did not renew) + RDAP created 2021-2025; unsold by that owner (sale not checked beyond our sold set),0,none,0,PASS,0.25,0.05,0.0,,,,0,0,0,0,,PROXY: exact-SLD alt-TLD + hyphen .com sites in_use (D1 prospects only),FAIL,FAIL,0.46,0.3,-12.06,DEMAND1,DEMAND-1|LEAD-1(proxy)|EV-1/RATIO-1,0
hellobossmedia.com,hello boss media,3,14,tech_compliance,2024-07-22,2026-07-22,"NameCheap, Inc.",10/09/2026 07:45,"SnapNames public deleting list (deletinglist.zip, downloaded 2026-10-06 ~02:08 IDT)",https://www.snapnames.com/file_dl.sn?file=deletinglist.zip,In pending-delete list (owner did not renew) + RDAP created 2021-2025; unsold by that owner (sale not checked beyond our sold set),0,none,0,PASS,0.2,0.15,0.0,,,,0,0,0,0,,PROXY: exact-SLD alt-TLD + hyphen .com sites in_use (D1 prospects only),FAIL,FAIL,0.46,0.3,-12.06,DEMAND1,DEMAND-1|LEAD-1(proxy)|EV-1/RATIO-1,0
housemediaproductions.com,house media productions,3,21,tech_compliance,2025-07-20,2026-07-20,"GoDaddy.com, LLC",10/07/2026 07:45,"SnapNames public deleting list (deletinglist.zip, downloaded 2026-10-06 ~02:08 IDT)",https://www.snapnames.com/file_dl.sn?file=deletinglist.zip,In pending-delete list (owner did not renew) + RDAP created 2021-2025; unsold by that owner (sale not checked beyond our sold set),4,parked,1,PASS_PARKED(-10),0.1,0.05,0.0,,,,0,0,0,0,,PROXY: exact-SLD alt-TLD + hyphen .com sites in_use (D1 prospects only),FAIL,FAIL,0.46,0.3,-12.06,DEMAND1,DEMAND-1|LEAD-1(proxy)|EV-1/RATIO-1,0
trypeelai.com,try peel ai,3,9,tech_compliance,2025-07-21,2026-07-21,Dynadot Inc,10/06/2026 07:45,"SnapNames public deleting list (deletinglist.zip, downloaded 2026-10-06 ~02:08 IDT)",https://www.snapnames.com/file_dl.sn?file=deletinglist.zip,In pending-delete list (owner did not renew) + RDAP created 2021-2025; unsold by that owner (sale not checked beyond our sold set),0,none,0,PASS,0.0,0.0,0.0,405,405,,0,0,0,0,,PROXY: exact-SLD alt-TLD + hyphen .com sites in_use (D1 prospects only),FAIL,FAIL,0.46,0.3,-12.06,DEMAND1,DEMAND-1|LEAD-1(proxy)|EV-1/RATIO-1,0
totalaccessai.com,total access ai,3,13,tech_compliance,2023-07-20,2026-07-20,"Spaceship, Inc.",10/07/2026 07:45,"SnapNames public deleting list (deletinglist.zip, downloaded 2026-10-06 ~02:08 IDT)",https://www.snapnames.com/file_dl.sn?file=deletinglist.zip,In pending-delete list (owner did not renew) + RDAP created 2021-2025; unsold by that owner (sale not checked beyond our sold set),0,none,0,PASS,0.05,0.0,0.05,405,405,,0,0,0,0,,PROXY: exact-SLD alt-TLD + hyphen .com sites in_use (D1 prospects only),FAIL,FAIL,0.46,0.3,-12.06,DEMAND1,DEMAND-1|LEAD-1(proxy)|EV-1/RATIO-1,0
datadrivenminds.com,data driven minds,3,15,tech_compliance,2025-07-19,2026-07-19,Slamdunk Domains LLC,10/08/2026 07:45,"SnapNames public deleting list (deletinglist.zip, downloaded 2026-10-06 ~02:08 IDT)",https://www.snapnames.com/file_dl.sn?file=deletinglist.zip,In pending-delete list (owner did not renew) + RDAP created 2021-2025; unsold by that owner (sale not checked beyond our sold set),3,parked,1,PASS_PARKED(-10),0.4,0.1,0.0,,,,0,0,0,0,,PROXY: exact-SLD alt-TLD + hyphen .com sites in_use (D1 prospects only),FAIL,FAIL,0.46,0.3,-12.06,DEMAND1,DEMAND-1|LEAD-1(proxy)|EV-1/RATIO-1,0
amptecheng.com,amp tech eng,3,10,tech_compliance,2025-07-22,2026-07-22,"GoDaddy.com, LLC",10/09/2026 07:45,"SnapNames public deleting list (deletinglist.zip, downloaded 2026-10-06 ~02:08 IDT)",https://www.snapnames.com/file_dl.sn?file=deletinglist.zip,In pending-delete list (owner did not renew) + RDAP created 2021-2025; unsold by that owner (sale not checked beyond our sold set),0,none,0,PASS,0.2,0.1,0.0,,,,0,0,0,0,,PROXY: exact-SLD alt-TLD + hyphen .com sites in_use (D1 prospects only),FAIL,FAIL,0.46,0.3,-12.06,DEMAND1,DEMAND-1|LEAD-1(proxy)|EV-1/RATIO-1,0
engagemarketingsystem.com,engage marketing system,3,21,tech_compliance,2022-07-19,2026-07-19,"GoDaddy.com, LLC",10/06/2026 07:45,"SnapNames public deleting list (deletinglist.zip, downloaded 2026-10-06 ~02:08 IDT)",https://www.snapnames.com/file_dl.sn?file=deletinglist.zip,In pending-delete list (owner did not renew) + RDAP created 2021-2025; unsold by that owner (sale not checked beyond our sold set),0,none,0,PASS,0.1,0.05,0.0,130,130,,0,0,0,0,,PROXY: exact-SLD alt-TLD + hyphen .com sites in_use (D1 prospects only),FAIL,FAIL,0.46,0.3,-12.06,DEMAND1,DEMAND-1|LEAD-1(proxy)|EV-1/RATIO-1,0
helptechsolutions.com,help tech solutions,3,17,tech_compliance,2025-07-19,2026-07-19,"Sav.com, LLC",10/08/2026 07:45,"SnapNames public deleting list (deletinglist.zip, downloaded 2026-10-06 ~02:08 IDT)",https://www.snapnames.com/file_dl.sn?file=deletinglist.zip,In pending-delete list (owner did not renew) + RDAP created 2021-2025; unsold by that owner (sale not checked beyond our sold set),71,parked,1,PASS_PARKED(-10),0.4,0.1,0.0,,,,0,0,0,0,,PROXY: exact-SLD alt-TLD + hyphen .com sites in_use (D1 prospects only),FAIL,FAIL,0.46,0.3,-12.06,DEMAND1,DEMAND-1|LEAD-1(proxy)|EV-1/RATIO-1,0
securedenasset.com,secure den asset,3,14,tech_compliance,2025-07-19,2026-07-19,Porkbun LLC,10/08/2026 07:45,"SnapNames public deleting list (deletinglist.zip, downloaded 2026-10-06 ~02:08 IDT)",https://www.snapnames.com/file_dl.sn?file=deletinglist.zip,In pending-delete list (owner did not renew) + RDAP created 2021-2025; unsold by that owner (sale not checked beyond our sold set),0,none,0,PASS,0.0,0.0,0.0,,,,0,0,0,0,,PROXY: exact-SLD alt-TLD + hyphen .com sites in_use (D1 prospects only),FAIL,FAIL,0.46,0.3,-12.06,DEMAND1,DEMAND-1|LEAD-1(proxy)|EV-1/RATIO-1,0
avevipweb.com,ave vip web,3,9,tech_compliance,2025-08-01,2026-08-01,Gname.com Pte. Ltd.,10/09/2026 07:45,"SnapNames public deleting list (deletinglist.zip, downloaded 2026-10-06 ~02:08 IDT)",https://www.snapnames.com/file_dl.sn?file=deletinglist.zip,In pending-delete list (owner did not renew) + RDAP created 2021-2025; unsold by that owner (sale not checked beyond our sold set),0,none,0,PASS,0.0,0.0,0.0,,,,0,0,0,0,,PROXY: exact-SLD alt-TLD + hyphen .com sites in_use (D1 prospects only),FAIL,FAIL,0.46,0.3,-12.06,DEMAND1,DEMAND-1|LEAD-1(proxy)|EV-1/RATIO-1,0
theadsfix.com,the ads fix,3,9,tech_compliance,2025-07-21,2026-07-21,"NameCheap, Inc.",10/07/2026 07:45,"SnapNames public deleting list (deletinglist.zip, downloaded 2026-10-06 ~02:08 IDT)",https://www.snapnames.com/file_dl.sn?file=deletinglist.zip,In pending-delete list (owner did not renew) + RDAP created 2021-2025; unsold by that owner (sale not checked beyond our sold set),0,none,0,PASS,0.1,0.0,0.0,,,,0,0,0,0,,PROXY: exact-SLD alt-TLD + hyphen .com sites in_use (D1 prospects only),FAIL,FAIL,0.46,0.3,-12.06,DEMAND1,DEMAND-1|LEAD-1(proxy)|EV-1/RATIO-1,0
evakaidigital.com,eva kai digital,3,13,tech_compliance,2025-07-18,2026-07-18,"Name.com, Inc.",10/06/2026 07:45,"SnapNames public deleting list (deletinglist.zip, downloaded 2026-10-06 ~02:08 IDT)",https://www.snapnames.com/file_dl.sn?file=deletinglist.zip,In pending-delete list (owner did not renew) + RDAP created 2021-2025; unsold by that owner (sale not checked beyond our sold set),0,none,0,PASS,0.0,0.0,0.0,186,186,,0,0,0,0,,PROXY: exact-SLD alt-TLD + hyphen .com sites in_use (D1 prospects only),FAIL,FAIL,0.46,0.3,-12.06,DEMAND1,DEMAND-1|LEAD-1(proxy)|EV-1/RATIO-1,0
snowblackvr.com,snow black vr,3,11,tech_compliance,2024-07-21,2026-07-21,IONOS SE,10/09/2026 07:45,"SnapNames public deleting list (deletinglist.zip, downloaded 2026-10-06 ~02:08 IDT)",https://www.snapnames.com/file_dl.sn?file=deletinglist.zip,In pending-delete list (owner did not renew) + RDAP created 2021-2025; unsold by that owner (sale not checked beyond our sold set),22,content,1,REJECT_CONTENT,0.0,0.0,0.0,,,,0,0,0,0,,PROXY: exact-SLD alt-TLD + hyphen .com sites in_use (D1 prospects only),FAIL,FAIL,0.46,0.3,-12.06,HIST1,HIST-1|DEMAND-1|LEAD-1(proxy)|EV-1/RATIO-1,0
emailflowmode.com,email flow mode,3,13,tech_compliance,2025-07-24,2026-07-24,Dynadot Inc,10/09/2026 07:45,"SnapNames public deleting list (deletinglist.zip, downloaded 2026-10-06 ~02:08 IDT)",https://www.snapnames.com/file_dl.sn?file=deletinglist.zip,In pending-delete list (owner did not renew) + RDAP created 2021-2025; unsold by that owner (sale not checked beyond our sold set),0,none,0,PASS,0.1,0.0,0.0,,,,0,0,0,0,,PROXY: exact-SLD alt-TLD + hyphen .com sites in_use (D1 prospects only),FAIL,FAIL,0.46,0.3,-12.06,DEMAND1,DEMAND-1|LEAD-1(proxy)|EV-1/RATIO-1,0
digitalcreatormama.com,digital creator mama,3,18,tech_compliance,2025-07-19,2026-07-19,"Name.com, Inc.",10/07/2026 07:45,"SnapNames public deleting list (deletinglist.zip, downloaded 2026-10-06 ~02:08 IDT)",https://www.snapnames.com/file_dl.sn?file=deletinglist.zip,In pending-delete list (owner did not renew) + RDAP created 2021-2025; unsold by that owner (sale not checked beyond our sold set),0,none,0,PASS,0.1,0.0,0.0,,,399,0,0,0,0,,PROXY: exact-SLD alt-TLD + hyphen .com sites in_use (D1 prospects only),FAIL,FAIL,0.46,0.3,-12.06,DEMAND1,DEMAND-1|LEAD-1(proxy)|EV-1/RATIO-1,0
absolutedigitaldrive.com,absolute digital drive,3,20,tech_compliance,2025-07-24,2026-07-24,Dynadot Inc,10/09/2026 07:45,"SnapNames public deleting list (deletinglist.zip, downloaded 2026-10-06 ~02:08 IDT)",https://www.snapnames.com/file_dl.sn?file=deletinglist.zip,In pending-delete list (owner did not renew) + RDAP created 2021-2025; unsold by that owner (sale not checked beyond our sold set),0,none,0,PASS,0.05,0.0,0.0,,,,0,0,0,0,,PROXY: exact-SLD alt-TLD + hyphen .com sites in_use (D1 prospects only),FAIL,FAIL,0.46,0.3,-12.06,DEMAND1,DEMAND-1|LEAD-1(proxy)|EV-1/RATIO-1,0
champsalesplatform.com,champ sales platform,3,18,tech_compliance,2025-07-22,2026-07-22,Dynadot Inc,10/07/2026 07:45,"SnapNames public deleting list (deletinglist.zip, downloaded 2026-10-06 ~02:08 IDT)",https://www.snapnames.com/file_dl.sn?file=deletinglist.zip,In pending-delete list (owner did not renew) + RDAP created 2021-2025; unsold by that owner (sale not checked beyond our sold set),0,none,0,PASS,0.15,0.05,0.0,,,,0,0,0,0,,PROXY: exact-SLD alt-TLD + hyphen .com sites in_use (D1 prospects only),FAIL,FAIL,0.46,0.3,-12.06,DEMAND1,DEMAND-1|LEAD-1(proxy)|EV-1/RATIO-1,0
lockcodetracker.com,lock code tracker,3,15,tech_compliance,2025-07-22,2026-07-22,"NameCheap, Inc.",10/08/2026 07:45,"SnapNames public deleting list (deletinglist.zip, downloaded 2026-10-06 ~02:08 IDT)",https://www.snapnames.com/file_dl.sn?file=deletinglist.zip,In pending-delete list (owner did not renew) + RDAP created 2021-2025; unsold by that owner (sale not checked beyond our sold set),0,none,0,PASS,0.0,0.0,0.0,,,,0,0,0,0,,PROXY: exact-SLD alt-TLD + hyphen .com sites in_use (D1 prospects only),FAIL,FAIL,0.46,0.3,-12.06,DEMAND1,DEMAND-1|LEAD-1(proxy)|EV-1/RATIO-1,0
aipokerplayer.com,ai poker player,3,13,tech_compliance,2025-07-21,2026-07-21,"GoDaddy.com, LLC",10/08/2026 07:45,"SnapNames public deleting list (deletinglist.zip, downloaded 2026-10-06 ~02:08 IDT)",https://www.snapnames.com/file_dl.sn?file=deletinglist.zip,In pending-delete list (owner did not renew) + RDAP created 2021-2025; unsold by that owner (sale not checked beyond our sold set),2,parked,1,PASS_PARKED(-10),0.1,0.0,0.0,,,344,0,0,0,0,,PROXY: exact-SLD alt-TLD + hyphen .com sites in_use (D1 prospects only),FAIL,FAIL,0.46,0.3,-12.06,DEMAND1,DEMAND-1|LEAD-1(proxy)|EV-1/RATIO-1,0
aitextwriters.com,ai text writers,3,13,tech_compliance,2021-07-21,2026-07-21,Porkbun LLC,10/09/2026 07:45,"SnapNames public deleting list (deletinglist.zip, downloaded 2026-10-06 ~02:08 IDT)",https://www.snapnames.com/file_dl.sn?file=deletinglist.zip,In pending-delete list (owner did not renew) + RDAP created 2021-2025; unsold by that owner (sale not checked beyond our sold set),0,none,0,PASS,0.05,0.0,0.0,,,344,0,0,0,0,,PROXY: exact-SLD alt-TLD + hyphen .com sites in_use (D1 prospects only),FAIL,FAIL,0.46,0.3,-12.06,DEMAND1,DEMAND-1|LEAD-1(proxy)|EV-1/RATIO-1,0
quantumfieldmedia.com,quantum field media,3,17,tech_compliance,2022-07-20,2026-07-20,"GoDaddy.com, LLC",10/07/2026 07:45,"SnapNames public deleting list (deletinglist.zip, downloaded 2026-10-06 ~02:08 IDT)",https://www.snapnames.com/file_dl.sn?file=deletinglist.zip,In pending-delete list (owner did not renew) + RDAP created 2021-2025; unsold by that owner (sale not checked beyond our sold set),0,none,0,PASS,0.0,0.0,0.0,,,,0,0,0,0,,PROXY: exact-SLD alt-TLD + hyphen .com sites in_use (D1 prospects only),FAIL,FAIL,0.46,0.3,-12.06,DEMAND1,DEMAND-1|LEAD-1(proxy)|EV-1/RATIO-1,0
adaptmateai.com,adapt mate ai,3,11,tech_compliance,2025-07-22,2026-07-22,Dynadot Inc,10/07/2026 07:45,"SnapNames public deleting list (deletinglist.zip, downloaded 2026-10-06 ~02:08 IDT)",https://www.snapnames.com/file_dl.sn?file=deletinglist.zip,In pending-delete list (owner did not renew) + RDAP created 2021-2025; unsold by that owner (sale not checked beyond our sold set),0,none,0,PASS,0.3,0.0,0.0,405,405,,0,0,0,0,,PROXY: exact-SLD alt-TLD + hyphen .com sites in_use (D1 prospects only),FAIL,FAIL,0.46,0.3,-12.06,DEMAND1,DEMAND-1|LEAD-1(proxy)|EV-1/RATIO-1,0
fitscapeapp.com,fits cape app,3,11,tech_compliance,2022-07-22,2026-07-22,"GoDaddy.com, LLC",10/09/2026 07:45,"SnapNames public deleting list (deletinglist.zip, downloaded 2026-10-06 ~02:08 IDT)",https://www.snapnames.com/file_dl.sn?file=deletinglist.zip,In pending-delete list (owner did not renew) + RDAP created 2021-2025; unsold by that owner (sale not checked beyond our sold set),0,none,0,PASS,0.0,0.0,0.0,,,,0,0,0,0,,PROXY: exact-SLD alt-TLD + hyphen .com sites in_use (D1 prospects only),FAIL,FAIL,0.46,0.3,-12.06,DEMAND1,DEMAND-1|LEAD-1(proxy)|EV-1/RATIO-1,0
swanbitcoinsupports.com,swan bitcoin supports,3,19,tech_compliance,2025-07-26,2026-07-26,Name SRS AB,10/07/2026 07:45,"SnapNames public deleting list (deletinglist.zip, downloaded 2026-10-06 ~02:08 IDT)",https://www.snapnames.com/file_dl.sn?file=deletinglist.zip,In pending-delete list (owner did not renew) + RDAP created 2021-2025; unsold by that owner (sale not checked beyond our sold set),0,none,0,PASS,0.0,0.0,0.0,,,,0,0,0,0,,PROXY: exact-SLD alt-TLD + hyphen .com sites in_use (D1 prospects only),FAIL,FAIL,0.46,0.3,-12.06,DEMAND1,DEMAND-1|LEAD-1(proxy)|EV-1/RATIO-1,0
bridgevestapp.com,bridge vest app,3,13,tech_compliance,2025-07-19,2026-07-19,Squarespace Domains LLC,10/06/2026 07:45,"SnapNames public deleting list (deletinglist.zip, downloaded 2026-10-06 ~02:08 IDT)",https://www.snapnames.com/file_dl.sn?file=deletinglist.zip,In pending-delete list (owner did not renew) + RDAP created 2021-2025; unsold by that owner (sale not checked beyond our sold set),0,none,0,PASS,0.05,0.0,0.0,,,40,0,0,0,0,,PROXY: exact-SLD alt-TLD + hyphen .com sites in_use (D1 prospects only),FAIL,FAIL,0.46,0.3,-12.06,DEMAND1,DEMAND-1|LEAD-1(proxy)|EV-1/RATIO-1,0
windshearmedia.com,winds hear media,3,14,tech_compliance,2025-07-22,2026-07-22,"NameCheap, Inc.",10/09/2026 07:45,"SnapNames public deleting list (deletinglist.zip, downloaded 2026-10-06 ~02:08 IDT)",https://www.snapnames.com/file_dl.sn?file=deletinglist.zip,In pending-delete list (owner did not renew) + RDAP created 2021-2025; unsold by that owner (sale not checked beyond our sold set),14,content,1,REJECT_CONTENT,0.05,0.0,0.0,,,,0,0,0,0,,PROXY: exact-SLD alt-TLD + hyphen .com sites in_use (D1 prospects only),FAIL,FAIL,0.46,0.3,-12.06,HIST1,HIST-1|DEMAND-1|LEAD-1(proxy)|EV-1/RATIO-1,0
fastleadsus.com,fast leads us,3,11,tech_compliance,2024-07-21,2026-07-21,"GoDaddy.com, LLC",10/08/2026 07:45,"SnapNames public deleting list (deletinglist.zip, downloaded 2026-10-06 ~02:08 IDT)",https://www.snapnames.com/file_dl.sn?file=deletinglist.zip,In pending-delete list (owner did not renew) + RDAP created 2021-2025; unsold by that owner (sale not checked beyond our sold set),0,none,0,PASS,0.1,0.0,0.0,,,,0,0,0,0,,PROXY: exact-SLD alt-TLD + hyphen .com sites in_use (D1 prospects only),FAIL,FAIL,0.46,0.3,-12.06,DEMAND1,DEMAND-1|LEAD-1(proxy)|EV-1/RATIO-1,0
flexibleemail.com,flexible email,2,13,tech_compliance,2023-07-30,2026-07-30,Gname.com Pte. Ltd.,10/07/2026 07:45,"SnapNames public deleting list (deletinglist.zip, downloaded 2026-10-06 ~02:08 IDT)",https://www.snapnames.com/file_dl.sn?file=deletinglist.zip,In pending-delete list (owner did not renew) + RDAP created 2021-2025; unsold by that owner (sale not checked beyond our sold set),5,forsale,1,PASS_PARKED(-10),0.85,0.1,0.15,,,,0,0,0,0,,PROXY: exact-SLD alt-TLD + hyphen .com sites in_use (D1 prospects only),FAIL,FAIL,0.46,0.3,-12.06,DEMAND1,DEMAND-1|LEAD-1(proxy)|EV-1/RATIO-1,1
boxenergytech.com,box energy tech,3,13,tech_compliance,2025-07-29,2026-07-29,Gname.com Pte. Ltd.,10/06/2026 07:45,"SnapNames public deleting list (deletinglist.zip, downloaded 2026-10-06 ~02:08 IDT)",https://www.snapnames.com/file_dl.sn?file=deletinglist.zip,In pending-delete list (owner did not renew) + RDAP created 2021-2025; unsold by that owner (sale not checked beyond our sold set),23,parked,1,PASS_PARKED(-10),0.05,0.0,0.0,385,385,67,0,0,0,0,,PROXY: exact-SLD alt-TLD + hyphen .com sites in_use (D1 prospects only),FAIL,FAIL,0.46,0.3,-12.06,DEMAND1,DEMAND-1|LEAD-1(proxy)|EV-1/RATIO-1,0
cryptorichhelp.com,crypto rich help,3,14,tech_compliance,2025-07-19,2026-07-19,"Spaceship, Inc.",10/06/2026 07:45,"SnapNames public deleting list (deletinglist.zip, downloaded 2026-10-06 ~02:08 IDT)",https://www.snapnames.com/file_dl.sn?file=deletinglist.zip,In pending-delete list (owner did not renew) + RDAP created 2021-2025; unsold by that owner (sale not checked beyond our sold set),0,none,0,PASS,0.0,0.0,0.0,,,,0,0,0,0,,PROXY: exact-SLD alt-TLD + hyphen .com sites in_use (D1 prospects only),FAIL,FAIL,0.46,0.3,-12.06,DEMAND1,DEMAND-1|LEAD-1(proxy)|EV-1/RATIO-1,0
thehomeman.com,the home man,3,10,service_keyword,2025-07-17,2026-07-17,Domain Science Kutatasi Szolgaltato Korlatolt Felelossegu Tarsasag,10/06/2026 07:45,"SnapNames public deleting list (deletinglist.zip, downloaded 2026-10-06 ~02:08 IDT)",https://www.snapnames.com/file_dl.sn?file=deletinglist.zip,In pending-delete list (owner did not renew) + RDAP created 2021-2025; unsold by that owner (sale not checked beyond our sold set),54,parked,1,PASS_PARKED(-10),0.25,0.0,0.05,,,,1,0,1,1,,PROXY: exact-SLD alt-TLD + hyphen .com sites in_use (D1 prospects only),FAIL,FAIL,0.68,0.44,-9.55,DEMAND1,DEMAND-1|LEAD-1(proxy)|EV-1/RATIO-1,0
taxflowjump.com,tax flow jump,3,11,service_keyword,2025-07-28,2026-07-28,"Gransy, s.r.o.",10/09/2026 07:45,"SnapNames public deleting list (deletinglist.zip, downloaded 2026-10-06 ~02:08 IDT)",https://www.snapnames.com/file_dl.sn?file=deletinglist.zip,In pending-delete list (owner did not renew) + RDAP created 2021-2025; unsold by that owner (sale not checked beyond our sold set),0,none,0,PASS,0.1,0.0,0.0,,,,0,0,0,0,,PROXY: exact-SLD alt-TLD + hyphen .com sites in_use (D1 prospects only),FAIL,FAIL,0.46,0.3,-12.06,DEMAND1,DEMAND-1|LEAD-1(proxy)|EV-1/RATIO-1,0
industrialmoldshops.com,industrial mold shops,3,19,service_keyword,2023-07-19,2026-07-19,"eNom, LLC",10/06/2026 07:45,"SnapNames public deleting list (deletinglist.zip, downloaded 2026-10-06 ~02:08 IDT)",https://www.snapnames.com/file_dl.sn?file=deletinglist.zip,In pending-delete list (owner did not renew) + RDAP created 2021-2025; unsold by that owner (sale not checked beyond our sold set),0,none,0,PASS,0.0,0.0,0.0,,,,0,0,0,0,,PROXY: exact-SLD alt-TLD + hyphen .com sites in_use (D1 prospects only),FAIL,FAIL,0.46,0.3,-12.06,DEMAND1,DEMAND-1|LEAD-1(proxy)|EV-1/RATIO-1,0
theprestigespa.com,the prestige spa,3,14,service_keyword,2025-07-21,2026-07-21,"GoDaddy.com, LLC",10/08/2026 07:45,"SnapNames public deleting list (deletinglist.zip, downloaded 2026-10-06 ~02:08 IDT)",https://www.snapnames.com/file_dl.sn?file=deletinglist.zip,In pending-delete list (owner did not renew) + RDAP created 2021-2025; unsold by that owner (sale not checked beyond our sold set),2,parked,1,PASS_PARKED(-10),0.1,0.0,0.0,,,,0,0,0,0,,PROXY: exact-SLD alt-TLD + hyphen .com sites in_use (D1 prospects only),FAIL,FAIL,0.46,0.3,-12.06,DEMAND1,DEMAND-1|LEAD-1(proxy)|EV-1/RATIO-1,0
getsolartrack.com,get solar track,3,13,service_keyword,2025-07-24,2026-07-24,Dynadot Inc,10/09/2026 07:45,"SnapNames public deleting list (deletinglist.zip, downloaded 2026-10-06 ~02:08 IDT)",https://www.snapnames.com/file_dl.sn?file=deletinglist.zip,In pending-delete list (owner did not renew) + RDAP created 2021-2025; unsold by that owner (sale not checked beyond our sold set),0,none,0,PASS,0.1,0.05,0.0,,,,0,0,0,0,,PROXY: exact-SLD alt-TLD + hyphen .com sites in_use (D1 prospects only),FAIL,FAIL,0.46,0.3,-12.06,DEMAND1,DEMAND-1|LEAD-1(proxy)|EV-1/RATIO-1,0
chelseanoahwedding.com,chelsea noah wedding,3,18,service_keyword,2025-07-22,2026-07-22,Squarespace Domains LLC,10/09/2026 07:45,"SnapNames public deleting list (deletinglist.zip, downloaded 2026-10-06 ~02:08 IDT)",https://www.snapnames.com/file_dl.sn?file=deletinglist.zip,In pending-delete list (owner did not renew) + RDAP created 2021-2025; unsold by that owner (sale not checked beyond our sold set),0,none,0,PASS,0.0,0.0,0.0,,,,0,0,0,0,,PROXY: exact-SLD alt-TLD + hyphen .com sites in_use (D1 prospects only),FAIL,FAIL,0.46,0.3,-12.06,DEMAND1,DEMAND-1|LEAD-1(proxy)|EV-1/RATIO-1,0
taxlicensepro.com,tax license pro,3,13,service_keyword,2025-07-21,2026-07-21,"GoDaddy.com, LLC",10/07/2026 07:45,"SnapNames public deleting list (deletinglist.zip, downloaded 2026-10-06 ~02:08 IDT)",https://www.snapnames.com/file_dl.sn?file=deletinglist.zip,In pending-delete list (owner did not renew) + RDAP created 2021-2025; unsold by that owner (sale not checked beyond our sold set),0,none,0,PASS,0.0,0.0,0.0,,,,0,0,0,0,,PROXY: exact-SLD alt-TLD + hyphen .com sites in_use (D1 prospects only),FAIL,FAIL,0.46,0.3,-12.06,DEMAND1,DEMAND-1|LEAD-1(proxy)|EV-1/RATIO-1,0
alwaysmovingstorage.com,always moving storage,3,19,service_keyword,2024-07-20,2026-07-20,IONOS SE,10/07/2026 07:45,"SnapNames public deleting list (deletinglist.zip, downloaded 2026-10-06 ~02:08 IDT)",https://www.snapnames.com/file_dl.sn?file=deletinglist.zip,In pending-delete list (owner did not renew) + RDAP created 2021-2025; unsold by that owner (sale not checked beyond our sold set),3,none,1,REJECT_REDIRECT,0.0,0.0,0.0,,,,0,0,0,0,,PROXY: exact-SLD alt-TLD + hyphen .com sites in_use (D1 prospects only),FAIL,FAIL,0.46,0.3,-12.06,HIST1,HIST-1|DEMAND-1|LEAD-1(proxy)|EV-1/RATIO-1,0
montrealnailsalon.com,montreal nail salon,3,17,geo_service,2025-07-21,2026-07-21,"Spaceship, Inc.",10/08/2026 07:45,"SnapNames public deleting list (deletinglist.zip, downloaded 2026-10-06 ~02:08 IDT)",https://www.snapnames.com/file_dl.sn?file=deletinglist.zip,In pending-delete list (owner did not renew) + RDAP created 2021-2025; unsold by that owner (sale not checked beyond our sold set),5,parked,1,PASS_PARKED(-10),,,,,,,0,0,0,0,0,DR-003 BBB+site method (bt_geo_leads.py),FAIL,,0.19,0.11,-17.93,LEAD1,LEAD-1|EV-1/RATIO-1,0
movingcompanynashville.com,moving company nashville,3,22,geo_service,2025-07-19,2026-07-19,"DreamHost, LLC",10/07/2026 07:45,"SnapNames public deleting list (deletinglist.zip, downloaded 2026-10-06 ~02:08 IDT)",https://www.snapnames.com/file_dl.sn?file=deletinglist.zip,In pending-delete list (owner did not renew) + RDAP created 2021-2025; unsold by that owner (sale not checked beyond our sold set),23,parked,1,PASS_PARKED(-10),,,,,,,0,0,0,2,4,DR-003 BBB+site method (bt_geo_leads.py),FAIL,,0.57,0.34,-13.74,LEAD1,LEAD-1|EV-1/RATIO-1,0
londonfashionstore.com,london fashion store,3,18,geo_service,2025-07-21,2026-07-21,"NameCheap, Inc.",10/08/2026 07:45,"SnapNames public deleting list (deletinglist.zip, downloaded 2026-10-06 ~02:08 IDT)",https://www.snapnames.com/file_dl.sn?file=deletinglist.zip,In pending-delete list (owner did not renew) + RDAP created 2021-2025; unsold by that owner (sale not checked beyond our sold set),14,content,1,REJECT_CONTENT,,,,,,,0,0,0,,,,NOT_RUN,,,,,HIST1,HIST-1|LEAD-1(not run),0
lawyeralbany.com,lawyer albany,2,12,geo_service,2025-07-19,2026-07-19,"Spaceship, Inc.",10/06/2026 07:45,"SnapNames public deleting list (deletinglist.zip, downloaded 2026-10-06 ~02:08 IDT)",https://www.snapnames.com/file_dl.sn?file=deletinglist.zip,In pending-delete list (owner did not renew) + RDAP created 2021-2025; unsold by that owner (sale not checked beyond our sold set),18,parked,1,PASS_PARKED(-10),,,,,,,0,0,0,0,2,DR-003 BBB+site method (bt_geo_leads.py),FAIL,,0.19,0.11,-17.93,LEAD1,LEAD-1|EV-1/RATIO-1,1
foodcateringla.com,food catering la,3,14,geo_service,2025-07-22,2026-07-22,"NameCheap, Inc.",10/09/2026 07:45,"SnapNames public deleting list (deletinglist.zip, downloaded 2026-10-06 ~02:08 IDT)",https://www.snapnames.com/file_dl.sn?file=deletinglist.zip,In pending-delete list (owner did not renew) + RDAP created 2021-2025; unsold by that owner (sale not checked beyond our sold set),5,content,1,REJECT_CONTENT,,,,,,,0,0,0,0,4,DR-003 BBB+site method (bt_geo_leads.py),FAIL,,0.19,0.11,-17.93,HIST1,HIST-1|LEAD-1|EV-1/RATIO-1,0
immigrationattorneydubai.com,immigration attorney dubai,3,24,geo_service,2025-07-19,2026-07-19,"GMO Internet Group, Inc. d/b/a Onamae.com",10/06/2026 07:45,"SnapNames public deleting list (deletinglist.zip, downloaded 2026-10-06 ~02:08 IDT)",https://www.snapnames.com/file_dl.sn?file=deletinglist.zip,In pending-delete list (owner did not renew) + RDAP created 2021-2025; unsold by that owner (sale not checked beyond our sold set),0,none,0,PASS,,,,,,,0,0,0,,,,NOT_RUN,,,,,UNMEASURED,LEAD-1(not run),0
mainestarsolutions.com,maine star solutions,3,18,geo_service,2025-07-20,2026-07-20,"GoDaddy.com, LLC",10/07/2026 07:45,"SnapNames public deleting list (deletinglist.zip, downloaded 2026-10-06 ~02:08 IDT)",https://www.snapnames.com/file_dl.sn?file=deletinglist.zip,In pending-delete list (owner did not renew) + RDAP created 2021-2025; unsold by that owner (sale not checked beyond our sold set),2,none,1,REJECT_REDIRECT,,,,,,,0,0,0,,,,NOT_RUN,,,,,HIST1,HIST-1|LEAD-1(not run),0
homereadyottawa.com,home ready ottawa,3,15,geo_service,2025-07-22,2026-07-22,Wix.com Ltd.,10/07/2026 07:45,"SnapNames public deleting list (deletinglist.zip, downloaded 2026-10-06 ~02:08 IDT)",https://www.snapnames.com/file_dl.sn?file=deletinglist.zip,In pending-delete list (owner did not renew) + RDAP created 2021-2025; unsold by that owner (sale not checked beyond our sold set),0,none,0,PASS,,,,,,570,0,0,0,,,,NOT_RUN,,,,,UNMEASURED,LEAD-1(not run),0
nebraskalasercompany.com,nebraska laser company,3,20,geo_service,2024-07-20,2026-07-20,"GoDaddy.com, LLC",10/07/2026 07:45,"SnapNames public deleting list (deletinglist.zip, downloaded 2026-10-06 ~02:08 IDT)",https://www.snapnames.com/file_dl.sn?file=deletinglist.zip,In pending-delete list (owner did not renew) + RDAP created 2021-2025; unsold by that owner (sale not checked beyond our sold set),0,none,0,PASS,,,,,,,0,0,0,,,,NOT_RUN,,,,,UNMEASURED,LEAD-1(not run),0
coloradoonlinecounseling.com,colorado online counseling,3,24,geo_service,2023-07-18,2027-07-18,"Network Solutions, LLC",10/06/2026 07:45,"SnapNames public deleting list (deletinglist.zip, downloaded 2026-10-06 ~02:08 IDT)",https://www.snapnames.com/file_dl.sn?file=deletinglist.zip,In pending-delete list (owner did not renew) + RDAP created 2021-2025; unsold by that owner (sale not checked beyond our sold set),0,none,0,PASS,,,,,,,0,0,0,,,,NOT_RUN,,,,,UNMEASURED,LEAD-1(not run),0
portlandbusinesstoday.com,portland business today,3,21,geo_service,2025-07-21,2026-07-21,"DreamHost, LLC",10/08/2026 07:45,"SnapNames public deleting list (deletinglist.zip, downloaded 2026-10-06 ~02:08 IDT)",https://www.snapnames.com/file_dl.sn?file=deletinglist.zip,In pending-delete list (owner did not renew) + RDAP created 2021-2025; unsold by that owner (sale not checked beyond our sold set),31,parked,1,PASS_PARKED(-10),,,,154,154,,0,0,0,,,,NOT_RUN,,,,,UNMEASURED,LEAD-1(not run),0
bestpainterdubai.com,best painter dubai,3,16,geo_service,2022-07-20,2026-07-20,"NameCheap, Inc.",10/07/2026 07:45,"SnapNames public deleting list (deletinglist.zip, downloaded 2026-10-06 ~02:08 IDT)",https://www.snapnames.com/file_dl.sn?file=deletinglist.zip,In pending-delete list (owner did not renew) + RDAP created 2021-2025; unsold by that owner (sale not checked beyond our sold set),0,none,0,PASS,,,,,,,0,0,0,,,,NOT_RUN,,,,,UNMEASURED,LEAD-1(not run),0
alphaservicesalaska.com,alpha services alaska,3,19,geo_service,2022-07-22,2026-07-22,Squarespace Domains II LLC,10/09/2026 07:45,"SnapNames public deleting list (deletinglist.zip, downloaded 2026-10-06 ~02:08 IDT)",https://www.snapnames.com/file_dl.sn?file=deletinglist.zip,In pending-delete list (owner did not renew) + RDAP created 2021-2025; unsold by that owner (sale not checked beyond our sold set),0,none,0,PASS,,,,,,,0,0,0,,,,NOT_RUN,,,,,UNMEASURED,LEAD-1(not run),0
miamiautoquote.com,miami auto quote,3,14,geo_service,2025-07-20,2026-07-20,"Spaceship, Inc.",10/07/2026 07:45,"SnapNames public deleting list (deletinglist.zip, downloaded 2026-10-06 ~02:08 IDT)",https://www.snapnames.com/file_dl.sn?file=deletinglist.zip,In pending-delete list (owner did not renew) + RDAP created 2021-2025; unsold by that owner (sale not checked beyond our sold set),23,content,1,REJECT_CONTENT,,,,,,,0,0,0,0,0,DR-003 BBB+site method (bt_geo_leads.py),FAIL,,0.19,0.11,-17.93,HIST1,HIST-1|LEAD-1|EV-1/RATIO-1,0
baltimoreemploymentlawyer.com,baltimore employment lawyer,3,25,geo_service,2025-07-23,2026-07-23,Dynadot Inc,10/08/2026 07:45,"SnapNames public deleting list (deletinglist.zip, downloaded 2026-10-06 ~02:08 IDT)",https://www.snapnames.com/file_dl.sn?file=deletinglist.zip,In pending-delete list (owner did not renew) + RDAP created 2021-2025; unsold by that owner (sale not checked beyond our sold set),1,parked,1,PASS_PARKED(-10),,,,,,,0,0,0,0,5,DR-003 BBB+site method (bt_geo_leads.py),FAIL,,0.19,0.11,-17.93,LEAD1,LEAD-1|EV-1/RATIO-1,0
trustedlacleaning.com,trusted la cleaning,3,17,geo_service,2025-07-20,2026-07-20,"NameCheap, Inc.",10/06/2026 07:45,"SnapNames public deleting list (deletinglist.zip, downloaded 2026-10-06 ~02:08 IDT)",https://www.snapnames.com/file_dl.sn?file=deletinglist.zip,In pending-delete list (owner did not renew) + RDAP created 2021-2025; unsold by that owner (sale not checked beyond our sold set),0,none,0,PASS,,,,,,,0,0,0,3,6,DR-003 BBB+site method (bt_geo_leads.py),FAIL,,0.76,0.46,-11.66,LEAD1,LEAD-1|EV-1/RATIO-1,0
mainelasercompany.com,maine laser company,3,17,geo_service,2024-07-20,2026-07-20,"GoDaddy.com, LLC",10/07/2026 07:45,"SnapNames public deleting list (deletinglist.zip, downloaded 2026-10-06 ~02:08 IDT)",https://www.snapnames.com/file_dl.sn?file=deletinglist.zip,In pending-delete list (owner did not renew) + RDAP created 2021-2025; unsold by that owner (sale not checked beyond our sold set),0,none,0,PASS,,,,,,,0,0,0,,,,NOT_RUN,,,,,UNMEASURED,LEAD-1(not run),0
mobileautoprofessionals.com,mobile auto professionals,3,23,geo_service,2025-07-19,2026-07-19,"GoDaddy.com, LLC",10/06/2026 07:45,"SnapNames public deleting list (deletinglist.zip, downloaded 2026-10-06 ~02:08 IDT)",https://www.snapnames.com/file_dl.sn?file=deletinglist.zip,In pending-delete list (owner did not renew) + RDAP created 2021-2025; unsold by that owner (sale not checked beyond our sold set),3,parked,1,PASS_PARKED(-10),,,,,,,0,0,0,,,,NOT_RUN,,,,,UNMEASURED,LEAD-1(not run),0
phoenixarizonahotel.com,phoenix arizona hotel,3,19,geo_service,2025-07-19,2026-07-19,"Spaceship, Inc.",10/06/2026 07:45,"SnapNames public deleting list (deletinglist.zip, downloaded 2026-10-06 ~02:08 IDT)",https://www.snapnames.com/file_dl.sn?file=deletinglist.zip,In pending-delete list (owner did not renew) + RDAP created 2021-2025; unsold by that owner (sale not checked beyond our sold set),19,parked,1,PASS_PARKED(-10),,,,,,,0,0,0,,,,NOT_RUN,,,,,UNMEASURED,LEAD-1(not run),0
phoenixlocalmoving.com,phoenix local moving,3,18,geo_service,2023-07-23,2026-07-23,Unstoppable Domains Inc.,10/09/2026 07:45,"SnapNames public deleting list (deletinglist.zip, downloaded 2026-10-06 ~02:08 IDT)",https://www.snapnames.com/file_dl.sn?file=deletinglist.zip,In pending-delete list (owner did not renew) + RDAP created 2021-2025; unsold by that owner (sale not checked beyond our sold set),3,content,1,REJECT_CONTENT,,,,,,,0,0,0,2,4,DR-003 BBB+site method (bt_geo_leads.py),FAIL,,0.57,0.34,-13.74,HIST1,HIST-1|LEAD-1|EV-1/RATIO-1,0
partnerscolorado.com,partners colorado,2,16,geo_service,2022-07-20,2026-07-20,"GoDaddy.com, LLC",10/07/2026 07:45,"SnapNames public deleting list (deletinglist.zip, downloaded 2026-10-06 ~02:08 IDT)",https://www.snapnames.com/file_dl.sn?file=deletinglist.zip,In pending-delete list (owner did not renew) + RDAP created 2021-2025; unsold by that owner (sale not checked beyond our sold set),0,none,0,PASS,,,,,,,0,0,0,,,,NOT_RUN,,,,,UNMEASURED,LEAD-1(not run),1
affordablehomenyc.com,affordable home nyc,3,17,geo_service,2025-07-22,2026-07-22,"GoDaddy.com, LLC",10/08/2026 07:45,"SnapNames public deleting list (deletinglist.zip, downloaded 2026-10-06 ~02:08 IDT)",https://www.snapnames.com/file_dl.sn?file=deletinglist.zip,In pending-delete list (owner did not renew) + RDAP created 2021-2025; unsold by that owner (sale not checked beyond our sold set),0,none,0,PASS,,,,,,,0,0,0,,,,NOT_RUN,,,,,UNMEASURED,LEAD-1(not run),0
laelevatorservice.com,la elevator service,3,17,geo_service,2025-07-24,2026-07-24,Dynadot Inc,10/09/2026 07:45,"SnapNames public deleting list (deletinglist.zip, downloaded 2026-10-06 ~02:08 IDT)",https://www.snapnames.com/file_dl.sn?file=deletinglist.zip,In pending-delete list (owner did not renew) + RDAP created 2021-2025; unsold by that owner (sale not checked beyond our sold set),0,none,0,PASS,,,,,,,0,0,0,1,4,DR-003 BBB+site method (bt_geo_leads.py),FAIL,,0.38,0.23,-15.83,LEAD1,LEAD-1|EV-1/RATIO-1,0
junkroomnyc.com,junk room nyc,3,11,geo_service,2025-07-23,2026-07-23,Squarespace Domains LLC,10/09/2026 07:45,"SnapNames public deleting list (deletinglist.zip, downloaded 2026-10-06 ~02:08 IDT)",https://www.snapnames.com/file_dl.sn?file=deletinglist.zip,In pending-delete list (owner did not renew) + RDAP created 2021-2025; unsold by that owner (sale not checked beyond our sold set),0,none,0,PASS,,,,,,,0,0,0,0,3,DR-003 BBB+site method (bt_geo_leads.py),FAIL,,0.19,0.11,-17.93,LEAD1,LEAD-1|EV-1/RATIO-1,0
employmentattorneydallas.com,employment attorney dallas,3,24,geo_service,2025-07-23,2026-07-23,Dynadot Inc,10/08/2026 07:45,"SnapNames public deleting list (deletinglist.zip, downloaded 2026-10-06 ~02:08 IDT)",https://www.snapnames.com/file_dl.sn?file=deletinglist.zip,In pending-delete list (owner did not renew) + RDAP created 2021-2025; unsold by that owner (sale not checked beyond our sold set),0,none,0,PASS,,,,,,,0,0,0,0,1,DR-003 BBB+site method (bt_geo_leads.py),FAIL,,0.19,0.11,-17.93,LEAD1,LEAD-1|EV-1/RATIO-1,0
californiapowerelectric.com,california power electric,3,23,geo_service,2025-07-19,2026-07-19,Cloud Yuqu LLC,10/07/2026 07:45,"SnapNames public deleting list (deletinglist.zip, downloaded 2026-10-06 ~02:08 IDT)",https://www.snapnames.com/file_dl.sn?file=deletinglist.zip,In pending-delete list (owner did not renew) + RDAP created 2021-2025; unsold by that owner (sale not checked beyond our sold set),0,none,0,PASS,,,,,,,0,0,0,,,,NOT_RUN,,,,,UNMEASURED,LEAD-1(not run),0
illinoiscraneservice.com,illinois crane service,3,20,geo_service,2025-07-21,2026-07-21,Dynadot Inc,10/06/2026 07:45,"SnapNames public deleting list (deletinglist.zip, downloaded 2026-10-06 ~02:08 IDT)",https://www.snapnames.com/file_dl.sn?file=deletinglist.zip,In pending-delete list (owner did not renew) + RDAP created 2021-2025; unsold by that owner (sale not checked beyond our sold set),1,parked,1,PASS_PARKED(-10),,,,,,,0,0,0,,,,NOT_RUN,,,,,UNMEASURED,LEAD-1(not run),0
ottawaresidentialcleaning.com,ottawa residential cleaning,3,25,geo_service,2024-07-18,2026-07-18,IONOS SE,10/06/2026 07:45,"SnapNames public deleting list (deletinglist.zip, downloaded 2026-10-06 ~02:08 IDT)",https://www.snapnames.com/file_dl.sn?file=deletinglist.zip,In pending-delete list (owner did not renew) + RDAP created 2021-2025; unsold by that owner (sale not checked beyond our sold set),0,none,0,PASS,,,,,,,0,0,0,0,0,DR-003 BBB+site method (bt_geo_leads.py),FAIL,,0.19,0.11,-17.93,LEAD1,LEAD-1|EV-1/RATIO-1,0
timberlinktech.com,timber link tech,3,14,geo_service,2025-07-28,2026-07-28,"Bizcn.com, Inc.",10/06/2026 07:45,"SnapNames public deleting list (deletinglist.zip, downloaded 2026-10-06 ~02:08 IDT)",https://www.snapnames.com/file_dl.sn?file=deletinglist.zip,In pending-delete list (owner did not renew) + RDAP created 2021-2025; unsold by that owner (sale not checked beyond our sold set),0,none,0,PASS,,,,385,385,,0,0,0,,,,NOT_RUN,,,,,UNMEASURED,LEAD-1(not run),0
dubaiworldfashion.com,dubai world fashion,3,17,geo_service,2021-07-21,2026-07-21,Squarespace Domains II LLC,10/08/2026 07:45,"SnapNames public deleting list (deletinglist.zip, downloaded 2026-10-06 ~02:08 IDT)",https://www.snapnames.com/file_dl.sn?file=deletinglist.zip,In pending-delete list (owner did not renew) + RDAP created 2021-2025; unsold by that owner (sale not checked beyond our sold set),0,none,0,PASS,,,,,,,0,0,0,,,,NOT_RUN,,,,,UNMEASURED,LEAD-1(not run),0
phoenixtuningshop.com,phoenix tuning shop,3,17,geo_service,2023-07-20,2026-07-20,"GoDaddy.com, LLC",10/07/2026 07:45,"SnapNames public deleting list (deletinglist.zip, downloaded 2026-10-06 ~02:08 IDT)",https://www.snapnames.com/file_dl.sn?file=deletinglist.zip,In pending-delete list (owner did not renew) + RDAP created 2021-2025; unsold by that owner (sale not checked beyond our sold set),0,none,0,PASS,,,,1037,1037,,0,0,0,4,10,DR-003 BBB+site method (bt_geo_leads.py),FAIL,,0.95,0.57,-9.59,LEAD1,LEAD-1|EV-1/RATIO-1,0
indianacollisioncenter.com,indiana collision center,3,22,geo_service,2025-07-21,2026-07-21,"DreamHost, LLC",10/09/2026 07:45,"SnapNames public deleting list (deletinglist.zip, downloaded 2026-10-06 ~02:08 IDT)",https://www.snapnames.com/file_dl.sn?file=deletinglist.zip,In pending-delete list (owner did not renew) + RDAP created 2021-2025; unsold by that owner (sale not checked beyond our sold set),0,none,0,PASS,,,,,,,0,0,0,,,,NOT_RUN,,,,,UNMEASURED,LEAD-1(not run),0
floridaskinclinic.com,florida skin clinic,3,17,geo_service,2025-07-21,2026-07-21,"NameCheap, Inc.",10/08/2026 07:45,"SnapNames public deleting list (deletinglist.zip, downloaded 2026-10-06 ~02:08 IDT)",https://www.snapnames.com/file_dl.sn?file=deletinglist.zip,In pending-delete list (owner did not renew) + RDAP created 2021-2025; unsold by that owner (sale not checked beyond our sold set),0,none,0,PASS,,,,,,,0,0,0,,,,NOT_RUN,,,,,UNMEASURED,LEAD-1(not run),0
houstonhybridcenter.com,houston hybrid center,3,19,geo_service,2025-07-22,2026-07-22,"Network Solutions, LLC",10/09/2026 07:45,"SnapNames public deleting list (deletinglist.zip, downloaded 2026-10-06 ~02:08 IDT)",https://www.snapnames.com/file_dl.sn?file=deletinglist.zip,In pending-delete list (owner did not renew) + RDAP created 2021-2025; unsold by that owner (sale not checked beyond our sold set),0,none,0,PASS,,,,,,47,0,0,0,3,8,DR-003 BBB+site method (bt_geo_leads.py),FAIL,,0.76,0.46,-11.66,LEAD1,LEAD-1|EV-1/RATIO-1,0
iowaonlineslots.com,iowa online slots,3,15,geo_service,2025-07-21,2026-07-21,"NameCheap, Inc.",10/07/2026 07:45,"SnapNames public deleting list (deletinglist.zip, downloaded 2026-10-06 ~02:08 IDT)",https://www.snapnames.com/file_dl.sn?file=deletinglist.zip,In pending-delete list (owner did not renew) + RDAP created 2021-2025; unsold by that owner (sale not checked beyond our sold set),0,none,0,PASS,,,,,,,0,0,0,,,,NOT_RUN,,,,,UNMEASURED,LEAD-1(not run),0
thecaliforniaroof.com,the california roof,3,17,geo_service,2025-07-20,2026-07-20,"GoDaddy.com, LLC",10/07/2026 07:45,"SnapNames public deleting list (deletinglist.zip, downloaded 2026-10-06 ~02:08 IDT)",https://www.snapnames.com/file_dl.sn?file=deletinglist.zip,In pending-delete list (owner did not renew) + RDAP created 2021-2025; unsold by that owner (sale not checked beyond our sold set),0,none,0,PASS,,,,,,,0,0,0,,,,NOT_RUN,,,,,UNMEASURED,LEAD-1(not run),0
utahdiscountinsurance.com,utah discount insurance,3,21,geo_service,2023-07-21,2026-07-21,"GoDaddy.com, LLC",10/08/2026 07:45,"SnapNames public deleting list (deletinglist.zip, downloaded 2026-10-06 ~02:08 IDT)",https://www.snapnames.com/file_dl.sn?file=deletinglist.zip,In pending-delete list (owner did not renew) + RDAP created 2021-2025; unsold by that owner (sale not checked beyond our sold set),7,content,1,REJECT_CONTENT,,,,,,,0,0,0,,,,NOT_RUN,,,,,HIST1,HIST-1|LEAD-1(not run),0
autodetailingbuffalo.com,auto detailing buffalo,3,20,geo_service,2025-07-18,2026-07-18,Domain Science Kutatasi Szolgaltato Korlatolt Felelossegu Tarsasag,10/07/2026 07:45,"SnapNames public deleting list (deletinglist.zip, downloaded 2026-10-06 ~02:08 IDT)",https://www.snapnames.com/file_dl.sn?file=deletinglist.zip,In pending-delete list (owner did not renew) + RDAP created 2021-2025; unsold by that owner (sale not checked beyond our sold set),6,content,1,REJECT_CONTENT,,,,,,,0,0,0,1,2,DR-003 BBB+site method (bt_geo_leads.py),FAIL,,0.38,0.23,-15.83,HIST1,HIST-1|LEAD-1|EV-1/RATIO-1,0
californialasercompany.com,california laser company,3,22,geo_service,2024-07-20,2026-07-20,"GoDaddy.com, LLC",10/07/2026 07:45,"SnapNames public deleting list (deletinglist.zip, downloaded 2026-10-06 ~02:08 IDT)",https://www.snapnames.com/file_dl.sn?file=deletinglist.zip,In pending-delete list (owner did not renew) + RDAP created 2021-2025; unsold by that owner (sale not checked beyond our sold set),0,none,0,PASS,,,,,,,0,0,0,,,,NOT_RUN,,,,,UNMEASURED,LEAD-1(not run),0
rosedentaltampa.com,rose dental tampa,3,15,geo_service,2021-07-19,2026-07-19,"NameCheap, Inc.",10/06/2026 07:45,"SnapNames public deleting list (deletinglist.zip, downloaded 2026-10-06 ~02:08 IDT)",https://www.snapnames.com/file_dl.sn?file=deletinglist.zip,In pending-delete list (owner did not renew) + RDAP created 2021-2025; unsold by that owner (sale not checked beyond our sold set),0,none,0,PASS,,,,,,,0,0,0,1,6,DR-003 BBB+site method (bt_geo_leads.py),FAIL,,0.38,0.23,-15.83,LEAD1,LEAD-1|EV-1/RATIO-1,0
georgiacyclesupply.com,georgia cycle supply,3,18,geo_service,2022-07-21,2026-07-21,Squarespace Domains II LLC,10/08/2026 07:45,"SnapNames public deleting list (deletinglist.zip, downloaded 2026-10-06 ~02:08 IDT)",https://www.snapnames.com/file_dl.sn?file=deletinglist.zip,In pending-delete list (owner did not renew) + RDAP created 2021-2025; unsold by that owner (sale not checked beyond our sold set),0,none,0,PASS,,,,,,,0,0,0,,,,NOT_RUN,,,,,UNMEASURED,LEAD-1(not run),0
marielashop.com,marie la shop,3,11,geo_service,2021-07-22,2026-07-22,Tucows Domains Inc.,10/08/2026 07:45,"SnapNames public deleting list (deletinglist.zip, downloaded 2026-10-06 ~02:08 IDT)",https://www.snapnames.com/file_dl.sn?file=deletinglist.zip,In pending-delete list (owner did not renew) + RDAP created 2021-2025; unsold by that owner (sale not checked beyond our sold set),0,none,0,PASS,,,,1037,1037,,0,0,0,,,,NOT_RUN,,,,,UNMEASURED,LEAD-1(not run),0
texasmortgagegroup.com,texas mortgage group,3,18,geo_service,2024-07-20,2026-07-20,Tucows Domains Inc.,10/06/2026 07:45,"SnapNames public deleting list (deletinglist.zip, downloaded 2026-10-06 ~02:08 IDT)",https://www.snapnames.com/file_dl.sn?file=deletinglist.zip,In pending-delete list (owner did not renew) + RDAP created 2021-2025; unsold by that owner (sale not checked beyond our sold set),41,forsale,1,PASS_PARKED(-10),,,,932,932,,0,0,0,,,,NOT_RUN,,,,,UNMEASURED,LEAD-1(not run),0
nychomerenovation.com,nyc home renovation,3,17,geo_service,2025-07-19,2026-07-19,Domain Science Kutatasi Szolgaltato Korlatolt Felelossegu Tarsasag,10/08/2026 07:45,"SnapNames public deleting list (deletinglist.zip, downloaded 2026-10-06 ~02:08 IDT)",https://www.snapnames.com/file_dl.sn?file=deletinglist.zip,In pending-delete list (owner did not renew) + RDAP created 2021-2025; unsold by that owner (sale not checked beyond our sold set),13,content,1,REJECT_CONTENT,,,,,,,0,0,0,2,5,DR-003 BBB+site method (bt_geo_leads.py),FAIL,,0.57,0.34,-13.74,HIST1,HIST-1|LEAD-1|EV-1/RATIO-1,0
michiganlasercompany.com,michigan laser company,3,20,geo_service,2024-07-20,2026-07-20,"GoDaddy.com, LLC",10/07/2026 07:45,"SnapNames public deleting list (deletinglist.zip, downloaded 2026-10-06 ~02:08 IDT)",https://www.snapnames.com/file_dl.sn?file=deletinglist.zip,In pending-delete list (owner did not renew) + RDAP created 2021-2025; unsold by that owner (sale not checked beyond our sold set),0,none,0,PASS,,,,,,,0,0,0,,,,NOT_RUN,,,,,UNMEASURED,LEAD-1(not run),0
brooklynmoldinspection.com,brooklyn mold inspection,3,22,geo_service,2025-07-21,2026-07-21,"GoDaddy.com, LLC",10/07/2026 07:45,"SnapNames public deleting list (deletinglist.zip, downloaded 2026-10-06 ~02:08 IDT)",https://www.snapnames.com/file_dl.sn?file=deletinglist.zip,In pending-delete list (owner did not renew) + RDAP created 2021-2025; unsold by that owner (sale not checked beyond our sold set),21,content,1,REJECT_CONTENT,,,,,,,0,0,0,3,4,DR-003 BBB+site method (bt_geo_leads.py),FAIL,,0.76,0.46,-11.66,HIST1,HIST-1|LEAD-1|EV-1/RATIO-1,0
philadelphiafamilydental.com,philadelphia family dental,3,24,geo_service,2025-07-22,2026-07-22,TuringSign Inc. d/b/a Cosmotown,10/08/2026 07:45,"SnapNames public deleting list (deletinglist.zip, downloaded 2026-10-06 ~02:08 IDT)",https://www.snapnames.com/file_dl.sn?file=deletinglist.zip,In pending-delete list (owner did not renew) + RDAP created 2021-2025; unsold by that owner (sale not checked beyond our sold set),17,parked,1,PASS_PARKED(-10),,,,,,,0,0,0,2,5,DR-003 BBB+site method (bt_geo_leads.py),FAIL,,0.57,0.34,-13.74,LEAD1,LEAD-1|EV-1/RATIO-1,0
ohiofootballclub.com,ohio football club,3,16,geo_service,2021-07-21,2026-07-21,Tucows Domains Inc.,10/07/2026 07:45,"SnapNames public deleting list (deletinglist.zip, downloaded 2026-10-06 ~02:08 IDT)",https://www.snapnames.com/file_dl.sn?file=deletinglist.zip,In pending-delete list (owner did not renew) + RDAP created 2021-2025; unsold by that owner (sale not checked beyond our sold set),0,none,0,PASS,,,,,,,0,0,0,,,,NOT_RUN,,,,,UNMEASURED,LEAD-1(not run),0
louisvillelasercompany.com,louisville laser company,3,22,geo_service,2024-07-20,2026-07-20,"GoDaddy.com, LLC",10/07/2026 07:45,"SnapNames public deleting list (deletinglist.zip, downloaded 2026-10-06 ~02:08 IDT)",https://www.snapnames.com/file_dl.sn?file=deletinglist.zip,In pending-delete list (owner did not renew) + RDAP created 2021-2025; unsold by that owner (sale not checked beyond our sold set),0,none,0,PASS,,,,,,,0,0,0,,,,NOT_RUN,,,,,UNMEASURED,LEAD-1(not run),0
houstonhomesellers.com,houston home sellers,3,18,geo_service,2025-07-23,2026-07-23,"Cloudflare, Inc.",10/08/2026 07:45,"SnapNames public deleting list (deletinglist.zip, downloaded 2026-10-06 ~02:08 IDT)",https://www.snapnames.com/file_dl.sn?file=deletinglist.zip,In pending-delete list (owner did not renew) + RDAP created 2021-2025; unsold by that owner (sale not checked beyond our sold set),32,parked,1,PASS_PARKED(-10),,,,,,47,0,0,0,1,7,DR-003 BBB+site method (bt_geo_leads.py),FAIL,,0.38,0.23,-15.83,LEAD1,LEAD-1|EV-1/RATIO-1,0
irvingcleaningservices.com,irving cleaning services,3,22,geo_service,2025-07-20,2026-07-20,Unstoppable Domains Inc.,10/07/2026 07:45,"SnapNames public deleting list (deletinglist.zip, downloaded 2026-10-06 ~02:08 IDT)",https://www.snapnames.com/file_dl.sn?file=deletinglist.zip,In pending-delete list (owner did not renew) + RDAP created 2021-2025; unsold by that owner (sale not checked beyond our sold set),9,parked,1,PASS_PARKED(-10),,,,544,544,,0,0,0,3,6,DR-003 BBB+site method (bt_geo_leads.py),FAIL,,0.76,0.46,-11.66,LEAD1,LEAD-1|EV-1/RATIO-1,0
marylandwaterservice.com,maryland water service,3,20,geo_service,2025-03-06,2027-03-06,"CSC Corporate Domains, Inc.",10/08/2026 07:45,"SnapNames public deleting list (deletinglist.zip, downloaded 2026-10-06 ~02:08 IDT)",https://www.snapnames.com/file_dl.sn?file=deletinglist.zip,In pending-delete list (owner did not renew) + RDAP created 2021-2025; unsold by that owner (sale not checked beyond our sold set),9,parked,1,PASS_PARKED(-10),,,,,,,0,0,0,,,,NOT_RUN,,,,,UNMEASURED,LEAD-1(not run),0
microweddingarizona.com,micro wedding arizona,3,19,geo_service,2025-07-18,2026-07-18,Domain Stopover LLC,10/07/2026 07:45,"SnapNames public deleting list (deletinglist.zip, downloaded 2026-10-06 ~02:08 IDT)",https://www.snapnames.com/file_dl.sn?file=deletinglist.zip,In pending-delete list (owner did not renew) + RDAP created 2021-2025; unsold by that owner (sale not checked beyond our sold set),1,parked,1,PASS_PARKED(-10),,,,7,7,,0,0,0,,,,NOT_RUN,,,,,UNMEASURED,LEAD-1(not run),0
dubaiautoservices.com,dubai auto services,3,17,geo_service,2025-07-24,2026-07-24,Dynadot Inc,10/09/2026 07:45,"SnapNames public deleting list (deletinglist.zip, downloaded 2026-10-06 ~02:08 IDT)",https://www.snapnames.com/file_dl.sn?file=deletinglist.zip,In pending-delete list (owner did not renew) + RDAP created 2021-2025; unsold by that owner (sale not checked beyond our sold set),1,none,1,REJECT_REDIRECT,,,,544,544,,0,0,0,,,,NOT_RUN,,,,,HIST1,HIST-1|LEAD-1(not run),0
coloradosolarpros.com,colorado solar pros,3,17,geo_service,2025-07-23,2026-07-23,Dynadot Inc,10/08/2026 07:45,"SnapNames public deleting list (deletinglist.zip, downloaded 2026-10-06 ~02:08 IDT)",https://www.snapnames.com/file_dl.sn?file=deletinglist.zip,In pending-delete list (owner did not renew) + RDAP created 2021-2025; unsold by that owner (sale not checked beyond our sold set),24,parked,1,PASS_PARKED(-10),,,,,,,0,0,0,2,6,DR-003 BBB+site method (bt_geo_leads.py),FAIL,,0.57,0.34,-13.74,LEAD1,LEAD-1|EV-1/RATIO-1,0
trafficlawyerdallas.com,traffic lawyer dallas,3,19,geo_service,2025-07-21,2026-07-21,"Spaceship, Inc.",10/08/2026 07:45,"SnapNames public deleting list (deletinglist.zip, downloaded 2026-10-06 ~02:08 IDT)",https://www.snapnames.com/file_dl.sn?file=deletinglist.zip,In pending-delete list (owner did not renew) + RDAP created 2021-2025; unsold by that owner (sale not checked beyond our sold set),16,parked,1,PASS_PARKED(-10),,,,,,,0,0,0,0,1,DR-003 BBB+site method (bt_geo_leads.py),FAIL,,0.19,0.11,-17.93,LEAD1,LEAD-1|EV-1/RATIO-1,0
denvertattooink.com,denver tattoo ink,3,15,geo_service,2024-07-20,2026-07-20,"HOSTINGER operations, UAB",10/08/2026 07:45,"SnapNames public deleting list (deletinglist.zip, downloaded 2026-10-06 ~02:08 IDT)",https://www.snapnames.com/file_dl.sn?file=deletinglist.zip,In pending-delete list (owner did not renew) + RDAP created 2021-2025; unsold by that owner (sale not checked beyond our sold set),0,none,0,PASS,,,,,,,0,0,0,0,0,DR-003 BBB+site method (bt_geo_leads.py),FAIL,,0.19,0.11,-17.93,LEAD1,LEAD-1|EV-1/RATIO-1,0
partnersmemphis.com,partners memphis,2,15,geo_service,2022-07-20,2026-07-20,"GoDaddy.com, LLC",10/07/2026 07:45,"SnapNames public deleting list (deletinglist.zip, downloaded 2026-10-06 ~02:08 IDT)",https://www.snapnames.com/file_dl.sn?file=deletinglist.zip,In pending-delete list (owner did not renew) + RDAP created 2021-2025; unsold by that owner (sale not checked beyond our sold set),0,none,0,PASS,,,,,,,0,0,0,,,,NOT_RUN,,,,,UNMEASURED,LEAD-1(not run),1
alaskalasercompany.com,alaska laser company,3,18,geo_service,2024-07-20,2026-07-20,"GoDaddy.com, LLC",10/07/2026 07:45,"SnapNames public deleting list (deletinglist.zip, downloaded 2026-10-06 ~02:08 IDT)",https://www.snapnames.com/file_dl.sn?file=deletinglist.zip,In pending-delete list (owner did not renew) + RDAP created 2021-2025; unsold by that owner (sale not checked beyond our sold set),0,none,0,PASS,,,,,,,0,0,0,,,,NOT_RUN,,,,,UNMEASURED,LEAD-1(not run),0
nycdeckbuilders.com,nyc deck builders,3,15,geo_service,2025-07-21,2026-07-21,Dynadot Inc,10/06/2026 07:45,"SnapNames public deleting list (deletinglist.zip, downloaded 2026-10-06 ~02:08 IDT)",https://www.snapnames.com/file_dl.sn?file=deletinglist.zip,In pending-delete list (owner did not renew) + RDAP created 2021-2025; unsold by that owner (sale not checked beyond our sold set),36,parked,1,PASS_PARKED(-10),,,,,,,0,0,0,1,11,DR-003 BBB+site method (bt_geo_leads.py),FAIL,,0.38,0.23,-15.83,LEAD1,LEAD-1|EV-1/RATIO-1,0
