domain,label,slice,role,registered_share,prior_history,pre_cls,alt_tld_before_n,n_words,sld_chars,geo_city,geo_trade,archive_first_year,archive_span_years,as_of,v10_decision,e3_decision
netextend.com,sold,fit-dataset,fit,0.65,1,content,0,2,9,,,,,2026-08-27,accept,
devrelay.com,sold,fit-dataset,fit,0.75,1,content,0,2,8,,,,,2026-08-27,accept,
forgedlegacy.com,sold,fit-dataset,fit,0.8,1,parked,0,2,12,,,,,2026-08-25,accept,
boutworld.com,sold,fit-dataset,fit,0.55,0,none,0,2,9,,,,,2026-08-11,reject,reject
bronxcriminallawyers.com,sold,r9-geo,dev,0.3,,,,,20,bronx,criminal lawyers,,,2026-07-03,,
bluesgear.com,sold,fit-dataset,fit,0.85,1,parked,0,2,9,,,,,2026-08-05,accept,
officeprep.com,sold,fit-dataset,fit,1.0,1,parked,0,2,10,,,,,2026-07-28,accept,
nightfold.com,sold,fit-dataset,fit,0.95,1,parked,1,2,9,,,,,2026-07-28,accept,
revoltiq.com,sold,fit-dataset,fit,0.7,1,content,0,2,8,,,,,2026-07-09,accept,
riversidehealth.com,sold,fit-dataset,fit,,1,content,1,2,15,,,,,2026-06-17,accept,
baskettoday.com,sold,fit-dataset,fit,0.85,1,forsale,0,2,11,,,,,2026-05-21,accept,
greatnative.com,sold,fit-dataset,fit,0.95,1,forsale,0,2,11,,,,,2026-05-21,accept,
trueiceland.com,sold,fit-dataset,fit,0.65,1,content,0,2,11,,,,,2026-04-21,accept,
magneticmemories.com,sold,fit-dataset,fit,0.75,1,content,0,2,16,,,,,2026-03-16,accept,
houstonfertility.com,sold,fit-dataset,fit,,1,none,0,2,16,,,,,2026-03-03,accept,
legalfans.com,sold,fit-dataset,fit,0.65,1,parked,0,2,9,,,,,2025-12-18,accept,
alabamahomeloans.com,sold,fit-dataset,fit,,0,none,0,3,16,,,,,2025-12-03,reject,reject
arizonachristian.com,sold,fit-dataset,fit,,1,content,0,2,16,,,,,2025-11-25,accept,
utahdecks.com,sold,fit-dataset,fit,,0,none,0,2,9,,,,,2025-11-12,accept,
complyforce.com,sold,fit-dataset,fit,0.8,1,forsale,0,2,11,,,,,2025-11-10,accept,
beninsights.com,sold,fit-dataset,fit,0.85,1,none,0,2,11,,,,,2025-10-21,accept,
techaipost.com,sold,fit-dataset,fit,0.2,0,none,0,3,10,,,,,2025-07-16,reject,reject
prestocks.com,sold,fit-dataset,fit,0.75,1,parked,0,2,9,,,,,2025-07-08,accept,
tulsapro.com,sold,fit-dataset,fit,,0,none,0,2,8,,,,,2025-06-17,accept,
adscopilot.com,sold,fit-dataset,fit,0.55,1,content,0,3,10,,,,,2025-06-04,accept,
podcastmediagroup.com,sold,fit-dataset,fit,0.45,1,parked,0,3,17,,,,,2025-04-10,reject,reject
airtrading.com,sold,fit-dataset,fit,1.0,1,forsale,0,2,10,,,,,2025-03-25,accept,
hashbeat.com,sold,fit-dataset,fit,0.9,1,forsale,0,2,8,,,,,2025-03-25,accept,
washrescue.com,sold,fit-dataset,fit,0.75,0,none,0,2,10,,,,,2025-01-22,reject,reject
alphamotive.com,sold,fit-dataset,fit,0.95,1,parked,0,2,11,,,,,2024-01-09,accept,
giftsaustralia.com,sold,fit-dataset,fit,0.7,1,parked,0,2,14,,,,,2024-12-11,accept,
edmontonseo.com,sold,fit-dataset,fit,,0,none,0,2,11,,,,,2024-11-05,accept,
fateai.com,sold,fit-dataset,fit,0.6,1,none,0,2,6,,,,,2024-10-29,accept,
beltmanngroup.com,sold,fit-dataset,fit,0.2,1,parked,1,3,13,,,,,2024-10-04,accept,
redroompictures.com,sold,fit-dataset,fit,0.05,1,parked,1,3,15,,,,,2024-10-04,accept,
propertycoaching.com,sold,fit-dataset,fit,0.95,1,forsale,0,2,16,,,,,2024-09-17,accept,
premierturfservices.com,sold,fit-dataset,fit,0.05,1,content,0,3,19,,,,,2024-07-23,reject,reject
leohotels.com,sold,fit-dataset,fit,0.9,1,content,0,2,9,,,,,2024-06-26,accept,
nowautomation.com,sold,fit-dataset,fit,0.95,0,none,0,2,13,,,,,2024-06-18,reject,reject
dimarcon.com,sold,fit-dataset,fit,0.05,1,parked,1,3,8,,,,,2023-12-13,accept,
phoenixone.com,sold,fit-dataset,fit,,,,0,2,10,,,,,2023-10-31,accept,
hawaiistar.com,sold,fit-dataset,fit,,,,0,2,10,,,,,2023-08-03,accept,
deltaorbit.com,sold,fit-dataset,fit,0.9,0,none,0,2,10,,,,,2023-07-18,reject,reject
tampaflowers.com,sold,fit-dataset,fit,,,,0,2,12,,,,,2023-05-23,accept,
wonderwatt.com,sold,fit-dataset,fit,0.75,1,parked,0,2,10,,,,,2023-05-12,accept,
californiaburger.com,sold,fit-dataset,fit,,,,0,2,16,,,,,2023-05-03,accept,
candycloset.com,sold,fit-dataset,fit,0.85,1,content,0,2,11,,,,,2023-04-05,accept,
craftanddecor.com,sold,fit-dataset,fit,0.15,1,parked,0,3,13,,,,,2023-03-22,reject,reject
functionalfabric.com,sold,fit-dataset,fit,0.75,1,forsale,0,2,16,,,,,2023-03-01,accept,
eventnyc.com,sold,fit-dataset,fit,,,,0,2,8,,,,,2023-03-01,accept,
washingtonhealth.com,sold,fit-dataset,fit,,,,0,2,16,,,,,2022-10-26,accept,
savannahvacationhomes.com,sold,fit-dataset,fit,,,,0,3,21,,,,,2022-10-26,reject,reject
totalassure.com,sold,fit-dataset,fit,0.75,1,parked,0,2,11,,,,,2022-09-14,accept,
trianglefinancialservices.com,sold,fit-dataset,fit,0.2,1,forsale,0,3,25,,,,,2022-05-04,reject,reject
boredbrothers.com,sold,fit-dataset,fit,0.75,1,parked,0,2,13,,,,,2022-05-04,accept,
philadelphiastars.com,sold,fit-dataset,fit,,,,0,2,17,,,,,2022-03-16,reject,reject
musicmaker.com,sold,fit-dataset,fit,0.95,1,forsale,2,2,10,,,,,2022-03-10,accept,
thesweetsshop.com,sold,fit-dataset,fit,0.0,1,parked,0,3,13,,,,,2022-03-09,reject,reject
voteadam.com,sold,fit-dataset,fit,0.5,1,parked,2,2,8,,,,,2022-03-09,accept,
mediaaisle.com,sold,fit-dataset,fit,0.65,0,none,0,2,10,,,,,2022-02-23,reject,reject
globalsolution.com,sold,fit-dataset,fit,1.0,1,content,3,2,14,,,,,2022-02-02,accept,
streamforce.com,sold,fit-dataset,fit,1.0,1,parked,1,2,11,,,,,2022-02-02,accept,
deltamed.com,sold,fit-dataset,fit,0.95,1,parked,2,2,8,,,,,2022-02-02,accept,
freshpick.com,sold,fit-dataset,fit,1.0,1,parked,1,2,9,,,,,2022-02-02,accept,
lovestitch.com,sold,fit-dataset,fit,0.85,1,parked,0,2,10,,,,,2022-02-02,accept,
subswiki.com,sold,fit-dataset,fit,0.65,1,content,0,2,8,,,,,2022-02-02,accept,
chatten.com,sold,fit-dataset,fit,1.0,1,content,2,2,7,,,,,2022-03-30,accept,
superpanther.com,sold,fit-dataset,fit,0.65,1,parked,0,2,12,,,,,2022-03-30,accept,
alphabetinternational.com,sold,fit-dataset,fit,0.75,1,none,0,2,21,,,,,2022-03-30,accept,
trashbox.com,sold,fit-dataset,fit,0.95,1,parked,1,2,8,,,,,2022-03-30,accept,
rivercountry.com,sold,fit-dataset,fit,0.95,1,parked,3,2,12,,,,,2022-03-30,accept,
litigationlaw.com,sold,fit-dataset,fit,0.55,1,parked,2,2,13,,,,,2022-03-30,accept,
lanos.com,sold,fit-dataset,fit,,,,3,2,5,,,,,2022-03-30,accept,
goback.com,sold,fit-dataset,fit,0.9,1,forsale,2,2,6,,,,,2022-03-30,accept,
walkerverse.com,sold,fit-dataset,fit,0.8,0,none,0,2,11,,,,,2022-04-13,reject,reject
inviteguest.com,sold,fit-dataset,fit,0.6,1,parked,0,2,11,,,,,2022-04-13,accept,
blocknovel.com,sold,fit-dataset,fit,0.8,1,parked,0,2,10,,,,,2022-04-27,accept,
mobilebets.com,sold,fit-dataset,fit,,,,0,2,10,,,,,2022-05-11,accept,
markhansen.com,sold,fit-dataset,fit,0.6,1,forsale,1,2,10,,,,,2022-05-11,accept,
pennsylvaniaindependent.com,sold,fit-dataset,fit,,,,0,2,23,,,,,2022-05-11,reject,reject
myblend.com,sold,fit-dataset,fit,0.85,1,content,2,2,7,,,,,2022-05-11,accept,
hellotruly.com,sold,fit-dataset,fit,0.65,1,parked,0,2,10,,,,,2022-05-25,accept,
startrip.com,sold,fit-dataset,fit,0.95,1,forsale,1,2,8,,,,,2022-05-25,accept,
brandtheory.com,sold,fit-dataset,fit,0.9,1,parked,0,2,11,,,,,2022-05-25,accept,
premiumdigital.com,sold,fit-dataset,fit,0.9,1,parked,1,2,14,,,,,2022-05-25,accept,
ladnation.com,sold,fit-dataset,fit,0.85,1,parked,0,2,9,,,,,2022-07-06,accept,
minttheworld.com,sold,fit-dataset,fit,0.2,0,none,0,3,12,,,,,2022-07-06,reject,reject
topnetwork.com,sold,fit-dataset,fit,1.0,1,content,2,2,10,,,,,2022-07-06,accept,
ourstreets.com,sold,fit-dataset,fit,0.85,1,parked,2,2,10,,,,,2022-07-06,accept,
livejob.com,sold,fit-dataset,fit,1.0,1,parked,2,2,7,,,,,2022-07-06,accept,
trumpplaza.com,sold,fit-dataset,fit,1.0,1,content,0,2,10,,,,,2022-07-06,accept,
unibridge.com,sold,fit-dataset,fit,0.95,1,content,2,2,9,,,,,2022-07-06,accept,
getdimension.com,sold,fit-dataset,fit,0.7,1,forsale,0,2,12,,,,,2022-07-22,accept,
upperleftlife.com,sold,fit-dataset,fit,0.0,1,parked,0,3,13,,,,,2022-08-03,reject,reject
chiefcollection.com,sold,fit-dataset,fit,0.85,1,parked,0,2,15,,,,,2022-08-03,accept,
ukrainiangirls.com,sold,fit-dataset,fit,0.5,1,parked,0,2,14,,,,,2022-08-03,accept,
datacap.com,sold,fit-dataset,fit,0.95,1,content,3,2,7,,,,,2022-08-03,accept,
interwood.com,sold,fit-dataset,fit,0.95,1,content,2,2,9,,,,,2022-08-03,accept,
flyingbeds.com,sold,fit-dataset,fit,0.7,1,content,0,2,10,,,,,2022-08-03,accept,
lamonitor.com,sold,fit-dataset,fit,,,,0,2,9,,,,,2022-08-03,accept,
listup.com,sold,fit-dataset,fit,0.9,1,content,2,2,6,,,,,2022-08-03,accept,
makegoodchoices.com,sold,fit-dataset,fit,0.1,1,parked,3,3,15,,,,,2022-08-31,accept,
buildercash.com,sold,fit-dataset,fit,0.9,1,forsale,0,2,11,,,,,2022-08-31,accept,
visualintelligence.com,sold,fit-dataset,fit,0.95,1,content,2,2,18,,,,,2022-08-31,accept,
singlemind.com,sold,fit-dataset,fit,0.95,1,parked,4,2,10,,,,,2022-08-31,accept,
candoo.com,sold,fit-dataset,fit,0.85,1,content,4,2,6,,,,,2022-08-31,accept,
cashflowcapital.com,sold,fit-dataset,fit,0.45,1,content,2,3,15,,,,,2022-08-31,accept,
ohioindependent.com,sold,fit-dataset,fit,,1,parked,0,2,15,,,,,2022-08-31,accept,
spokanenews.com,sold,fit-dataset,fit,,,,0,2,11,,,,,2022-09-21,accept,
lasvegasgroup.com,sold,fit-dataset,fit,,,,0,2,13,,,,,2022-09-21,accept,
londontea.com,sold,fit-dataset,fit,,,,0,2,9,,,,,2022-09-21,accept,
paymentsaustralia.com,sold,fit-dataset,fit,0.75,1,forsale,0,2,17,,,,,2022-09-21,accept,
multiai.com,sold,fit-dataset,fit,1.0,1,parked,0,2,7,,,,,2022-09-21,accept,
innerwar.com,sold,fit-dataset,fit,0.85,1,parked,0,2,8,,,,,2022-09-21,accept,
luckygreencasino.com,sold,fit-dataset,fit,0.0,1,parked,0,3,16,,,,,2022-10-05,reject,reject
driversseat.com,sold,fit-dataset,fit,0.75,1,parked,1,2,11,,,,,2022-10-05,accept,
anydomain.com,sold,fit-dataset,fit,1.0,1,parked,2,2,9,,,,,2022-10-05,accept,
comedytour.com,sold,fit-dataset,fit,0.95,1,forsale,1,2,10,,,,,2022-10-05,accept,
cloudlibrary.com,sold,fit-dataset,fit,0.9,1,content,3,2,12,,,,,2022-10-05,accept,
samsungsimulator.com,sold,fit-dataset,fit,0.6,1,parked,0,2,16,,,,,2022-10-05,accept,
fansleaks.com,sold,fit-dataset,fit,0.5,1,content,0,2,9,,,,,2022-10-05,accept,
betdelhi.com,sold,fit-dataset,fit,0.65,0,none,0,2,8,,,,,2022-11-02,reject,reject
assistcon.com,sold,fit-dataset,fit,0.95,1,parked,0,2,9,,,,,2022-11-02,accept,
coinroom.com,sold,fit-dataset,fit,1.0,1,content,0,2,8,,,,,2022-11-02,accept,
campusministries.com,sold,fit-dataset,fit,0.85,1,parked,0,2,16,,,,,2022-11-02,accept,
gamelift.com,sold,fit-dataset,fit,1.0,1,content,3,2,8,,,,,2022-11-02,accept,
hybridpass.com,sold,fit-dataset,fit,1.0,1,forsale,0,2,10,,,,,2022-11-16,accept,
onlinelife.com,sold,fit-dataset,fit,1.0,1,content,0,2,10,,,,,2022-11-30,accept,
shareplan.com,sold,fit-dataset,fit,1.0,1,content,0,2,9,,,,,2022-11-30,accept,
justmercyfilm.com,sold,fit-dataset,fit,0.0,1,content,0,3,13,,,,,2022-11-30,reject,reject
thefuntheory.com,sold,fit-dataset,fit,0.2,1,parked,0,3,12,,,,,2022-11-30,reject,reject
lacom.com,sold,fit-dataset,fit,,,,3,2,5,,,,,2022-01-12,accept,
thecompleteagency.com,sold,fit-dataset,fit,0.1,1,parked,0,3,17,,,,,2023-02-01,reject,reject
restoremysleep.com,sold,fit-dataset,fit,0.0,1,none,0,3,14,,,,,2023-02-01,reject,reject
theeventhouse.com,sold,fit-dataset,fit,0.0,1,parked,1,3,13,,,,,2023-03-01,accept,
braintemp.com,sold,fit-dataset,fit,0.9,1,parked,0,2,9,,,,,2023-03-15,accept,
painarmor.com,sold,fit-dataset,fit,0.8,1,parked,0,2,9,,,,,2023-03-15,accept,
remoteworkai.com,sold,fit-dataset,fit,0.15,0,none,0,3,12,,,,,2023-03-29,reject,reject
teequila.com,sold,fit-dataset,fit,,,,0,3,8,,,,,2023-03-29,reject,reject
blazedynamics.com,sold,fit-dataset,fit,0.95,1,parked,0,2,13,,,,,2023-03-29,accept,
xxxclips.com,sold,fit-dataset,fit,0.75,1,content,1,2,8,,,,,2023-03-29,accept,
naturallanguage.com,sold,fit-dataset,fit,0.65,1,content,0,2,15,,,,,2023-03-29,accept,
internetinvestors.com,sold,fit-dataset,fit,0.65,1,forsale,1,2,17,,,,,2023-03-29,accept,
betoptions.com,sold,fit-dataset,fit,0.95,1,forsale,0,2,10,,,,,2023-03-29,accept,
mindmatch.com,sold,fit-dataset,fit,1.0,1,content,2,2,9,,,,,2023-03-29,accept,
towergroup.com,sold,fit-dataset,fit,0.8,1,content,1,2,10,,,,,2023-03-29,accept,
geneplus.com,sold,fit-dataset,fit,0.95,1,content,0,2,8,,,,,2023-03-29,accept,
fullcircleagency.com,sold,fit-dataset,fit,0.25,1,parked,1,3,16,,,,,2023-03-29,accept,
trustlesslabs.com,sold,fit-dataset,fit,0.25,1,content,0,3,13,,,,,2023-04-12,reject,reject
slimgreens.com,sold,fit-dataset,fit,0.8,1,parked,0,2,10,,,,,2023-04-12,accept,
datavalley.com,sold,fit-dataset,fit,0.8,1,content,1,2,10,,,,,2023-05-03,accept,
lagroup.com,sold,fit-dataset,fit,,,,0,2,7,,,,,2023-05-03,accept,
bustech.com,sold,fit-dataset,fit,0.75,1,content,2,2,7,,,,,2023-05-03,accept,
precognitive.com,sold,fit-dataset,fit,0.65,1,content,2,2,12,,,,,2023-05-03,accept,
maximumexposure.com,sold,fit-dataset,fit,0.4,1,content,4,2,15,,,,,2023-05-03,accept,
promptengineer.com,sold,fit-dataset,fit,0.85,1,forsale,1,2,14,,,,,2023-05-17,accept,
getalloy.com,sold,fit-dataset,fit,0.7,1,parked,0,2,8,,,,,2023-05-17,accept,
botbang.com,sold,fit-dataset,fit,0.65,1,forsale,0,2,7,,,,,2023-05-17,accept,
upskillnow.com,sold,fit-dataset,fit,0.15,1,content,0,3,10,,,,,2023-05-17,reject,reject
buildwindows.com,sold,fit-dataset,fit,0.75,1,content,0,2,12,,,,,2023-05-31,accept,
hitrefresh.com,sold,fit-dataset,fit,0.75,1,parked,2,2,10,,,,,2023-05-31,accept,
adaplatform.com,sold,fit-dataset,fit,0.9,1,content,2,2,11,,,,,2023-06-21,accept,
travelcharleston.com,sold,fit-dataset,fit,,,,0,2,16,,,,,2023-06-21,accept,
winlab.com,sold,fit-dataset,fit,0.9,1,parked,2,2,6,,,,,2023-06-21,accept,
jerseybird.com,sold,fit-dataset,fit,,,,0,2,10,,,,,2023-06-21,accept,
handmadegifts.com,sold,fit-dataset,fit,0.7,1,content,1,2,13,,,,,2023-06-21,accept,
smokingcocktail.com,sold,fit-dataset,fit,0.55,1,forsale,0,2,15,,,,,2023-08-02,accept,
bigwinclub.com,sold,fit-dataset,fit,0.25,1,parked,0,3,10,,,,,2023-08-30,reject,reject
kindos.com,sold,fit-dataset,fit,0.55,1,parked,0,2,6,,,,,2023-08-30,accept,
lacon.com,sold,fit-dataset,fit,,,,0,2,5,,,,,2023-08-30,accept,
longworth.com,sold,fit-dataset,fit,0.9,1,content,3,2,9,,,,,2023-08-30,accept,
floridafireworks.com,sold,fit-dataset,fit,,,,0,2,16,,,,,2023-08-30,accept,
embeddedfinance.com,sold,fit-dataset,fit,0.6,1,none,1,2,15,,,,,2023-08-30,accept,
luckymao.com,sold,fit-dataset,fit,0.65,1,content,0,2,8,,,,,2023-08-30,accept,
stonedesign.com,sold,fit-dataset,fit,0.9,1,content,3,2,11,,,,,2023-08-30,accept,
smarttaxi.com,sold,fit-dataset,fit,0.75,1,parked,3,2,9,,,,,2023-08-30,accept,
superexpress.com,sold,fit-dataset,fit,1.0,1,forsale,1,2,12,,,,,2023-08-30,accept,
simplymac.com,sold,fit-dataset,fit,0.9,1,content,1,2,9,,,,,2023-08-30,accept,
frameworksecurity.com,sold,fit-dataset,fit,0.7,1,parked,1,2,17,,,,,2023-08-30,accept,
doowebdev.com,sold,fit-dataset,fit,0.15,1,parked,0,3,9,,,,,2023-09-13,reject,reject
austininvestments.com,sold,fit-dataset,fit,,,,0,2,17,,,,,2023-09-13,reject,reject
livinglife.com,sold,fit-dataset,fit,0.9,1,parked,3,2,10,,,,,2023-09-27,accept,
chanson.com,sold,fit-dataset,fit,0.75,1,parked,2,2,7,,,,,2023-09-27,accept,
dubaicasinos.com,sold,fit-dataset,fit,,,,0,2,12,,,,,2023-10-11,accept,
canslimthai.com,sold,fit-dataset,fit,0.0,0,none,0,3,11,,,,,2023-10-11,reject,reject
metashine.com,sold,fit-dataset,fit,1.0,1,content,0,2,9,,,,,2023-10-11,accept,
stayactive.com,sold,fit-dataset,fit,0.7,1,content,3,2,10,,,,,2023-10-25,accept,
thempath.com,sold,fit-dataset,fit,0.85,1,parked,0,2,8,,,,,2023-10-25,accept,
huntersgathering.com,sold,fit-dataset,fit,0.4,1,parked,0,2,16,,,,,2023-11-08,reject,reject
aidvr.com,sold,fit-dataset,fit,0.75,1,parked,0,2,5,,,,,2023-11-22,accept,
onionplay.com,sold,fit-dataset,fit,0.8,0,none,1,2,9,,,,,2023-12-06,accept,
openronco.com,sold,fit-dataset,fit,0.05,0,none,0,3,9,,,,,2023-12-06,reject,reject
jakestreet.com,sold,fit-dataset,fit,0.6,1,parked,0,2,10,,,,,2023-12-06,accept,
laplume.com,sold,fit-dataset,fit,,,,0,2,7,,,,,2023-01-24,accept,
pittsburghrealestate.com,sold,fit-dataset,fit,,,,0,3,20,,,,,2023-01-24,reject,reject
aleccook.com,sold,fit-dataset,fit,0.6,1,forsale,0,2,8,,,,,2024-02-21,accept,
reelflow.com,sold,fit-dataset,fit,1.0,1,content,0,2,8,,,,,2024-03-20,accept,
trueenergy.com,sold,fit-dataset,fit,1.0,1,content,1,2,10,,,,,2024-03-20,accept,
changwan.com,sold,fit-dataset,fit,0.5,1,content,1,2,8,,,,,2024-04-03,accept,
chainforce.com,sold,fit-dataset,fit,0.95,1,parked,1,2,10,,,,,2024-05-01,accept,
brightchoice.com,sold,fit-dataset,fit,1.0,1,parked,3,2,12,,,,,2024-05-01,accept,
lario.com,sold,fit-dataset,fit,,,,0,2,5,,,,,2024-05-15,accept,
medicalservices.com,sold,fit-dataset,fit,0.9,1,content,1,2,15,,,,,2024-05-29,accept,
lafederation.com,sold,fit-dataset,fit,,,,2,2,12,,,,,2024-07-10,accept,
stylenyc.com,sold,fit-dataset,fit,,,,0,2,8,,,,,2024-07-31,accept,
bluedogcoin.com,sold,fit-dataset,fit,0.15,0,none,0,3,11,,,,,2024-08-28,reject,reject
hotelsdubai.com,sold,fit-dataset,fit,,,,0,2,11,,,,,2024-08-28,accept,
deepaffiliates.com,sold,fit-dataset,fit,0.85,1,forsale,0,2,14,,,,,2024-09-11,accept,
novamesh.com,sold,fit-dataset,fit,0.9,1,forsale,1,2,8,,,,,2024-09-11,accept,
symbolnetwork.com,sold,fit-dataset,fit,0.85,1,forsale,0,2,13,,,,,2024-09-11,accept,
ecoliving.com,sold,fit-dataset,fit,0.95,1,parked,3,2,9,,,,,2024-09-25,accept,
systemtech.com,sold,fit-dataset,fit,0.9,1,content,4,2,10,,,,,2024-09-25,accept,
cryptogold.com,sold,fit-dataset,fit,0.85,1,forsale,3,2,10,,,,,2024-09-25,accept,
northtimes.com,sold,fit-dataset,fit,1.0,1,content,0,2,10,,,,,2024-09-25,accept,
seasight.com,sold,fit-dataset,fit,0.9,1,content,3,2,8,,,,,2024-09-25,accept,
generationpower.com,sold,fit-dataset,fit,0.95,1,content,1,2,15,,,,,2024-10-09,accept,
berlinhouse.com,sold,fit-dataset,fit,,,,0,2,11,,,,,2024-10-09,accept,
easygrease.com,sold,fit-dataset,fit,0.65,1,forsale,0,2,10,,,,,2024-10-09,accept,
aitravelagency.com,sold,fit-dataset,fit,0.1,1,parked,0,3,14,,,,,2024-10-30,reject,reject
litlife.com,sold,fit-dataset,fit,1.0,1,parked,1,2,7,,,,,2024-11-13,accept,
realsense.com,sold,fit-dataset,fit,1.0,1,content,3,2,9,,,,,2024-11-13,accept,
machinelabs.com,sold,fit-dataset,fit,0.9,1,parked,0,2,11,,,,,2024-11-13,accept,
debtrepublic.com,sold,fit-dataset,fit,0.75,1,content,0,2,12,,,,,2024-11-27,accept,
manhattancatering.com,sold,fit-dataset,fit,,,,0,2,17,,,,,2024-12-11,reject,reject
tonexplorer.com,sold,fit-dataset,fit,0.9,1,forsale,0,2,11,,,,,2024-12-11,accept,
mercuryphoenixtrust.com,sold,fit-dataset,fit,,1,content,1,3,19,,,,,2024-12-11,reject,reject
acela.com,sold,fit-dataset,fit,,,,0,2,5,,,,,2024-12-11,accept,
faceform.com,sold,fit-dataset,fit,0.95,1,content,0,2,8,,,,,2024-12-11,accept,
halftone.com,sold,fit-dataset,fit,0.9,1,parked,3,2,8,,,,,2025-02-05,accept,
trendsetting.com,sold,fit-dataset,fit,0.65,1,forsale,2,2,12,,,,,2025-02-05,accept,
macroad.com,sold,fit-dataset,fit,1.0,1,content,1,2,7,,,,,2025-03-05,accept,
rockthecode.com,sold,fit-dataset,fit,0.2,1,content,0,3,11,,,,,2025-03-19,reject,reject
activateconsulting.com,sold,fit-dataset,fit,0.8,1,content,0,2,18,,,,,2025-04-02,accept,
membersmobile.com,sold,fit-dataset,fit,,,,0,2,13,,,,,2025-04-16,accept,
hollywoodhair.com,sold,fit-dataset,fit,,,,0,2,13,,,,,2025-04-16,accept,
mattrhodes.com,sold,fit-dataset,fit,0.55,1,content,1,2,10,,,,,2025-04-16,accept,
sightlineintelligence.com,sold,fit-dataset,fit,0.2,0,none,0,3,21,,,,,2025-05-14,reject,reject
cafebrazildenver.com,sold,fit-dataset,fit,,,,0,3,16,,,,,2025-05-14,reject,reject
luckycatnyc.com,sold,fit-dataset,fit,,,,0,3,11,,,,,2025-05-14,reject,reject
freshlime.com,sold,fit-dataset,fit,0.85,1,forsale,1,2,9,,,,,2025-05-14,accept,
newtel.com,sold,fit-dataset,fit,0.9,1,parked,2,2,6,,,,,2025-06-25,accept,
thebristolchicago.com,sold,fit-dataset,fit,,,,0,3,17,,,,,2025-06-25,reject,reject
localway.com,sold,fit-dataset,fit,1.0,1,forsale,2,2,8,,,,,2025-06-25,accept,
supersecret.com,sold,fit-dataset,fit,1.0,1,content,2,2,11,,,,,2025-06-25,accept,
instantsell.com,sold,fit-dataset,fit,1.0,1,parked,0,2,11,,,,,2025-06-25,accept,
texasmosquito.com,sold,fit-dataset,fit,,,,1,2,13,,,,,2025-06-25,accept,
groundupinvesting.com,sold,fit-dataset,fit,0.2,1,parked,0,3,17,,,,,2025-07-09,reject,reject
callthefuture.com,sold,fit-dataset,fit,0.25,1,parked,1,3,13,,,,,2025-07-09,accept,
consciencepoint.com,sold,fit-dataset,fit,0.55,1,parked,4,2,15,,,,,2025-07-09,accept,
alphastacked.com,sold,fit-dataset,fit,0.7,1,none,1,2,12,,,,,2025-07-09,accept,
presago.com,sold,fit-dataset,fit,0.45,1,parked,1,2,7,,,,,2025-08-06,accept,
solmere.com,sold,fit-dataset,fit,0.75,1,content,0,2,7,,,,,2025-08-06,accept,
propup.com,sold,fit-dataset,fit,0.95,1,content,0,2,6,,,,,2025-08-06,accept,
harborcityseattle.com,sold,fit-dataset,fit,,,,0,3,17,,,,,2025-08-06,reject,reject
newscrane.com,sold,fit-dataset,fit,0.75,1,content,0,2,9,,,,,2025-08-27,accept,
touchyourdream.com,sold,fit-dataset,fit,0.15,1,content,0,3,14,,,,,2025-08-27,reject,reject
weightlosspatch.com,sold,fit-dataset,fit,0.1,1,parked,0,3,15,,,,,2025-08-27,reject,reject
cometinvest.com,sold,fit-dataset,fit,0.9,1,content,0,2,11,,,,,2025-08-27,accept,
pulsenova.com,sold,fit-dataset,fit,1.0,1,content,0,2,9,,,,,2025-08-27,accept,
metaforge.com,sold,fit-dataset,fit,1.0,1,content,0,2,9,,,,,2025-08-27,accept,
myjournal.com,sold,fit-dataset,fit,0.9,1,content,0,2,9,,,,,2025-08-27,accept,
directleads.com,sold,fit-dataset,fit,0.95,1,content,0,2,11,,,,,2025-08-27,accept,
tapless.com,sold,fit-dataset,fit,0.9,1,content,0,2,7,,,,,2025-09-10,accept,
hahayes.com,sold,fit-dataset,fit,0.65,1,content,0,2,7,,,,,2025-09-10,accept,
hvacchicago.com,sold,fit-dataset,fit,,,,0,2,11,,,,,2025-10-08,accept,
orderai.com,sold,fit-dataset,fit,0.85,1,parked,0,2,7,,,,,2025-10-08,accept,
alphaline.com,sold,fit-dataset,fit,1.0,1,parked,0,2,9,,,,,2025-10-08,accept,
hubside.com,sold,fit-dataset,fit,0.9,1,content,0,2,7,,,,,2025-10-08,accept,
alaskaproperties.com,sold,fit-dataset,fit,,,,0,2,16,,,,,2025-10-22,accept,
tickettrend.com,sold,fit-dataset,fit,0.9,1,parked,0,2,11,,,,,2025-10-22,accept,
printedtape.com,sold,fit-dataset,fit,0.45,1,content,0,2,11,,,,,2025-11-05,reject,reject
orlandoflowers.com,sold,fit-dataset,fit,,,,0,2,14,,,,,2025-11-05,accept,
hendersons.com,sold,fit-dataset,fit,,,,0,3,10,,,,,2025-11-05,reject,reject
tampachamber.com,sold,fit-dataset,fit,,,,0,2,12,,,,,2025-11-05,accept,
allsportlive.com,sold,fit-dataset,fit,0.2,1,parked,0,3,12,,,,,2025-11-26,reject,reject
lamesalounge.com,sold,fit-dataset,fit,,,,0,3,12,,,,,2025-12-10,reject,reject
goodbalance.com,sold,fit-dataset,fit,1.0,1,parked,0,2,11,,,,,2025-12-10,accept,
greennest.com,sold,fit-dataset,fit,1.0,1,parked,0,2,9,,,,,2025-12-25,accept,
fastsend.com,sold,fit-dataset,fit,0.9,1,parked,0,2,8,,,,,2025-12-25,accept,
solarstation.com,sold,fit-dataset,fit,0.95,1,parked,0,2,12,,,,,2025-12-25,accept,
limemob.com,dropped,fit-controls,fit,0.9,1,parked,0,2,7,,,,,2026-07-19,accept,
dentstorm.com,dropped,fit-controls,fit,0.85,1,parked,0,2,9,,,,,2026-07-22,accept,
zeropercentslice.com,dropped,fit-controls,fit,0.05,0,none,0,3,16,,,,,2026-07-23,reject,reject
marcuestars.com,dropped,fit-controls,fit,0.0,0,none,0,3,11,,,,,2026-07-21,reject,reject
gpsnorth.com,dropped,fit-controls,fit,0.85,1,parked,0,2,8,,,,,2026-07-26,accept,
myponyup.com,dropped,fit-controls,fit,0.0,0,none,0,3,8,,,,,2026-07-22,reject,reject
pineridgeenterprises.com,dropped,fit-controls,fit,0.2,1,parked,0,3,20,,,,,2026-07-29,reject,reject
dealerdoom.com,dropped,fit-controls,fit,0.5,0,none,0,2,10,,,,,2026-07-19,reject,reject
cellblockaware.com,dropped,fit-controls,fit,0.05,0,none,0,3,14,,,,,2026-07-19,reject,reject
shipnever.com,dropped,fit-controls,fit,0.55,0,none,0,2,9,,,,,2026-07-22,reject,reject
civilizationhub.com,dropped,fit-controls,fit,0.65,1,parked,0,2,15,,,,,2026-07-27,accept,
crossborderusd.com,dropped,fit-controls,fit,0.25,0,none,0,3,14,,,,,2026-07-21,reject,reject
oilapply.com,dropped,fit-controls,fit,0.75,0,none,0,2,8,,,,,2026-07-19,reject,reject
thedogfarmer.com,dropped,fit-controls,fit,0.25,0,none,0,3,12,,,,,2026-07-18,reject,reject
almightyforall.com,dropped,fit-controls,fit,0.35,0,none,0,3,14,,,,,2026-07-20,reject,reject
sellenterprise.com,dropped,fit-controls,fit,0.9,1,content,0,2,14,,,,,2026-07-22,accept,
itfutureminds.com,dropped,fit-controls,fit,0.0,0,none,0,3,13,,,,,2026-07-23,reject,reject
netlinesystems.com,dropped,fit-controls,fit,0.15,1,parked,0,3,14,,,,,2026-07-20,reject,reject
financespurse.com,dropped,fit-controls,fit,0.6,0,none,0,2,13,,,,,2026-07-21,reject,reject
thelemonshirt.com,dropped,fit-controls,fit,0.2,0,none,0,3,13,,,,,2026-07-21,reject,reject
theglassedit.com,dropped,fit-controls,fit,0.05,0,none,0,3,12,,,,,2026-07-19,reject,reject
pinkdialproject.com,dropped,fit-controls,fit,0.0,0,none,0,3,15,,,,,2026-07-22,reject,reject
startuptext.com,dropped,fit-controls,fit,1.0,1,forsale,0,2,11,,,,,2026-07-23,accept,
chifishing.com,dropped,fit-controls,fit,0.9,1,parked,0,2,10,,,,,2026-07-22,accept,
hidgems.com,dropped,fit-controls,fit,0.9,1,none,0,2,7,,,,,2026-07-21,accept,
mylifewalls.com,dropped,fit-controls,fit,0.4,1,parked,0,3,11,,,,,2026-07-22,reject,reject
ultimatemarathonguide.com,dropped,fit-controls,fit,0.0,1,forsale,0,3,21,,,,,2026-07-21,reject,reject
tradingtoy.com,dropped,fit-controls,fit,0.85,1,parked,0,2,10,,,,,2026-07-23,accept,
everecoshift.com,dropped,fit-controls,fit,0.0,0,none,0,3,12,,,,,2026-07-24,reject,reject
proventhroughgrowth.com,dropped,fit-controls,fit,0.0,0,none,0,3,19,,,,,2026-07-23,reject,reject
vitalbullstore.com,dropped,fit-controls,fit,0.1,0,none,0,3,14,,,,,2026-07-22,reject,reject
alliesprinting.com,dropped,fit-controls,fit,0.6,0,none,0,2,14,,,,,2026-07-21,reject,reject
thesensoryguide.com,dropped,fit-controls,fit,0.1,1,none,0,3,15,,,,,2026-07-22,reject,reject
mindfullymiranda.com,dropped,fit-controls,fit,0.05,1,parked,0,3,16,,,,,2026-07-19,reject,reject
aimvirtual.com,dropped,fit-controls,fit,0.85,1,forsale,0,2,10,,,,,2026-07-21,accept,
bedfordwebsitedeveloper.com,dropped,fit-controls,fit,0.0,0,none,0,3,23,,,,,2026-07-28,reject,reject
thesafepaint.com,dropped,fit-controls,fit,0.15,1,parked,0,3,12,,,,,2026-07-22,reject,reject
notifysip.com,dropped,fit-controls,fit,0.8,0,none,0,2,9,,,,,2026-07-21,reject,reject
updatelogs.com,dropped,fit-controls,fit,0.65,1,parked,0,2,10,,,,,2026-07-22,accept,
mybrickbuddy.com,dropped,fit-controls,fit,0.05,0,none,0,3,12,,,,,2026-07-22,reject,reject
dashburstgames.com,dropped,fit-controls,fit,0.0,0,none,0,3,14,,,,,2026-07-22,reject,reject
velvetladiesstore.com,dropped,fit-controls,fit,0.0,0,none,0,3,17,,,,,2026-07-20,reject,reject
funflygo.com,dropped,fit-controls,fit,0.0,0,none,0,3,8,,,,,2026-07-22,reject,reject
gorichmoney.com,dropped,fit-controls,fit,0.05,0,none,0,3,11,,,,,2026-07-22,reject,reject
gunideas.com,dropped,fit-controls,fit,0.9,1,parked,0,2,8,,,,,2026-07-22,accept,
contactoption.com,dropped,fit-controls,fit,0.9,1,parked,0,2,13,,,,,2026-07-23,accept,
yellowdeskconsulting.com,dropped,fit-controls,fit,0.0,0,none,0,3,20,,,,,2026-07-21,reject,reject
corpsoffshore.com,dropped,fit-controls,fit,0.4,1,content,0,2,13,,,,,2026-07-19,reject,reject
accesscapetown.com,dropped,fit-controls,fit,0.2,0,none,0,3,14,,,,,2026-07-22,reject,reject
gorussiatrip.com,dropped,fit-controls,fit,0.0,0,none,0,3,12,,,,,2026-07-21,reject,reject
biohackersport.com,dropped,fit-controls,fit,0.0,0,none,0,3,14,,,,,2026-07-18,reject,reject
vibedriftguide.com,dropped,fit-controls,fit,0.0,0,none,0,3,14,,,,,2026-07-22,reject,reject
chidomain.com,dropped,fit-controls,fit,0.9,1,parked,0,2,9,,,,,2026-07-20,accept,
insulinboost.com,dropped,fit-controls,fit,0.65,1,parked,0,2,12,,,,,2026-07-19,accept,
scoutandbird.com,dropped,fit-controls,fit,0.05,1,parked,0,3,12,,,,,2026-07-20,reject,reject
mudrafarm.com,dropped,fit-controls,fit,0.0,1,none,0,3,9,,,,,2026-08-19,reject,reject
sunjuicestudio.com,dropped,fit-controls,fit,0.0,0,none,0,3,14,,,,,2026-07-21,reject,reject
shininggroups.com,dropped,fit-controls,fit,0.75,1,content,0,2,13,,,,,2026-08-01,accept,
keytonplace.com,dropped,fit-controls,fit,0.05,0,none,0,3,11,,,,,2026-07-22,reject,reject
thronenutrition.com,dropped,fit-controls,fit,0.7,1,parked,0,2,15,,,,,2026-07-22,accept,
onlylatin.com,dropped,fit-controls,fit,0.8,1,parked,0,2,9,,,,,2026-07-24,accept,
thinkcustomersupport.com,dropped,fit-controls,fit,0.05,0,none,0,3,20,,,,,2026-07-22,reject,reject
ubermydiet.com,dropped,fit-controls,fit,0.05,1,none,0,3,10,,,,,2026-08-03,reject,reject
streetchicgirl.com,dropped,fit-controls,fit,0.0,1,none,0,3,14,,,,,2026-07-21,reject,reject
notteam.com,dropped,fit-controls,fit,0.9,1,parked,0,2,7,,,,,2026-07-23,accept,
aledesignedit.com,dropped,fit-controls,fit,0.0,0,none,0,3,13,,,,,2026-07-20,reject,reject
simplyblessedlife.com,dropped,fit-controls,fit,0.0,1,content,0,3,17,,,,,2026-07-22,reject,reject
thedoubleshots.com,dropped,fit-controls,fit,0.05,1,parked,0,3,14,,,,,2026-07-19,reject,reject
thejourneycoin.com,dropped,fit-controls,fit,0.15,1,parked,0,3,14,,,,,2026-07-22,reject,reject
thecozystore.com,dropped,fit-controls,fit,0.15,1,parked,0,3,12,,,,,2026-07-19,reject,reject
remoteassociate.com,dropped,fit-controls,fit,0.7,1,parked,0,2,15,,,,,2026-07-17,accept,
holyislandfilm.com,dropped,fit-controls,fit,0.0,1,content,0,3,14,,,,,2026-07-31,reject,reject
solanaphone.com,dropped,fit-controls,fit,0.35,1,parked,0,3,11,,,,,2026-07-29,reject,reject
tommillerdesign.com,dropped,fit-controls,fit,0.0,1,content,0,3,15,,,,,2026-08-16,reject,reject
violetprints.com,dropped,fit-controls,fit,0.95,1,content,0,2,12,,,,,2026-07-19,accept,
labelconceptsinc.com,dropped,fit-controls,fit,0.05,1,content,0,3,16,,,,,2026-07-22,reject,reject
thegoodrose.com,dropped,fit-controls,fit,0.45,1,forsale,0,3,11,,,,,2026-07-19,reject,reject
heavenlists.com,dropped,fit-controls,fit,0.75,1,none,0,2,11,,,,,2026-07-31,accept,
luckingwork.com,dropped,fit-controls,fit,0.2,0,none,0,3,11,,,,,2026-07-22,reject,reject
nowpossibilityagency.com,dropped,fit-controls,fit,0.0,0,none,0,3,20,,,,,2026-07-22,reject,reject
businessbookrack.com,dropped,fit-controls,fit,0.15,0,none,0,3,16,,,,,2026-07-19,reject,reject
valuepartnersinvestor.com,dropped,fit-controls,fit,0.0,0,none,0,3,21,,,,,2026-07-18,reject,reject
globalcockfighting.com,dropped,fit-controls,fit,0.0,1,parked,0,3,18,,,,,2026-07-19,reject,reject
kaideeeveryday.com,dropped,fit-controls,fit,0.0,0,none,0,3,14,,,,,2026-07-19,reject,reject
ronpaulmarch.com,dropped,fit-controls,fit,0.0,1,content,0,3,12,,,,,2026-07-22,reject,reject
lovetargetlocal.com,dropped,fit-controls,fit,0.05,0,none,0,3,15,,,,,2026-07-22,reject,reject
luckyqueengrace.com,dropped,fit-controls,fit,0.0,0,none,0,3,15,,,,,2026-07-21,reject,reject
bloodcommander.com,dropped,fit-controls,fit,0.85,0,none,0,2,14,,,,,2026-07-22,reject,reject
messtoo.com,dropped,fit-controls,fit,0.45,0,none,0,2,7,,,,,2026-07-22,reject,reject
pixellace.com,dropped,fit-controls,fit,0.8,1,content,0,2,9,,,,,2026-07-26,accept,
voidcommandgaming.com,dropped,fit-controls,fit,0.0,0,none,0,3,17,,,,,2026-08-01,reject,reject
bagsoutletssupport.com,dropped,fit-controls,fit,0.0,1,none,0,3,18,,,,,2026-08-03,reject,reject
shinestoreperu.com,dropped,fit-controls,fit,0.05,1,none,0,3,14,,,,,2026-07-23,reject,reject
myfamilytee.com,dropped,fit-controls,fit,0.15,1,parked,0,3,11,,,,,2026-07-22,reject,reject
hypersoftsolutions.com,dropped,fit-controls,fit,0.35,1,content,0,3,18,,,,,2026-07-21,reject,reject
newperceptionpath.com,dropped,fit-controls,fit,0.05,0,none,0,3,17,,,,,2026-07-22,reject,reject
getneoagency.com,dropped,fit-controls,fit,0.1,0,none,0,3,12,,,,,2026-07-17,reject,reject
gearshiftsystems.com,dropped,fit-controls,fit,0.1,0,none,0,3,16,,,,,2026-07-20,reject,reject
gurutransportationclub.com,dropped,fit-controls,fit,0.0,0,none,0,3,22,,,,,2026-08-06,reject,reject
okayaway.com,dropped,fit-controls,fit,0.65,1,content,0,2,8,,,,,2026-07-21,accept,
elitevitalnutrition.com,dropped,fit-controls,fit,0.05,0,none,0,3,19,,,,,2026-07-22,reject,reject
newsportaltoday.com,dropped,fit-controls,fit,0.0,1,content,0,3,15,,,,,2026-07-21,reject,reject
commonthreadconnection.com,dropped,fit-controls,fit,0.05,0,none,0,3,22,,,,,2026-07-21,reject,reject
cafeheal.com,dropped,fit-controls,fit,0.75,1,forsale,0,2,8,,,,,2026-07-24,accept,
studentathletefund.com,dropped,fit-controls,fit,0.1,0,none,0,3,18,,,,,2026-07-21,reject,reject
eraholdingscorp.com,dropped,fit-controls,fit,0.0,0,none,0,3,15,,,,,2026-07-18,reject,reject
timesgem.com,dropped,fit-controls,fit,0.8,1,forsale,0,2,8,,,,,2026-07-30,accept,
goeuropeadvisor.com,dropped,fit-controls,fit,0.0,0,none,0,3,15,,,,,2026-07-20,reject,reject
findloveget.com,dropped,fit-controls,fit,0.1,1,parked,0,3,11,,,,,2026-08-04,reject,reject
sunsetislandhealth.com,dropped,fit-controls,fit,0.0,0,none,0,3,18,,,,,2026-07-20,reject,reject
imokayservices.com,dropped,fit-controls,fit,0.0,0,none,0,3,14,,,,,2026-07-22,reject,reject
internationalcocacola.com,dropped,fit-controls,fit,0.1,0,none,0,3,21,,,,,2026-07-19,reject,reject
altaimeat.com,dropped,fit-controls,fit,0.0,0,none,0,3,9,,,,,2026-07-25,reject,reject
craftsit.com,dropped,fit-controls,fit,0.75,1,none,0,2,8,,,,,2026-07-19,accept,
gencellportal.com,dropped,fit-controls,fit,0.0,0,none,0,3,13,,,,,2026-07-22,reject,reject
smartnestinsider.com,dropped,fit-controls,fit,0.0,0,none,0,3,16,,,,,2026-07-20,reject,reject
finalexpensecontracting.com,dropped,fit-controls,fit,0.2,1,parked,0,3,23,,,,,2026-07-20,reject,reject
cosmeticsboxes.com,dropped,fit-controls,fit,0.6,0,none,0,2,14,,,,,2026-07-21,reject,reject
hellomarlink.com,dropped,fit-controls,fit,0.0,0,none,0,3,12,,,,,2026-07-22,reject,reject
givewithleap.com,dropped,fit-controls,fit,0.05,0,none,0,3,12,,,,,2026-07-19,reject,reject
fastmusclebuild.com,dropped,fit-controls,fit,0.0,1,parked,0,3,15,,,,,2026-07-21,reject,reject
dentcod.com,dropped,fit-controls,fit,0.75,0,none,0,2,7,,,,,2026-07-20,reject,reject
yesbrew.com,dropped,fit-controls,fit,0.95,1,parked,0,2,7,,,,,2026-07-19,accept,
spanishselections.com,dropped,fit-controls,fit,0.45,1,content,0,2,17,,,,,2026-09-02,reject,reject
guiltfreeyou.com,dropped,fit-controls,fit,0.05,0,none,0,3,12,,,,,2026-07-20,reject,reject
goodbakesale.com,dropped,fit-controls,fit,0.0,0,none,0,3,12,,,,,2026-07-18,reject,reject
breezelasercenter.com,dropped,fit-controls,fit,0.05,1,parked,0,3,17,,,,,2026-07-22,reject,reject
smilesdoctors.com,dropped,fit-controls,fit,0.45,1,none,0,2,13,,,,,2026-07-19,reject,reject
informationcontroloffice.com,dropped,fit-controls,fit,0.0,0,none,0,3,24,,,,,2026-07-22,reject,reject
grainsforever.com,dropped,fit-controls,fit,0.55,1,none,0,2,13,,,,,2026-07-19,accept,
javamedicaltransportation.com,dropped,fit-controls,fit,0.0,0,none,0,3,25,,,,,2026-07-19,reject,reject
traingrindrepeat.com,dropped,fit-controls,fit,0.0,0,none,0,3,16,,,,,2026-07-21,reject,reject
trycartlift.com,dropped,fit-controls,fit,0.0,1,parked,0,3,11,,,,,2026-07-21,reject,reject
westernpilotservice.com,dropped,fit-controls,fit,0.05,0,none,0,3,19,,,,,2026-07-20,reject,reject
borderlessites.com,dropped,fit-controls,fit,0.05,0,none,0,3,14,,,,,2026-07-21,reject,reject
noderecordings.com,dropped,fit-controls,fit,0.4,1,parked,0,2,14,,,,,2026-07-19,reject,reject
goldengalaxytrading.com,dropped,fit-controls,fit,0.05,0,none,0,3,19,,,,,2026-07-21,reject,reject
faithcreativeset.com,dropped,fit-controls,fit,0.0,0,none,0,3,16,,,,,2026-07-21,reject,reject
stabledragon.com,dropped,fit-controls,fit,0.95,1,none,0,2,12,,,,,2026-07-20,accept,
englishloverclub.com,dropped,fit-controls,fit,0.0,0,none,0,3,16,,,,,2026-07-24,reject,reject
myhealthyreason.com,dropped,fit-controls,fit,0.25,1,parked,0,3,15,,,,,2027-02-23,reject,reject
useanswerrank.com,dropped,fit-controls,fit,0.05,0,none,0,3,13,,,,,2026-07-20,reject,reject
shopteacompany.com,dropped,fit-controls,fit,0.05,0,none,0,3,14,,,,,2026-07-22,reject,reject
keyspremium.com,dropped,fit-controls,fit,0.9,1,parked,0,2,11,,,,,2026-07-19,accept,
goldstatehoney.com,dropped,fit-controls,fit,0.0,0,none,0,3,14,,,,,2026-07-20,reject,reject
nicolasspeaks.com,dropped,fit-controls,fit,0.3,0,none,0,2,13,,,,,2026-07-21,reject,reject
edwardsprotocols.com,dropped,fit-controls,fit,0.45,0,none,0,2,16,,,,,2026-07-29,reject,reject
buytrollbeads.com,dropped,fit-controls,fit,0.0,1,parked,0,3,13,,,,,2026-07-19,reject,reject
bunnybills.com,dropped,fit-controls,fit,0.75,1,forsale,0,2,10,,,,,2026-07-20,accept,
kingslow.com,dropped,fit-controls,fit,0.7,1,parked,0,2,8,,,,,2026-07-20,accept,
starnowspin.com,dropped,fit-controls,fit,0.0,0,none,0,3,11,,,,,2026-07-21,reject,reject
marlinkvalue.com,dropped,fit-controls,fit,0.15,0,none,0,3,12,,,,,2026-07-22,reject,reject
trueyogarebel.com,dropped,fit-controls,fit,0.05,1,none,0,3,13,,,,,2026-07-22,reject,reject
steepbeverage.com,dropped,fit-controls,fit,0.4,1,none,0,2,13,,,,,2026-07-30,reject,reject
hotelswithparking.com,dropped,fit-controls,fit,0.0,1,parked,0,3,17,,,,,2026-07-21,reject,reject
wwiijeep.com,dropped,fit-controls,fit,0.2,1,parked,0,2,8,,,,,2026-07-19,reject,reject
peripheralcare.com,dropped,fit-controls,fit,0.6,0,none,0,2,14,,,,,2026-07-22,reject,reject
hiregoodloop.com,dropped,fit-controls,fit,0.1,0,none,0,3,12,,,,,2026-07-28,reject,reject
thedesktopteam.com,dropped,fit-controls,fit,0.0,1,content,0,3,14,,,,,2026-07-19,reject,reject
goldmastereurope.com,dropped,fit-controls,fit,0.0,0,none,0,3,16,,,,,2026-07-24,reject,reject
canitpay.com,dropped,fit-controls,fit,0.1,0,none,0,3,8,,,,,2026-07-21,reject,reject
blockwealthstrategies.com,dropped,fit-controls,fit,0.2,0,none,0,3,21,,,,,2028-08-08,reject,reject
kingslocation.com,dropped,fit-controls,fit,0.75,1,none,0,2,13,,,,,2026-07-22,accept,
kindnesspros.com,dropped,fit-controls,fit,0.65,1,none,0,2,12,,,,,2026-07-20,accept,
printingsmartsolution.com,dropped,fit-controls,fit,0.05,0,none,0,3,21,,,,,2026-07-24,reject,reject
shopmorganbronze.com,dropped,fit-controls,fit,0.0,0,none,0,3,16,,,,,2026-07-20,reject,reject
icclearning.com,dropped,fit-controls,fit,0.8,0,none,0,2,11,,,,,2026-07-22,reject,reject
gosunmed.com,dropped,fit-controls,fit,0.15,0,none,0,3,8,,,,,2026-10-20,reject,reject
examplebuddy.com,dropped,fit-controls,fit,0.65,0,none,0,2,12,,,,,2026-07-22,reject,reject
loscentclothing.com,dropped,fit-controls,fit,0.0,0,none,0,3,15,,,,,2026-07-20,reject,reject
sportenhance.com,dropped,fit-controls,fit,0.55,1,parked,0,2,12,,,,,2026-07-23,accept,
ambulanceportal.com,dropped,fit-controls,fit,0.45,1,content,0,2,15,,,,,2026-07-19,reject,reject
bullgreencamp.com,dropped,fit-controls,fit,0.0,0,none,0,3,13,,,,,2026-07-20,reject,reject
danmamaproperties.com,dropped,fit-controls,fit,0.0,0,none,0,3,17,,,,,2026-07-25,reject,reject
buddypunchinc.com,dropped,fit-controls,fit,0.15,0,none,0,3,13,,,,,2026-07-21,reject,reject
allmydocuments.com,dropped,fit-controls,fit,0.3,1,forsale,0,3,14,,,,,2026-07-18,reject,reject
liftitforward.com,dropped,fit-controls,fit,0.05,0,none,0,3,13,,,,,2027-01-07,reject,reject
gemriseinternational.com,dropped,fit-controls,fit,0.0,0,none,0,3,20,,,,,2026-07-19,reject,reject
saltairsocial.com,dropped,fit-controls,fit,0.1,0,none,0,3,13,,,,,2026-07-20,reject,reject
flipfixdiy.com,dropped,fit-controls,fit,0.0,0,none,0,3,10,,,,,2026-07-21,reject,reject
agewed.com,dropped,fit-controls,fit,0.5,0,none,0,2,6,,,,,2026-07-23,reject,reject
cookthreads.com,dropped,fit-controls,fit,0.95,1,parked,0,2,11,,,,,2026-07-22,accept,
loveprettyshop.com,dropped,fit-controls,fit,0.0,0,none,0,3,14,,,,,2026-07-20,reject,reject
absolutedigitaldata.com,dropped,fit-controls,fit,0.05,0,none,0,3,19,,,,,2026-07-24,reject,reject
cryptobossman.com,dropped,fit-controls,fit,0.05,1,parked,0,3,13,,,,,2026-07-19,reject,reject
twodigitalmarketing.com,dropped,fit-controls,fit,0.25,0,none,0,3,19,,,,,2026-08-01,reject,reject
hellobossmedia.com,dropped,fit-controls,fit,0.2,0,none,0,3,14,,,,,2026-07-22,reject,reject
housemediaproductions.com,dropped,fit-controls,fit,0.1,1,parked,0,3,21,,,,,2026-07-20,reject,reject
trypeelai.com,dropped,fit-controls,fit,0.0,0,none,0,3,9,,,,,2026-07-21,reject,reject
totalaccessai.com,dropped,fit-controls,fit,0.05,0,none,0,3,13,,,,,2026-07-20,reject,reject
datadrivenminds.com,dropped,fit-controls,fit,0.4,1,parked,0,3,15,,,,,2026-07-19,reject,reject
amptecheng.com,dropped,fit-controls,fit,0.2,0,none,0,3,10,,,,,2026-07-22,reject,reject
engagemarketingsystem.com,dropped,fit-controls,fit,0.1,0,none,0,3,21,,,,,2026-07-19,reject,reject
helptechsolutions.com,dropped,fit-controls,fit,0.4,1,parked,0,3,17,,,,,2026-07-19,reject,reject
securedenasset.com,dropped,fit-controls,fit,0.0,0,none,0,3,14,,,,,2026-07-19,reject,reject
avevipweb.com,dropped,fit-controls,fit,0.0,0,none,0,3,9,,,,,2026-08-01,reject,reject
theadsfix.com,dropped,fit-controls,fit,0.1,0,none,0,3,9,,,,,2026-07-21,reject,reject
evakaidigital.com,dropped,fit-controls,fit,0.0,0,none,0,3,13,,,,,2026-07-18,reject,reject
snowblackvr.com,dropped,fit-controls,fit,0.0,1,content,0,3,11,,,,,2026-07-21,reject,reject
emailflowmode.com,dropped,fit-controls,fit,0.1,0,none,0,3,13,,,,,2026-07-24,reject,reject
digitalcreatormama.com,dropped,fit-controls,fit,0.1,0,none,0,3,18,,,,,2026-07-19,reject,reject
absolutedigitaldrive.com,dropped,fit-controls,fit,0.05,0,none,0,3,20,,,,,2026-07-24,reject,reject
champsalesplatform.com,dropped,fit-controls,fit,0.15,0,none,0,3,18,,,,,2026-07-22,reject,reject
lockcodetracker.com,dropped,fit-controls,fit,0.0,0,none,0,3,15,,,,,2026-07-22,reject,reject
aipokerplayer.com,dropped,fit-controls,fit,0.1,1,parked,0,3,13,,,,,2026-07-21,reject,reject
aitextwriters.com,dropped,fit-controls,fit,0.05,0,none,0,3,13,,,,,2026-07-21,reject,reject
quantumfieldmedia.com,dropped,fit-controls,fit,0.0,0,none,0,3,17,,,,,2026-07-20,reject,reject
adaptmateai.com,dropped,fit-controls,fit,0.3,0,none,0,3,11,,,,,2026-07-22,reject,reject
fitscapeapp.com,dropped,fit-controls,fit,0.0,0,none,0,3,11,,,,,2026-07-22,reject,reject
swanbitcoinsupports.com,dropped,fit-controls,fit,0.0,0,none,0,3,19,,,,,2026-07-26,reject,reject
bridgevestapp.com,dropped,fit-controls,fit,0.05,0,none,0,3,13,,,,,2026-07-19,reject,reject
windshearmedia.com,dropped,fit-controls,fit,0.05,1,content,0,3,14,,,,,2026-07-22,reject,reject
fastleadsus.com,dropped,fit-controls,fit,0.1,0,none,0,3,11,,,,,2026-07-21,reject,reject
flexibleemail.com,dropped,fit-controls,fit,0.85,1,forsale,0,2,13,,,,,2026-07-30,accept,
boxenergytech.com,dropped,fit-controls,fit,0.05,1,parked,0,3,13,,,,,2026-07-29,reject,reject
cryptorichhelp.com,dropped,fit-controls,fit,0.0,0,none,0,3,14,,,,,2026-07-19,reject,reject
thehomeman.com,dropped,fit-controls,fit,0.25,1,parked,0,3,10,,,,,2026-07-17,reject,reject
taxflowjump.com,dropped,fit-controls,fit,0.1,0,none,0,3,11,,,,,2026-07-28,reject,reject
industrialmoldshops.com,dropped,fit-controls,fit,0.0,0,none,0,3,19,,,,,2026-07-19,reject,reject
theprestigespa.com,dropped,fit-controls,fit,0.1,1,parked,0,3,14,,,,,2026-07-21,reject,reject
getsolartrack.com,dropped,fit-controls,fit,0.1,0,none,0,3,13,,,,,2026-07-24,reject,reject
chelseanoahwedding.com,dropped,fit-controls,fit,0.0,0,none,0,3,18,,,,,2026-07-22,reject,reject
taxlicensepro.com,dropped,fit-controls,fit,0.0,0,none,0,3,13,,,,,2026-07-21,reject,reject
alwaysmovingstorage.com,dropped,fit-controls,fit,0.0,1,none,0,3,19,,,,,2026-07-20,reject,reject
montrealnailsalon.com,dropped,fit-controls,fit,,1,parked,0,3,17,,,,,2026-07-21,reject,reject
movingcompanynashville.com,dropped,fit-controls,fit,,1,parked,0,3,22,,,,,2026-07-19,reject,reject
londonfashionstore.com,dropped,fit-controls,fit,,1,content,0,3,18,,,,,2026-07-21,reject,reject
lawyeralbany.com,dropped,fit-controls,fit,,1,parked,0,2,12,,,,,2026-07-19,accept,
foodcateringla.com,dropped,fit-controls,fit,,1,content,0,3,14,,,,,2026-07-22,reject,reject
immigrationattorneydubai.com,dropped,fit-controls,fit,,0,none,0,3,24,,,,,2026-07-19,reject,reject
mainestarsolutions.com,dropped,fit-controls,fit,,1,none,0,3,18,,,,,2026-07-20,reject,reject
homereadyottawa.com,dropped,fit-controls,fit,,0,none,0,3,15,,,,,2026-07-22,reject,reject
nebraskalasercompany.com,dropped,fit-controls,fit,,0,none,0,3,20,,,,,2026-07-20,reject,reject
coloradoonlinecounseling.com,dropped,fit-controls,fit,,0,none,0,3,24,,,,,2027-07-18,reject,reject
portlandbusinesstoday.com,dropped,fit-controls,fit,,1,parked,0,3,21,,,,,2026-07-21,reject,reject
bestpainterdubai.com,dropped,fit-controls,fit,,0,none,0,3,16,,,,,2026-07-20,reject,reject
alphaservicesalaska.com,dropped,fit-controls,fit,,0,none,0,3,19,,,,,2026-07-22,reject,reject
miamiautoquote.com,dropped,fit-controls,fit,,1,content,0,3,14,,,,,2026-07-20,reject,reject
baltimoreemploymentlawyer.com,dropped,fit-controls,fit,,1,parked,0,3,25,,,,,2026-07-23,reject,reject
trustedlacleaning.com,dropped,fit-controls,fit,,0,none,0,3,17,,,,,2026-07-20,reject,reject
mainelasercompany.com,dropped,fit-controls,fit,,0,none,0,3,17,,,,,2026-07-20,reject,reject
mobileautoprofessionals.com,dropped,fit-controls,fit,,1,parked,0,3,23,,,,,2026-07-19,reject,reject
phoenixarizonahotel.com,dropped,fit-controls,fit,,1,parked,0,3,19,,,,,2026-07-19,reject,reject
phoenixlocalmoving.com,dropped,fit-controls,fit,,1,content,0,3,18,,,,,2026-07-23,reject,reject
partnerscolorado.com,dropped,fit-controls,fit,,0,none,0,2,16,,,,,2026-07-20,accept,
affordablehomenyc.com,dropped,fit-controls,fit,,0,none,0,3,17,,,,,2026-07-22,reject,reject
laelevatorservice.com,dropped,fit-controls,fit,,0,none,0,3,17,,,,,2026-07-24,reject,reject
junkroomnyc.com,dropped,fit-controls,fit,,0,none,0,3,11,,,,,2026-07-23,reject,reject
employmentattorneydallas.com,dropped,fit-controls,fit,,0,none,0,3,24,,,,,2026-07-23,reject,reject
californiapowerelectric.com,dropped,fit-controls,fit,,0,none,0,3,23,,,,,2026-07-19,reject,reject
illinoiscraneservice.com,dropped,fit-controls,fit,,1,parked,0,3,20,,,,,2026-07-21,reject,reject
ottawaresidentialcleaning.com,dropped,fit-controls,fit,,0,none,0,3,25,,,,,2026-07-18,reject,reject
timberlinktech.com,dropped,fit-controls,fit,,0,none,0,3,14,,,,,2026-07-28,reject,reject
dubaiworldfashion.com,dropped,fit-controls,fit,,0,none,0,3,17,,,,,2026-07-21,reject,reject
phoenixtuningshop.com,dropped,fit-controls,fit,,0,none,0,3,17,,,,,2026-07-20,reject,reject
indianacollisioncenter.com,dropped,fit-controls,fit,,0,none,0,3,22,,,,,2026-07-21,reject,reject
floridaskinclinic.com,dropped,fit-controls,fit,,0,none,0,3,17,,,,,2026-07-21,reject,reject
houstonhybridcenter.com,dropped,fit-controls,fit,,0,none,0,3,19,,,,,2026-07-22,reject,reject
iowaonlineslots.com,dropped,fit-controls,fit,,0,none,0,3,15,,,,,2026-07-21,reject,reject
thecaliforniaroof.com,dropped,fit-controls,fit,,0,none,0,3,17,,,,,2026-07-20,reject,reject
utahdiscountinsurance.com,dropped,fit-controls,fit,,1,content,0,3,21,,,,,2026-07-21,reject,reject
autodetailingbuffalo.com,dropped,fit-controls,fit,,1,content,0,3,20,,,,,2026-07-18,reject,reject
californialasercompany.com,dropped,fit-controls,fit,,0,none,0,3,22,,,,,2026-07-20,reject,reject
rosedentaltampa.com,dropped,fit-controls,fit,,0,none,0,3,15,,,,,2026-07-19,reject,reject
georgiacyclesupply.com,dropped,fit-controls,fit,,0,none,0,3,18,,,,,2026-07-21,reject,reject
marielashop.com,dropped,fit-controls,fit,,0,none,0,3,11,,,,,2026-07-22,reject,reject
texasmortgagegroup.com,dropped,fit-controls,fit,,1,forsale,0,3,18,,,,,2026-07-20,reject,reject
nychomerenovation.com,dropped,fit-controls,fit,,1,content,0,3,17,,,,,2026-07-19,reject,reject
michiganlasercompany.com,dropped,fit-controls,fit,,0,none,0,3,20,,,,,2026-07-20,reject,reject
brooklynmoldinspection.com,dropped,fit-controls,fit,,1,content,0,3,22,,,,,2026-07-21,reject,reject
philadelphiafamilydental.com,dropped,fit-controls,fit,,1,parked,0,3,24,,,,,2026-07-22,reject,reject
ohiofootballclub.com,dropped,fit-controls,fit,,0,none,0,3,16,,,,,2026-07-21,reject,reject
louisvillelasercompany.com,dropped,fit-controls,fit,,0,none,0,3,22,,,,,2026-07-20,reject,reject
houstonhomesellers.com,dropped,fit-controls,fit,,1,parked,0,3,18,,,,,2026-07-23,reject,reject
irvingcleaningservices.com,dropped,fit-controls,fit,,1,parked,0,3,22,,,,,2026-07-20,reject,reject
marylandwaterservice.com,dropped,fit-controls,fit,,1,parked,0,3,20,,,,,2027-03-06,reject,reject
microweddingarizona.com,dropped,fit-controls,fit,,1,parked,0,3,19,,,,,2026-07-18,reject,reject
dubaiautoservices.com,dropped,fit-controls,fit,,1,none,0,3,17,,,,,2026-07-24,reject,reject
coloradosolarpros.com,dropped,fit-controls,fit,,1,parked,0,3,17,,,,,2026-07-23,reject,reject
trafficlawyerdallas.com,dropped,fit-controls,fit,,1,parked,0,3,19,,,,,2026-07-21,reject,reject
denvertattooink.com,dropped,fit-controls,fit,,0,none,0,3,15,,,,,2026-07-20,reject,reject
partnersmemphis.com,dropped,fit-controls,fit,,0,none,0,2,15,,,,,2026-07-20,accept,
alaskalasercompany.com,dropped,fit-controls,fit,,0,none,0,3,18,,,,,2026-07-20,reject,reject
nycdeckbuilders.com,dropped,fit-controls,fit,,1,parked,0,3,15,,,,,2026-07-21,reject,reject
sportcertified.com,sold,holdout-r1,test,1.0,0,,0,2,14,,,,,2025-08-06,accept,
greedandfear.com,sold,holdout-r1,test,0.0,1,parked,1,3,12,,,,,2025-08-06,accept,
drinkhappythoughts.com,sold,holdout-r1,test,0.0,1,,0,3,18,,,,,2025-08-27,reject,reject
casinotreasure.com,sold,holdout-r1,test,0.95,1,forsale,0,2,14,,,,,2023-01-10,accept,
workingnurses.com,sold,holdout-r1,test,0.55,1,parked,0,2,13,,,,,2024-09-25,accept,
cyberprepare.com,sold,holdout-r1,test,0.65,1,parked,0,2,12,,,,,2024-09-10,accept,
bigislandhoney.com,sold,holdout-r1,test,0.25,1,parked,0,3,14,,,,,2023-09-27,reject,reject
bennybet.com,sold,holdout-r1,test,0.7,1,parked,0,2,8,,,,,2025-04-16,accept,
wowform.com,sold,holdout-r1,test,0.9,1,forsale,0,2,7,,,,,2023-07-19,accept,
colline.com,sold,holdout-r1,test,0.8,1,forsale,3,2,7,,,,,2023-02-01,accept,
infinitypanel.com,sold,holdout-r1,test,0.95,0,,0,2,13,,,,,2025-04-02,accept,
quietstack.com,sold,holdout-r1,test,0.95,1,forsale,0,2,10,,,,,2025-08-27,accept,
bearhollow.com,sold,holdout-r1,test,0.65,1,parked,0,2,10,,,,,2023-06-21,accept,
tubescript.com,sold,holdout-r1,test,0.9,1,content,0,2,10,,,,,2023-06-21,accept,
rippull.com,sold,holdout-r1,test,0.7,1,parked,0,2,7,,,,,2023-03-29,accept,
saintbella.com,sold,holdout-r1,test,0.65,1,parked,0,2,10,,,,,2023-03-29,accept,
primecorporate.com,sold,holdout-r1,test,0.85,1,forsale,0,2,14,,,,,2023-06-21,accept,
bookreward.com,sold,holdout-r1,test,0.85,1,parked,0,2,10,,,,,2023-03-01,accept,
linkitsystems.com,sold,holdout-r1,test,0.2,1,parked,0,3,13,,,,,2024-03-14,reject,reject
academyink.com,sold,holdout-r1,test,0.9,1,parked,0,2,10,,,,,2022-03-30,accept,
angelshares.com,sold,holdout-r1,test,0.8,1,parked,0,2,11,,,,,2022-03-30,accept,
tractioniq.com,sold,holdout-r1,test,0.7,1,forsale,0,2,10,,,,,2025-06-13,accept,
rubylearning.com,sold,holdout-r1,test,0.95,1,content,1,2,12,,,,,2025-12-03,accept,
rentdemo.com,sold,holdout-r1,test,0.85,1,,0,2,8,,,,,2022-06-21,accept,
seomars.com,sold,holdout-r1,test,0.8,1,content,0,2,7,,,,,2022-07-06,accept,
stagenest.com,sold,holdout-r1,test,1.0,1,parked,0,2,9,,,,,2025-09-24,accept,
egyptianlabs.com,sold,holdout-r1,test,0.5,0,,0,2,12,,,,,2026-03-17,reject,reject
juliastyle.com,sold,holdout-r1,test,0.65,1,parked,0,2,10,,,,,2026-04-17,accept,
verticalhero.com,sold,holdout-r1,test,0.9,1,parked,0,2,12,,,,,2025-03-19,accept,
bigbudfarms.com,sold,holdout-r1,test,0.05,1,parked,0,3,11,,,,,2022-08-09,reject,reject
savingsboost.com,sold,holdout-r1,test,0.9,1,parked,0,2,12,,,,,2023-06-07,accept,
trackevents.com,sold,holdout-r1,test,0.9,1,parked,0,2,11,,,,,2022-06-22,accept,
polebot.com,sold,holdout-r1,test,0.75,1,forsale,0,2,7,,,,,2025-10-22,accept,
nodepilot.com,sold,holdout-r1,test,0.85,1,parked,0,2,9,,,,,2025-05-28,accept,
actuallycare.com,sold,holdout-r1,test,0.65,1,,0,2,12,,,,,2026-03-13,accept,
pinkfarms.com,sold,holdout-r1,test,0.9,1,forsale,0,2,9,,,,,2024-03-20,accept,
searchsurge.com,sold,holdout-r1,test,1.0,1,forsale,0,2,11,,,,,2025-08-27,accept,
neobed.com,sold,holdout-r1,test,0.95,1,content,0,2,6,,,,,2024-12-11,accept,
mentalhealthdiagnosis.com,sold,holdout-r1,test,0.35,1,forsale,0,3,21,,,,,2025-08-06,reject,reject
missionportal.com,sold,holdout-r1,test,0.9,1,parked,0,2,13,,,,,2023-02-01,accept,
thetransportationlawyers.com,sold,holdout-r1,test,0.0,0,,0,3,24,,,,,2024-09-04,reject,reject
evolutionoffshore.com,sold,holdout-r1,test,0.8,1,,0,2,17,,,,,2025-08-06,accept,
christcenteredrecovery.com,sold,holdout-r1,test,0.1,1,parked,1,3,22,,,,,2026-01-22,accept,
theblueharbor.com,sold,holdout-r1,test,0.4,1,,0,3,13,,,,,2025-09-25,reject,reject
cannabisblueten.com,sold,holdout-r1,test,0.0,0,,0,3,15,,,,,2023-04-26,reject,reject
mindlovers.com,sold,holdout-r1,test,0.8,1,parked,0,2,10,,,,,2023-02-08,accept,
nahate.com,sold,holdout-r1,test,0.45,1,parked,0,2,6,,,,,2024-09-11,reject,reject
planclinic.com,sold,holdout-r1,test,0.85,1,content,0,2,10,,,,,2025-09-10,accept,
onlypdf.com,sold,holdout-r1,test,0.9,1,content,0,2,7,,,,,2025-05-14,accept,
advantagesure.com,sold,holdout-r1,test,0.85,1,forsale,0,2,13,,,,,2025-04-02,accept,
touriso.com,sold,holdout-r1,test,0.6,1,parked,0,2,7,,,,,2024-06-26,accept,
forgegeo.com,sold,holdout-r1,test,0.95,0,,0,2,8,,,,,2025-05-14,accept,
advisehealth.com,sold,holdout-r1,test,0.75,1,forsale,0,2,12,,,,,2022-10-05,accept,
safeslide.com,sold,holdout-r1,test,0.7,0,,1,2,9,,,,,2024-10-09,accept,
icontile.com,sold,holdout-r1,test,0.8,1,content,0,2,8,,,,,2026-07-14,accept,
clinicmadar.com,dropped,holdout-r1,test,0.05,1,content,0,3,11,,,,,2026-10-08,reject,reject
bakingarea.com,dropped,holdout-r1,test,0.75,1,parked,0,2,10,,,,,2026-10-08,accept,
rolesgohire.com,dropped,holdout-r1,test,0.0,0,,0,3,11,,,,,2026-10-09,reject,reject
craftbush.com,dropped,holdout-r1,test,0.6,0,,0,2,9,,,,,2026-10-06,accept,
engfixtech.com,dropped,holdout-r1,test,0.0,0,,0,3,10,,,,,2026-10-08,reject,reject
positionzeroconsulting.com,dropped,holdout-r1,test,0.1,0,,0,3,22,,,,,2026-10-06,reject,reject
antinvesting.com,dropped,holdout-r1,test,0.8,1,,0,2,12,,,,,2026-10-07,accept,
excellencedentrepair.com,dropped,holdout-r1,test,0.0,1,parked,0,3,20,,,,,2026-10-09,reject,reject
exposureculture.com,dropped,holdout-r1,test,0.8,1,,0,2,15,,,,,2026-10-06,accept,
firstofficeinternational.com,dropped,holdout-r1,test,0.0,1,forsale,0,3,24,,,,,2026-10-06,reject,reject
thecanvascafe.com,dropped,holdout-r1,test,0.05,1,forsale,1,3,13,,,,,2026-10-08,accept,
bootandhide.com,dropped,holdout-r1,test,0.05,1,parked,0,3,11,,,,,2026-10-06,reject,reject
coinmarketexperts.com,dropped,holdout-r1,test,0.15,1,content,0,3,17,,,,,2026-10-08,reject,reject
blakeshoes.com,dropped,holdout-r1,test,0.85,0,,0,2,10,,,,,2026-10-09,accept,
cartbesttop.com,dropped,holdout-r1,test,0.0,0,,0,3,11,,,,,2026-10-07,reject,reject
nurselawpro.com,dropped,holdout-r1,test,0.15,0,,0,3,11,,,,,2026-10-09,reject,reject
startupsonwheels.com,dropped,holdout-r1,test,0.0,1,parked,0,3,16,,,,,2026-10-07,reject,reject
thewebsitepharmacy.com,dropped,holdout-r1,test,0.15,1,parked,0,3,18,,,,,2026-10-06,reject,reject
sparkeducationalservices.com,dropped,holdout-r1,test,0.0,1,parked,0,3,24,,,,,2026-10-07,reject,reject
hyperbasemedia.com,dropped,holdout-r1,test,0.1,1,content,0,3,14,,,,,2026-10-06,reject,reject
podfranchise.com,dropped,holdout-r1,test,0.85,1,forsale,0,2,12,,,,,2026-10-08,accept,
southerndesignagency.com,dropped,holdout-r1,test,0.15,0,,0,3,20,,,,,2026-10-09,reject,reject
simplebraceletsale.com,dropped,holdout-r1,test,0.0,1,content,0,3,18,,,,,2026-10-09,reject,reject
fastleadssend.com,dropped,holdout-r1,test,0.0,0,,0,3,13,,,,,2026-10-09,reject,reject
fillstyle.com,dropped,holdout-r1,test,0.9,1,content,0,2,9,,,,,2026-10-07,accept,
worshipinsight.com,dropped,holdout-r1,test,0.8,1,content,0,2,14,,,,,2026-10-06,accept,
foxcbs.com,dropped,holdout-r1,test,0.55,1,content,0,2,6,,,,,2026-10-07,accept,
usedautomotives.com,dropped,holdout-r1,test,0.1,1,parked,0,3,15,,,,,2026-10-08,reject,reject
camdonconstruction.com,dropped,holdout-r1,test,0.0,1,forsale,0,3,18,,,,,2026-10-07,reject,reject
swiftforgeusa.com,dropped,holdout-r1,test,0.1,0,,0,3,13,,,,,2026-10-06,reject,reject
topcartdom.com,dropped,holdout-r1,test,0.0,0,,0,3,10,,,,,2026-10-07,reject,reject
besthotelstv.com,dropped,holdout-r1,test,0.05,0,,0,3,12,,,,,2026-10-06,reject,reject
globaltradepulse.com,dropped,holdout-r1,test,0.25,1,parked,0,3,16,,,,,2026-10-06,reject,reject
datesvalve.com,dropped,holdout-r1,test,0.6,1,content,0,2,10,,,,,2026-10-08,accept,
clarkecapitalinvestors.com,dropped,holdout-r1,test,0.05,1,parked,0,3,22,,,,,2026-10-07,reject,reject
fluidwebdesigns.com,dropped,holdout-r1,test,0.05,1,parked,0,3,15,,,,,2026-10-06,reject,reject
joepolesport.com,dropped,holdout-r1,test,0.0,1,content,0,3,12,,,,,2026-10-08,reject,reject
realblondebush.com,dropped,holdout-r1,test,0.0,0,,0,3,14,,,,,2026-10-07,reject,reject
cabinunderwater.com,dropped,holdout-r1,test,0.45,0,,0,2,15,,,,,2026-10-08,reject,reject
acquisitionteamsolutions.com,dropped,holdout-r1,test,0.0,0,,0,3,24,,,,,2026-10-09,reject,reject
saleshonda.com,dropped,holdout-r1,test,0.55,1,content,0,2,10,,,,,2026-10-06,accept,
freebutler.com,dropped,holdout-r1,test,0.85,1,parked,0,2,10,,,,,2026-10-07,accept,
getpropilot.com,dropped,holdout-r1,test,0.05,0,,0,3,11,,,,,2026-10-08,reject,reject
bravemessage.com,dropped,holdout-r1,test,0.9,0,,0,2,12,,,,,2026-10-06,accept,
bitcointhestory.com,dropped,holdout-r1,test,0.0,0,,0,3,15,,,,,2026-10-06,reject,reject
expertdebtfix.com,dropped,holdout-r1,test,0.05,0,,0,3,13,,,,,2026-10-07,reject,reject
soopermovies.com,dropped,holdout-r1,test,0.0,1,content,0,3,12,,,,,2026-10-07,reject,reject
protalkinstitute.com,dropped,holdout-r1,test,0.0,0,,0,3,16,,,,,2026-10-08,reject,reject
nationaltaxicompany.com,dropped,holdout-r1,test,0.05,0,,0,3,19,,,,,2026-10-06,reject,reject
powellexpress.com,dropped,holdout-r1,test,0.8,1,parked,0,2,13,,,,,2026-10-08,accept,
petengagestore.com,dropped,holdout-r1,test,0.0,0,,0,3,14,,,,,2026-10-09,reject,reject
switzerlandembassy.com,dropped,holdout-r1,test,0.45,1,parked,0,2,18,,,,,2026-10-09,reject,reject
emailsbrand.com,dropped,holdout-r1,test,0.55,0,,0,2,11,,,,,2026-10-07,reject,reject
contextheavy.com,dropped,holdout-r1,test,,0,,0,2,12,,,,,2026-10-06,,
booktvmovie.com,dropped,holdout-r1,test,,0,,0,3,11,,,,,2026-10-07,,
propertiesibiza.com,sold,iter-r2,dev,0.3,1,forsale,0,2,15,,,2003,19,2026-07-26,reject,reject
fanlegend.com,sold,iter-r2,dev,0.95,1,parked,0,2,9,,,2016,6,2026-07-22,accept,accept
caymanluxuryvilla.com,sold,iter-r2,dev,0.05,1,parked,0,3,17,,,2004,20,2026-07-20,reject,reject
williamchandler.com,sold,iter-r2,test,0.3,1,parked,1,2,15,,,,,2026-07-21,accept,
loveyoujesus.com,sold,iter-r2,test,0.05,1,parked,0,3,12,,,,,2026-07-28,reject,reject
peptidehealth.com,sold,iter-r2,test,0.9,0,,0,2,13,,,,,2026-07-30,accept,
liftco.com,sold,iter-r2,test,0.95,0,,0,2,6,,,,,2026-07-22,accept,
ourtickets.com,sold,iter-r2,test,1.0,0,,0,2,10,,,,,2026-07-24,accept,
releasekit.com,sold,iter-r2,test,0.85,1,parked,0,2,10,,,,,2026-07-25,accept,
learnatc.com,sold,iter-r2,test,0.65,1,parked,0,2,8,,,,,2026-07-31,accept,
kickouts.com,sold,iter-r2,test,0.5,1,forsale,0,2,8,,,,,2026-08-02,accept,
metaloops.com,sold,iter-r2,test,0.65,0,,0,2,9,,,,,2026-08-02,accept,
humansoc.com,sold,iter-r2,dev,0.75,1,content,0,2,8,,,2018,4,2026-08-02,accept,accept
homeroofinspection.com,sold,iter-r2,dev,0.05,1,parked,0,3,18,,,2011,6,2026-07-30,reject,reject
myoldcar.com,sold,iter-r2,test,0.05,0,,0,3,8,,,,,2026-07-26,reject,reject
onlinestake.com,sold,iter-r2,test,0.65,1,parked,0,2,11,,,,,2026-07-20,accept,
sellend.com,sold,iter-r2,dev,0.85,1,parked,0,2,7,,,2013,13,2026-07-27,accept,accept
usehype.com,sold,iter-r2,dev,0.9,1,parked,0,2,7,,,2004,21,2026-07-24,accept,accept
ibizaluxuryproperties.com,sold,iter-r2,dev,0.15,1,parked,0,3,21,,,2012,10,2026-07-29,reject,reject
callsummit.com,sold,iter-r2,test,1.0,1,parked,0,2,10,,,,,2026-07-30,accept,
gocosmo.com,sold,iter-r2,test,0.75,1,,0,2,7,,,,,2026-07-28,accept,
agentevidence.com,sold,iter-r2,test,0.9,0,,0,2,13,,,,,2026-07-26,accept,
topratedplaces.com,sold,iter-r2,dev,0.15,1,,2,3,14,,,2023,3,2026-07-27,accept,accept
themorningbrief.com,sold,iter-r2,test,0.25,1,parked,0,3,15,,,,,2026-07-22,reject,reject
advisorrankings.com,sold,iter-r2,test,0.65,0,,0,2,15,,,,,2026-07-27,accept,
auroraprojector.com,sold,iter-r2,test,0.55,1,,0,2,15,,,,,2026-07-25,accept,
avenuebellevue.com,sold,iter-r2,test,0.45,0,,0,2,14,,,,,2026-07-25,reject,reject
oneminded.com,sold,iter-r2,test,0.75,1,parked,0,2,9,,,,,2026-07-29,accept,
prayernation.com,sold,iter-r2,test,0.8,0,,0,2,12,,,,,2026-08-02,accept,
savvyhomeowners.com,sold,iter-r2,test,0.45,1,parked,0,2,15,,,,,2026-07-21,reject,reject
btstours.com,sold,iter-r2,test,0.65,1,forsale,0,2,8,,,,,2026-07-31,accept,
gardenhandbook.com,sold,iter-r2,dev,0.85,1,content,0,2,14,,,2001,25,2026-07-20,accept,accept
cyborgstack.com,sold,iter-r2,dev,0.6,1,parked,0,2,11,,,2018,7,2026-07-24,accept,accept
maneuverai.com,sold,iter-r2,test,0.5,0,,0,2,10,,,,,2026-08-02,reject,reject
atlantacustomjewelry.com,sold,iter-r2,test,0.05,1,forsale,0,3,20,,,,,2026-07-31,reject,reject
petshippingservice.com,sold,iter-r2,dev,0.0,1,parked,0,3,18,,,2017,9,2026-07-30,reject,reject
firewatermold.com,sold,iter-r2,test,0.05,1,parked,1,3,13,,,,,2026-07-22,accept,
hawkip.com,sold,iter-r2,dev,0.2,1,parked,0,2,6,,,2013,12,2026-08-02,reject,reject
cyberthreatagent.com,sold,iter-r2,test,0.1,0,,0,3,16,,,,,2026-07-23,reject,reject
owlmoving.com,sold,iter-r2,dev,0.6,1,,0,2,9,,,2018,8,2026-07-31,accept,accept
caymanboattour.com,sold,iter-r2,test,0.05,0,,0,3,14,,,,,2026-07-21,reject,reject
gleeland.com,sold,iter-r2,dev,0.8,1,content,1,2,8,,,2002,24,2026-07-24,accept,accept
jackkimball.com,sold,iter-r2,test,0.45,1,parked,0,2,11,,,,,2026-07-31,reject,reject
aiassisteddeveloper.com,sold,iter-r2,dev,0.0,1,parked,0,3,19,,,2024,2,2026-07-28,reject,reject
barkandbranch.com,sold,iter-r2,test,0.15,0,,0,3,13,,,,,2026-08-01,reject,reject
bargainhomesabroad.com,sold,iter-r3,dev,0.0,1,parked,0,3,18,,,2005,21,2026-08-14,reject,reject
marinadomains.com,sold,iter-r3,dev,0.95,0,,0,2,13,,,,,2026-08-08,accept,
salescollect.com,sold,iter-r3,dev,0.8,1,forsale,0,2,12,,,,,2026-08-10,accept,
caymanscubadiving.com,sold,iter-r3,dev,0.1,1,parked,0,3,17,,,2011,13,2026-08-04,reject,reject
lynxint.com,sold,iter-r3,dev,0.95,1,content,0,2,7,,,2004,19,2026-08-08,accept,accept
selfappointed.com,sold,iter-r3,dev,0.45,1,parked,0,2,13,,,,,2026-08-12,reject,reject
flipaura.com,sold,iter-r3,dev,0.85,0,,0,2,8,,,,,2026-08-08,accept,
flipgoods.com,sold,iter-r3,dev,1.0,0,,0,2,9,,,,,2026-08-07,accept,
superclerk.com,sold,iter-r3,dev,0.8,0,,0,2,10,,,,,2026-08-03,accept,
spokanecountertops.com,sold,r9-geo,dev,0.75,,,,,18,spokane,countertops,,,2026-08-07,,
itcos.com,sold,iter-r3,dev,0.75,1,parked,0,2,5,,,,,2026-08-06,accept,
intimaterise.com,sold,iter-r3,dev,0.85,0,,0,2,12,,,,,2026-08-09,accept,
ohiocardiovascular.com,sold,iter-r3,dev,0.3,1,content,0,2,18,,,,,2026-08-12,reject,reject
prairiehorizons.com,sold,iter-r3,dev,0.55,1,content,2,2,15,,,2004,22,2026-08-15,accept,accept
trustedcode.com,sold,iter-r3,dev,0.95,1,parked,0,2,11,,,,,2026-08-07,accept,
portalcharts.com,sold,iter-r3,dev,0.8,0,,0,2,12,,,,,2026-08-07,accept,
colorchips.com,sold,iter-r3,dev,0.9,1,parked,0,2,10,,,,,2026-08-12,accept,
swipefiles.com,sold,iter-r3,dev,0.9,1,parked,0,2,10,,,,,2026-08-03,accept,
thefoundersvault.com,sold,iter-r3,dev,0.2,1,content,0,3,16,,,2024,2,2026-08-03,reject,reject
equineexpertwitness.com,sold,iter-r3,dev,0.2,1,forsale,0,3,19,,,2013,9,2026-08-11,reject,reject
manycoin.com,sold,iter-r3,dev,1.0,0,,0,2,8,,,,,2026-08-06,accept,
shotbase.com,sold,iter-r3,dev,0.9,1,content,0,2,8,,,,,2026-08-03,accept,
taskmanagerai.com,sold,iter-r3,dev,0.1,0,,0,3,13,,,,,2026-08-11,reject,reject
budgetfiber.com,sold,iter-r3,dev,0.75,1,parked,0,2,11,,,2021,4,2026-08-11,accept,accept
aihustleclub.com,sold,iter-r3,dev,0.1,1,content,0,3,12,,,2023,2,2026-08-05,reject,reject
superiorbrand.com,sold,iter-r3,dev,1.0,1,content,0,2,13,,,,,2026-08-07,accept,
wildtwins.com,sold,iter-r3,dev,0.85,1,parked,0,2,9,,,,,2026-08-15,accept,
shipemail.com,sold,iter-r3,dev,0.85,1,parked,0,2,9,,,2001,25,2026-08-14,accept,accept
tennesseepreciousmetals.com,sold,iter-r3,dev,0.15,1,forsale,0,3,23,,,,,2026-08-09,reject,reject
explorecybersecurity.com,sold,iter-r3,dev,0.75,1,parked,0,2,20,,,2021,5,2026-08-04,accept,accept
hostelprice.com,sold,iter-r3,dev,0.75,1,parked,0,2,11,,,2006,14,2026-08-05,accept,accept
limoservicephiladelphia.com,sold,r9-geo,dev,0.2,,,,,23,philadelphia,limo service,,,2026-08-06,,
exospherelabs.com,sold,iter-r3,dev,0.05,1,parked,0,3,13,,,2014,6,2026-08-14,reject,reject
securityhubai.com,sold,iter-r3,dev,0.2,0,,0,3,13,,,,,2026-08-13,reject,reject
aiclout.com,sold,iter-r3,dev,0.7,1,,0,2,7,,,,,2026-08-13,accept,
pricingpages.com,sold,iter-r3,dev,0.8,0,,0,2,12,,,,,2026-08-03,accept,
housecleaningflorida.com,sold,iter-r3,dev,0.1,1,parked,0,3,20,,,,,2026-08-06,reject,reject
focalforge.com,sold,iter-r3,dev,0.85,1,parked,0,2,10,,,,,2026-08-04,accept,
sellcollections.com,sold,iter-r3,dev,0.95,1,,0,2,15,,,2018,4,2026-08-08,accept,accept
starlitelimo.com,sold,iter-r3,dev,0.15,1,forsale,1,3,12,,,1999,25,2026-08-13,accept,accept
longhumans.com,sold,iter-r3,dev,0.55,0,,0,2,10,,,,,2026-08-14,reject,reject
sanantoniobuysell.com,sold,iter-r3,dev,0.3,1,parked,0,3,17,,,,,2026-08-15,reject,reject
payrain.com,sold,iter-r3,dev,0.85,1,parked,0,2,7,,,2011,9,2026-08-16,accept,accept
connectorcentral.com,sold,iter-r3,dev,0.65,1,forsale,0,2,16,,,2001,25,2026-08-12,accept,accept
evennow.com,sold,iter-r3,dev,0.95,1,parked,0,2,7,,,,,2026-08-04,accept,
featherwallet.com,sold,iter-r4,test,0.9,1,,2,2,13,,,,,2026-08-17,accept,
diamondhand.com,sold,iter-r4,test,1.0,1,parked,0,2,11,,,,,2026-08-19,accept,
windwood.com,sold,iter-r4,test,1.0,0,,0,2,8,,,,,2026-08-19,accept,
serversguru.com,sold,iter-r4,dev,0.6,1,parked,0,2,11,,,2011,15,2026-08-17,accept,accept
brainridge.com,sold,iter-r4,test,0.9,0,,0,2,10,,,,,2026-08-18,accept,
perspecs.com,sold,iter-r4,test,0.7,0,,0,2,8,,,,,2026-08-19,accept,
saleyacht.com,sold,iter-r4,dev,0.9,1,parked,0,2,9,,,2011,15,2026-08-19,accept,accept
dnamap.com,sold,iter-r4,test,1.0,0,,0,2,6,,,,,2026-08-19,accept,
expattaxlawyer.com,sold,iter-r4,dev,0.1,1,forsale,0,3,14,,,2018,8,2026-08-17,reject,reject
bakestand.com,sold,iter-r4,test,0.8,1,content,0,2,9,,,,,2026-08-21,accept,
tapcheckout.com,sold,iter-r4,test,0.85,0,,0,2,11,,,,,2026-08-21,accept,
chatgptwork.com,sold,iter-r4,dev,0.35,1,parked,0,3,11,,,2024,1,2026-08-20,reject,reject
closetdesignsolutions.com,sold,iter-r4,dev,0.2,1,content,0,3,21,,,2001,22,2026-08-17,reject,reject
physicalagency.com,sold,iter-r4,dev,0.85,1,content,0,2,14,,,2009,16,2026-08-20,accept,accept
bathroomremodelingomaha.com,sold,r9-geo,dev,0.25,,,,,23,omaha,bathroom remodeling,,,2026-08-20,,
firstprudentialmarket.com,sold,iter-r4,dev,0.0,1,parked,1,3,21,,,2021,4,2026-08-20,accept,accept
eastarchitecture.com,sold,iter-r4,test,0.9,0,,0,2,16,,,,,2026-08-21,accept,
cyberwales.com,sold,iter-r4,dev,0.7,1,parked,1,2,10,,,2014,12,2026-08-22,accept,accept
sellgoldtoday.com,sold,iter-r4,test,0.1,1,parked,0,3,13,,,,,2026-08-21,reject,reject
amicoai.com,sold,iter-r4,dev,0.2,1,content,1,3,7,,,2025,2,2026-08-23,accept,reject
pleaders.com,sold,iter-r4,test,0.4,1,parked,0,2,8,,,,,2026-08-23,reject,reject
soulancestry.com,sold,iter-r4,dev,0.6,1,parked,0,2,12,,,2018,8,2026-08-23,accept,accept
crystalclearbookkeeping.com,sold,iter-r4,test,0.25,1,content,0,3,23,,,,,2026-08-18,reject,reject
larsonproperty.com,sold,iter-r4,dev,0.5,1,parked,0,2,14,,,2010,16,2026-08-18,accept,accept
budgetprint.com,sold,iter-r4,test,0.95,1,content,0,2,11,,,,,2026-08-23,accept,
onlineboiler.com,sold,iter-r4,dev,0.6,1,parked,0,2,12,,,2001,26,2026-08-18,accept,accept
forgedfabrics.com,sold,iter-r4,dev,0.6,1,,0,2,13,,,2024,2,2026-08-20,accept,reject
rickrealtor.com,sold,iter-r4,dev,0.5,1,parked,1,2,11,,,2001,25,2026-08-17,accept,accept
yoursomeone.com,sold,iter-r4,dev,0.6,1,,0,2,11,,,2013,13,2026-08-22,accept,accept
cafetoro.com,sold,iter-r4,dev,0.8,1,parked,1,2,8,,,2013,13,2026-08-19,accept,accept
feesuite.com,sold,iter-r4,dev,0.65,1,parked,0,2,8,,,2011,11,2026-08-20,accept,accept
onethirtysix.com,sold,iter-r4,dev,0.05,1,parked,0,3,12,,,2012,13,2026-08-19,reject,reject
sacramentoconcretecontractor.com,sold,r9-geo,dev,0.3,,,,,28,sacramento,concrete contractor,,,2026-08-17,,
scopemint.com,sold,iter-r4,test,0.95,0,,0,2,9,,,,,2026-08-17,accept,
realtruckparts.com,sold,iter-r4,dev,0.1,1,content,0,3,14,,,2002,24,2026-08-17,reject,reject
aidebtcollector.com,sold,iter-r4,dev,0.0,1,forsale,0,3,15,,,2018,8,2026-08-18,reject,reject
shopcabinet.com,sold,iter-r4,dev,0.9,1,parked,0,2,11,,,2001,20,2026-08-19,accept,accept
expressnumber.com,sold,iter-r4,dev,0.8,1,content,0,2,13,,,2011,9,2026-08-19,accept,accept
apeagents.com,sold,iter-r4,dev,0.95,1,parked,0,2,9,,,2025,1,2026-08-18,accept,reject
gramsquad.com,sold,iter-r4,test,0.95,1,parked,0,2,9,,,,,2026-08-20,accept,
stinkshield.com,sold,iter-r4,dev,0.55,1,parked,0,2,11,,,2011,15,2026-08-19,accept,accept
amintours.com,sold,iter-r4,dev,0.65,1,parked,0,2,9,,,2001,26,2026-08-23,accept,accept
hishis.com,sold,iter-r4,dev,0.6,1,forsale,1,2,6,,,2006,16,2026-08-21,accept,accept
httpwww.com,sold,iter-r5,test,0.35,0,,0,2,7,,,,,2026-08-25,reject,reject
spammeter.com,sold,iter-r5,dev,0.65,1,parked,0,2,9,,,2011,15,2026-08-26,accept,accept
deflock.com,sold,iter-r5,dev,0.85,1,content,0,2,7,,,2004,21,2026-08-27,accept,accept
moongig.com,sold,iter-r5,dev,0.95,1,parked,0,2,7,,,2013,13,2026-08-28,accept,accept
masterprompts.com,sold,iter-r5,dev,0.9,1,content,1,2,13,,,2025,2,2026-08-26,accept,reject
affiliateconsulting.com,sold,iter-r5,test,1.0,0,,0,2,19,,,,,2026-08-25,accept,
wayliving.com,sold,iter-r5,test,1.0,1,,0,2,9,,,,,2026-08-28,accept,
tickerlab.com,sold,iter-r5,test,0.7,0,,0,2,9,,,,,2026-08-30,accept,
helicopterlicense.com,sold,iter-r5,dev,0.9,1,forsale,0,2,17,,,2011,11,2026-08-28,accept,accept
repsie.com,sold,iter-r5,dev,0.8,1,parked,0,2,6,,,2013,12,2026-08-27,accept,accept
trypolar.com,sold,iter-r5,test,0.6,0,,0,2,8,,,,,2026-08-28,accept,
shortcuthero.com,sold,iter-r5,dev,0.8,1,parked,0,2,12,,,2018,8,2026-08-29,accept,accept
everettfamilydental.com,sold,iter-r5,dev,0.05,1,parked,1,3,19,,,2011,14,2026-08-28,accept,accept
bostoneyesurgeon.com,sold,iter-r5,test,0.0,1,parked,0,3,16,,,,,2026-08-28,reject,reject
washingtonlounge.com,sold,iter-r5,test,0.85,,,0,2,16,,,,,2026-08-24,accept,
travelprinter.com,sold,iter-r5,dev,0.7,1,forsale,0,2,13,,,2011,11,2026-08-24,accept,accept
wholesaleflies.com,sold,iter-r5,test,0.75,1,parked,0,2,14,,,,,2026-08-26,accept,
hockeyatlas.com,sold,iter-r5,test,0.85,1,parked,0,2,11,,,,,2026-08-25,accept,
hometeamnetwork.com,sold,iter-r5,dev,0.1,1,parked,0,3,15,,,2002,24,2026-08-30,reject,reject
cartube.com,sold,iter-r5,test,1.0,1,parked,0,2,7,,,,,2026-08-27,accept,
vibeland.com,sold,iter-r5,test,1.0,1,parked,0,2,8,,,,,2026-08-26,accept,
beyondark.com,sold,iter-r5,test,0.95,1,content,0,2,9,,,,,2026-08-28,accept,
kaisite.com,sold,iter-r5,test,0.9,0,,0,2,7,,,,,2026-08-26,accept,
hotelparkland.com,sold,iter-r5,dev,0.55,1,content,0,2,13,,,2009,13,2026-08-25,accept,accept
calgaryconcreteremoval.com,sold,iter-r5,test,0.0,1,parked,0,3,22,,,,,2026-08-27,reject,reject
oliviabay.com,sold,iter-r5,dev,0.7,1,parked,1,2,9,,,2018,8,2026-08-25,accept,accept
threadsstyling.com,sold,iter-r5,dev,0.45,1,content,0,2,14,,,2011,15,2026-08-28,reject,reject
likegame.com,sold,iter-r5,test,0.95,1,parked,0,2,8,,,,,2026-08-24,accept,
juniorsports.com,sold,iter-r5,test,0.85,0,,0,2,12,,,,,2026-08-24,accept,
foldedcrane.com,sold,iter-r5,dev,0.45,1,content,0,2,11,,,2009,17,2026-08-27,reject,reject
brickcleaninglondon.com,sold,iter-r5,test,0.0,1,parked,0,3,19,,,,,2026-08-27,reject,reject
manageshit.com,sold,iter-r5,test,0.65,0,,0,2,10,,,,,2026-08-26,accept,
creativeinstruments.com,sold,iter-r5,dev,0.85,1,parked,0,2,19,,,2001,25,2026-08-25,accept,accept
sciencechart.com,sold,iter-r5,test,0.8,1,forsale,0,2,12,,,,,2026-08-28,accept,
fuelledmedia.com,sold,iter-r5,test,0.5,0,,0,2,12,,,,,2026-08-30,reject,reject
windflaw.com,sold,iter-r5,dev,0.6,1,parked,0,2,8,,,2001,25,2026-08-25,accept,accept
toptierlocksmith.com,sold,iter-r5,dev,0.3,1,parked,1,3,16,,,2021,5,2026-08-27,accept,accept
slotsweden.com,sold,iter-r5,dev,0.6,1,,0,2,10,,,2018,1,2026-08-25,accept,reject
nerdrescue.com,sold,iter-r5,dev,0.9,1,parked,0,2,10,,,2013,13,2026-08-25,accept,accept
labradorlawfirm.com,sold,iter-r5,dev,0.35,1,parked,2,3,15,,,2023,3,2026-08-27,accept,accept
blockverse.com,sold,iter-r6,test,0.9,1,content,1,2,10,,,,,2026-09-06,accept,
thethrivegroup.com,sold,iter-r6,test,0.1,0,,0,3,14,,,,,2026-09-02,reject,reject
aivoicemachine.com,sold,iter-r6,dev,0.3,1,parked,0,3,14,,,2025,1,2026-09-01,reject,reject
earnor.com,sold,iter-r6,test,0.65,0,,0,2,6,,,,,2026-09-02,accept,
intelligencetrade.com,sold,iter-r6,dev,0.95,1,parked,0,2,17,,,2018,4,2026-09-06,accept,accept
thetokenexchange.com,sold,iter-r6,dev,0.05,1,,0,3,16,,,2024,1,2026-09-03,reject,reject
myhomeheroes.com,sold,iter-r6,test,0.4,1,parked,1,3,12,,,,,2026-08-31,accept,
roofdiscounts.com,sold,iter-r6,test,0.65,0,,0,2,13,,,,,2026-09-01,accept,
rankimpact.com,sold,iter-r6,test,0.95,1,parked,0,2,10,,,,,2026-09-02,accept,
easydraws.com,sold,iter-r6,dev,0.55,1,parked,0,2,9,,,2004,22,2026-09-05,accept,accept
saleagreed.com,sold,iter-r6,test,0.45,1,forsale,1,2,10,,,,,2026-09-02,accept,
iraservice.com,sold,iter-r6,test,0.7,0,,0,2,10,,,,,2026-09-02,accept,
quarkorbit.com,sold,iter-r6,test,0.7,0,,0,2,10,,,,,2026-09-05,accept,
ticketsone.com,sold,iter-r6,test,0.85,1,parked,0,2,10,,,,,2026-09-04,accept,
atlasworkforcesolutions.com,sold,iter-r6,dev,0.1,1,,0,3,23,,,2025,1,2026-09-06,reject,reject
syriazone.com,sold,iter-r6,dev,0.7,1,parked,0,2,9,,,2001,25,2026-09-02,accept,accept
chiliselfstorage.com,sold,iter-r6,test,0.35,,,1,3,16,,,,,2026-09-01,accept,
wingnova.com,sold,iter-r6,dev,0.95,1,parked,0,2,8,,,2024,2,2026-09-01,accept,reject
harvance.com,sold,iter-r6,test,0.75,0,,0,2,8,,,,,2026-09-03,accept,
lucidbyte.com,sold,iter-r6,test,0.8,1,parked,0,2,9,,,,,2026-09-01,accept,
sampleportal.com,sold,iter-r6,dev,0.95,1,forsale,0,2,12,,,2004,18,2026-09-02,accept,accept
masterteenpatti.com,sold,iter-r6,test,0.1,0,,0,3,15,,,,,2026-09-01,reject,reject
phoenixcleaningservices.com,sold,r9-geo,dev,0.65,,,,,23,phoenix,cleaning services,,,2026-09-03,,
petsumo.com,sold,iter-r6,dev,0.75,1,content,0,2,7,,,2014,4,2026-08-31,accept,accept
partybusrent.com,sold,iter-r6,dev,0.1,1,parked,0,3,12,,,2013,9,2026-08-31,reject,reject
louisianatv.com,sold,iter-r6,test,0.7,1,forsale,0,2,11,,,,,2026-09-03,accept,
liammalone.com,sold,iter-r6,test,0.15,,,0,2,10,,,,,2026-09-04,reject,reject
digestivedelight.com,sold,iter-r6,test,0.5,,,0,2,16,,,,,2026-09-01,,
jetcharterbooking.com,sold,iter-r6,test,0.05,0,,0,3,17,,,,,2026-09-05,reject,reject
californiasolargroup.com,sold,iter-r6,test,0.3,1,parked,1,3,20,,,,,2026-08-31,accept,
luciadesign.com,sold,iter-r6,test,0.65,,,0,2,11,,,,,2026-09-04,accept,
loansettlementlawyer.com,sold,iter-r6,dev,0.0,1,content,0,3,20,,,2024,2,2026-09-01,reject,reject
losangelesroofers.com,sold,r9-geo,dev,1.0,,,,,17,losangeles,roofers,,,2026-08-31,,
perutrek.com,sold,iter-r6,dev,0.8,1,parked,2,2,8,,,2001,25,2026-09-01,accept,accept
cordpress.com,sold,iter-r6,dev,0.8,1,parked,1,2,9,,,2011,15,2026-09-06,accept,accept
coreproaudio.com,sold,iter-r6,dev,0.1,1,,2,3,12,,,2018,8,2026-09-01,accept,accept
myadvisoronline.com,sold,iter-r6,dev,0.15,1,parked,0,3,15,,,2001,25,2026-09-01,reject,reject
theroboticshop.com,sold,iter-r6,test,0.1,,,0,3,14,,,,,2026-09-05,reject,reject
saudiarabiavisit.com,sold,iter-r6,dev,0.05,1,forsale,0,3,16,,,2015,11,2026-09-01,reject,reject
bryantbarnes.com,sold,iter-r6,test,0.2,,,0,2,12,,,,,2026-09-06,reject,reject
crystalsstore.com,sold,iter-r6,test,0.6,,,0,2,13,,,,,2026-09-01,accept,
maltballs.com,sold,iter-r6,dev,0.45,1,parked,0,2,9,,,2002,20,2026-09-01,reject,reject
spareai.com,sold,iter-r6,test,0.75,0,,0,2,7,,,,,2026-09-03,accept,
whoopers.com,sold,iter-r7,test,0.65,,,1,2,8,,,,,2026-09-10,accept,
getpaidmonthly.com,sold,iter-r7,test,0.15,1,content,0,3,14,,,,,2026-09-07,reject,reject
datacaliber.com,sold,iter-r7,test,0.7,,,0,2,11,,,,,2026-09-09,accept,
sirenskin.com,sold,iter-r7,test,0.85,,,0,2,9,,,,,2026-09-12,accept,
juliahart.com,sold,iter-r7,test,0.65,,,0,2,9,,,,,2026-09-11,accept,
retainnow.com,sold,iter-r7,test,0.6,1,parked,0,2,9,,,,,2026-09-08,accept,
ultrateams.com,sold,iter-r7,test,0.9,,,0,2,10,,,,,2026-09-12,accept,
linkbon.com,sold,iter-r7,test,0.85,,,0,2,7,,,,,2026-09-11,accept,
primeattorney.com,sold,iter-r7,test,0.85,1,content,0,2,13,,,,,2026-09-07,accept,
dressmatcher.com,sold,iter-r7,dev,0.35,1,parked,0,3,12,,,2018,8,2026-09-10,reject,reject
hopefulhandbags.com,sold,iter-r7,dev,0.1,1,parked,1,2,15,,,2012,14,2026-09-12,accept,accept
askatlas.com,sold,iter-r7,test,0.95,0,,0,2,8,,,,,2026-09-10,accept,
aibundle.com,sold,iter-r7,test,0.95,1,forsale,0,2,8,,,,,2026-09-13,accept,
worldsportgroup.com,sold,iter-r7,test,0.2,0,,0,3,15,,,,,2026-09-11,reject,reject
theflowergarage.com,sold,iter-r7,test,0.1,,,1,3,15,,,,,2026-09-10,accept,
settledata.com,sold,iter-r7,test,0.85,,,2,2,10,,,,,2026-09-08,accept,
aisecuritylab.com,sold,iter-r7,test,0.3,0,,0,3,13,,,,,2026-09-11,reject,reject
mymoneylab.com,sold,iter-r7,test,0.15,,,0,3,10,,,,,2026-09-07,reject,reject
thelastisland.com,sold,iter-r7,test,0.35,1,content,0,3,13,,,,,2026-09-09,reject,reject
myparisphotographer.com,sold,iter-r7,test,0.05,,,0,3,19,,,,,2026-09-09,reject,reject
zonetrip.com,sold,iter-r7,test,1.0,1,parked,0,2,8,,,,,2026-09-08,accept,
buzzmovers.com,sold,iter-r7,test,0.7,,,0,2,10,,,,,2026-09-08,accept,
wardmark.com,sold,iter-r7,dev,0.95,1,content,0,2,8,,,1998,28,2026-09-11,accept,accept
charlottehousebuyers.com,sold,iter-r7,test,0.15,,,0,3,20,,,,,2026-09-08,reject,reject
happyhomenetwork.com,sold,iter-r7,dev,0.25,1,content,1,3,16,,,2001,25,2026-09-09,accept,accept
outsetlaw.com,sold,iter-r7,test,0.55,,,1,2,9,,,,,2026-09-10,accept,
caymancarrental.com,sold,iter-r7,test,0.3,,,0,3,15,,,,,2026-09-13,reject,reject
lidinvest.com,sold,iter-r7,dev,0.55,1,parked,0,2,9,,,2021,5,2026-09-12,accept,accept
fureur.com,sold,iter-r7,test,0.85,0,,0,2,6,,,,,2026-09-09,accept,
massemarketing.com,sold,iter-r7,dev,0.6,1,parked,0,2,14,,,2010,16,2026-09-10,accept,accept
ivylongevity.com,sold,iter-r7,test,0.55,0,,0,2,12,,,,,2026-09-11,reject,reject
reviveautolab.com,sold,iter-r7,test,0.15,,,1,3,13,,,,,2026-09-13,accept,
nitrocow.com,sold,iter-r7,test,0.75,,,0,2,8,,,,,2026-09-09,accept,
philadelphiamaids.com,sold,r9-geo,dev,0.9,,,,,17,philadelphia,maids,,,2026-09-12,,
palmerastudio.com,sold,iter-r7,test,0.1,,,0,3,13,,,,,2026-09-13,reject,reject
mysolutionist.com,sold,iter-r7,test,0.0,,,1,3,13,,,,,2026-09-07,accept,
aboutathletics.com,sold,iter-r7,test,0.7,,,0,2,14,,,,,2026-09-12,accept,
carhireglobal.com,sold,iter-r7,dev,0.1,1,parked,0,3,13,,,2018,7,2026-09-09,reject,reject
corkphotographer.com,sold,iter-r7,dev,0.4,1,content,0,2,16,,,2011,11,2026-09-09,reject,reject
thebrewcollective.com,sold,iter-r7,test,0.05,,,0,3,17,,,,,2026-09-13,reject,reject
traderdirectory.com,sold,iter-r7,test,0.85,,,0,2,15,,,,,2026-09-10,accept,
monsterpacks.com,sold,iter-r8,test,0.85,,,0,2,12,,,,,2026-09-26,accept,
nextdayshipping.com,sold,iter-r8,test,0.25,,,0,3,15,,,,,2026-09-18,reject,reject
rapidcourierservices.com,sold,iter-r8,test,0.05,,,1,3,20,,,,,2026-09-14,accept,
superiorintelligence.com,sold,iter-r8,test,0.9,,,0,2,20,,,,,2026-09-20,accept,
paymypay.com,sold,iter-r8,test,0.2,,,0,3,8,,,,,2026-09-24,reject,reject
botcontext.com,sold,iter-r8,test,0.8,,,0,2,10,,,,,2026-09-15,accept,
bitgoai.com,sold,iter-r8,test,0.2,,,0,3,7,,,,,2026-09-26,reject,reject
bellfunds.com,sold,iter-r8,test,0.95,,,0,2,9,,,,,2026-09-21,accept,
parchar.com,sold,iter-r8,test,0.65,,,0,2,7,,,,,2026-09-21,accept,
grimclothing.com,sold,iter-r8,test,0.65,,,1,2,12,,,,,2026-09-21,accept,
tennesseefilms.com,sold,iter-r8,test,0.75,,,0,2,14,,,,,2026-09-21,accept,
familylawmanhattan.com,sold,iter-r8,test,0.05,,,0,3,18,,,,,2026-09-20,reject,reject
tellapay.com,sold,iter-r8,test,0.05,,,0,3,8,,,,,2026-09-21,reject,reject
mediayes.com,sold,iter-r8,test,0.8,,,0,2,8,,,,,2026-09-22,accept,
toolsing.com,sold,iter-r8,test,0.75,,,0,2,8,,,,,2026-09-15,accept,
roboharm.com,sold,iter-r8,test,0.6,,,0,2,8,,,,,2026-09-23,accept,
aitrainingagent.com,sold,iter-r8,test,0.15,,,0,3,15,,,,,2026-09-16,reject,reject
fiberhomeinternet.com,sold,iter-r8,test,0.0,,,1,3,17,,,,,2026-09-27,accept,
nextwavemarine.com,sold,iter-r8,test,0.25,,,0,3,14,,,,,2026-09-19,reject,reject
freeintent.com,sold,iter-r8,test,0.7,,,0,2,10,,,,,2026-09-18,accept,
aftershape.com,sold,iter-r8,test,0.8,,,0,2,10,,,,,2026-09-25,accept,
healthcaretransparency.com,sold,iter-r8,test,0.6,,,0,2,22,,,,,2026-09-16,accept,
concretecommand.com,sold,iter-r8,test,0.7,,,1,2,15,,,,,2026-09-26,accept,
surgeintelligence.com,sold,iter-r8,test,0.85,,,0,2,17,,,,,2026-09-22,accept,
assetfarming.com,sold,iter-r8,test,0.8,,,0,2,12,,,,,2026-09-14,accept,
eatnotes.com,sold,iter-r8,test,0.75,,,0,2,8,,,,,2026-09-24,accept,
extremeintelligence.com,sold,iter-r8,test,1.0,,,0,2,19,,,,,2026-09-20,accept,
santacruzbuilding.com,sold,iter-r8,test,0.1,,,0,3,17,,,,,2026-09-14,reject,reject
paxpath.com,sold,iter-r8,test,0.85,,,0,2,7,,,,,2026-09-24,accept,
impactbuilding.com,sold,iter-r8,test,0.7,,,0,2,14,,,,,2026-09-26,accept,
popprod.com,sold,iter-r8,test,0.9,,,1,2,7,,,,,2026-09-16,accept,
splitmobile.com,sold,iter-r8,test,0.95,,,0,2,11,,,,,2026-09-25,accept,
kuwaitdiving.com,sold,iter-r8,test,0.6,,,0,2,12,,,,,2026-09-14,accept,
tirerecyclingservices.com,sold,iter-r8,test,0.0,,,0,3,21,,,,,2026-09-23,reject,reject
parisdinnercruise.com,sold,iter-r8,test,0.0,,,0,3,17,,,,,2026-09-14,reject,reject
keyboardsounds.com,sold,iter-r8,test,0.55,,,1,2,14,,,,,2026-09-26,accept,
markword.com,sold,iter-r8,test,0.95,,,0,2,8,,,,,2026-09-23,accept,
musetide.com,sold,iter-r8,test,1.0,,,0,2,8,,,,,2026-09-18,accept,
seattlecommercialcleaning.com,sold,iter-r8,test,0.15,,,0,3,25,,,,,2026-09-24,reject,reject
grillfanatics.com,sold,iter-r8,test,0.65,,,0,2,13,,,,,2026-09-16,accept,
pepbeacon.com,sold,iter-r8,test,0.85,,,0,2,9,,,,,2026-09-24,accept,
outerbreak.com,sold,iter-r8,test,0.65,,,0,2,10,,,,,2026-09-22,accept,
sydneymortgagebroker.com,sold,iter-r8,test,0.1,,,0,3,20,,,,,2026-09-24,reject,reject
onlyjackpots.com,sold,iter-r8,test,0.15,,,0,3,12,,,,,2026-09-24,reject,reject
healthstrings.com,sold,iter-r8,test,0.8,,,0,2,13,,,,,2026-09-21,accept,
slotroyalwin.com,dropped,iter-r2,dev,0.0,1,parked,0,3,12,,,2022,3,2026-10-09,reject,reject
paulwillsmusic.com,dropped,iter-r3,dev,0.0,0,,0,3,14,,,,,2026-10-07,reject,reject
homelabwiki.com,dropped,iter-r4,dev,0.25,1,,0,3,11,,,2021,2,2026-10-07,reject,reject
respectedfindaid.com,dropped,iter-r5,dev,0.0,1,content,0,3,16,,,2024,2,2026-10-09,reject,reject
compareadvisory.com,dropped,iter-r6,test,0.9,,,0,2,15,,,,,2026-10-09,accept,
advancetechmonitor.com,dropped,iter-r7,test,0.05,,,0,3,18,,,,,2026-10-07,reject,reject
wholesaleestate.com,dropped,iter-r8,test,1.0,,,0,2,15,,,,,2026-10-07,accept,
marlestore.com,dropped,iter-r2,test,0.0,0,,0,3,10,,,,,2026-10-08,reject,reject
thefarmexperts.com,dropped,iter-r3,dev,0.35,0,,0,3,14,,,,,2026-10-07,reject,reject
triscalefield.com,dropped,iter-r4,test,0.0,0,,0,3,13,,,,,2026-10-09,reject,reject
outnormcapital.com,dropped,iter-r5,dev,0.0,1,,0,3,14,,,2025,1,2026-10-09,reject,reject
coinevil.com,dropped,iter-r6,dev,0.8,1,parked,0,2,8,,,2017,7,2026-10-08,accept,accept
sortingflag.com,dropped,iter-r7,dev,0.4,1,,0,2,11,,,2024,1,2026-10-09,reject,reject
trainsheet.com,dropped,iter-r8,test,0.75,,,0,2,10,,,,,2026-10-09,accept,
urbanprintingsolutions.com,dropped,iter-r2,dev,0.0,1,parked,0,3,22,,,2023,2,2026-10-07,reject,reject
themirrorresponse.com,dropped,iter-r3,dev,0.1,0,,0,3,17,,,,,2026-10-09,reject,reject
absolutedigitalstack.com,dropped,iter-r4,test,0.0,0,,0,3,20,,,,,2026-10-09,reject,reject
forhansen.com,dropped,iter-r5,test,0.55,,,0,2,9,,,,,2026-10-08,,
deanlovesam.com,dropped,iter-r6,test,0.0,0,,0,3,11,,,,,2026-10-06,reject,reject
absolutedigitalpath.com,dropped,iter-r7,test,0.0,0,,0,3,19,,,,,2026-10-09,reject,reject
parkingswift.com,dropped,iter-r8,test,0.8,,,0,2,12,,,,,2026-10-08,accept,
outreachdynamicsgroup.com,dropped,iter-r2,test,0.05,0,,0,3,21,,,,,2026-10-09,reject,reject
dotgentech.com,dropped,iter-r3,dev,0.15,1,parked,0,3,10,,,2010,10,2026-10-06,reject,reject
littlecalvin.com,dropped,iter-r4,test,0.55,0,,0,2,12,,,,,2026-10-07,reject,reject
sharelanguage.com,dropped,iter-r5,dev,0.8,1,content,0,2,13,,,2006,18,2026-10-07,accept,accept
facefitmask.com,dropped,iter-r6,dev,0.05,1,parked,0,3,11,,,2011,11,2026-10-09,reject,reject
wigwaves.com,dropped,iter-r7,test,0.65,,,0,2,8,,,,,2026-10-08,accept,
fastleadsemail.com,dropped,iter-r8,test,0.0,,,0,3,14,,,,,2026-10-08,reject,reject
dawnclarity.com,dropped,iter-r2,test,0.8,0,,0,2,11,,,,,2026-10-07,accept,
estimateloop.com,dropped,iter-r3,dev,0.8,0,,0,2,12,,,,,2026-10-07,accept,
theislandscrew.com,dropped,iter-r4,test,0.05,0,,0,3,14,,,,,2026-10-06,reject,reject
sociallinktravels.com,dropped,iter-r5,test,0.05,0,,0,3,17,,,,,2026-10-06,reject,reject
aiscopenews.com,dropped,iter-r6,dev,0.0,1,content,0,3,11,,,2024,2,2026-10-08,reject,reject
goldenlambtech.com,dropped,iter-r7,test,0.0,0,,0,3,14,,,,,2026-10-08,reject,reject
affordablehelicopters.com,dropped,iter-r8,test,0.5,,,0,2,21,,,,,2026-10-06,,
novandcent.com,dropped,iter-r2,test,0.0,0,,0,3,10,,,,,2026-10-07,reject,reject
texassellerfinancing.com,dropped,iter-r3,dev,0.0,1,parked,0,3,20,,,,,2026-10-08,reject,reject
yourfreedomconnection.com,dropped,iter-r4,dev,0.15,1,parked,0,3,21,,,2002,24,2026-10-06,reject,reject
steinartevents.com,dropped,iter-r5,test,0.0,0,,0,3,14,,,,,2026-10-06,reject,reject
sugarbeatmusic.com,dropped,iter-r6,dev,0.05,1,content,0,3,14,,,2005,7,2026-10-08,reject,reject
usaleathervest.com,dropped,iter-r7,test,0.0,,,0,3,14,,,,,2026-10-06,reject,reject
approvalparty.com,dropped,iter-r8,test,0.75,,,1,2,13,,,,,2026-10-07,accept,
codewellhub.com,dropped,iter-r2,test,0.0,0,,0,3,11,,,,,2026-10-06,reject,reject
coverroommate.com,dropped,iter-r3,dev,0.4,0,,0,2,13,,,,,2026-10-09,reject,reject
cuteblessing.com,dropped,iter-r4,test,0.55,0,,0,2,12,,,,,2026-10-06,reject,reject
dubaiprivatelessons.com,dropped,iter-r5,test,0.0,0,,0,3,19,,,,,2026-10-08,reject,reject
londontrenching.com,dropped,iter-r6,test,0.0,,,0,3,15,,,,,2026-10-08,reject,reject
excelfinancialco.com,dropped,iter-r7,test,0.0,,,0,3,16,,,,,2026-10-09,reject,reject
connectionskids.com,dropped,iter-r8,test,0.65,,,0,2,15,,,,,2026-10-06,accept,
nikebit.com,dropped,iter-r2,dev,0.75,1,forsale,0,2,7,,,2018,5,2026-10-07,accept,accept
somethingapparel.com,dropped,iter-r3,dev,0.6,1,forsale,0,2,16,,,2018,5,2026-10-06,accept,accept
launchstantoday.com,dropped,iter-r4,test,0.0,0,,0,3,15,,,,,2026-10-06,reject,reject
mirroridentitytracker.com,dropped,iter-r5,test,0.0,0,,0,3,21,,,,,2026-10-09,reject,reject
photostudiomoon.com,dropped,iter-r6,test,0.0,,,0,3,15,,,,,2026-10-09,reject,reject
speakertoday.com,dropped,iter-r7,test,0.75,,,0,2,12,,,,,2026-10-09,accept,
newmoodfresh.com,dropped,iter-r8,test,0.0,,,0,3,12,,,,,2026-10-06,reject,reject
leadsortgroup.com,dropped,iter-r2,test,0.0,0,,0,3,13,,,,,2026-10-09,reject,reject
nahand.com,dropped,iter-r3,dev,0.55,1,content,0,2,6,,,2004,15,2026-10-09,accept,accept
tvpaper.com,dropped,iter-r4,dev,0.9,1,content,0,2,7,,,2000,26,2026-10-07,accept,accept
mercyandmajesty.com,dropped,iter-r5,test,0.0,0,,0,3,15,,,,,2026-10-09,reject,reject
freshdoublebaked.com,dropped,iter-r6,test,0.0,,,0,3,16,,,,,2026-10-07,reject,reject
thethrivefirm.com,dropped,iter-r7,test,0.05,,,0,3,13,,,,,2026-10-06,reject,reject
divorcefinancialhandbook.com,dropped,iter-r8,test,0.05,,,0,3,24,,,,,2026-10-06,reject,reject
ageink.com,dropped,iter-r2,dev,0.95,1,parked,0,2,6,,,2021,4,2026-10-08,accept,accept
houstontodaylistings.com,dropped,iter-r3,dev,0.0,0,,0,3,20,,,,,2026-10-07,reject,reject
massagemarina.com,dropped,iter-r4,dev,0.4,1,parked,0,2,13,,,2012,7,2026-10-09,reject,reject
willcallvintage.com,dropped,iter-r5,test,0.15,0,,0,3,15,,,,,2026-10-08,reject,reject
hillvibe.com,dropped,iter-r6,dev,0.9,1,,0,2,8,,,2024,1,2026-10-09,accept,reject
parkrowdesigns.com,dropped,iter-r7,test,0.0,,,0,3,14,,,,,2026-10-06,reject,reject
dylanbrownaudio.com,dropped,iter-r8,test,0.0,,,0,3,15,,,,,2026-10-07,reject,reject
takefusion.com,dropped,iter-r2,dev,0.85,1,content,0,2,10,,,2024,1,2026-10-07,accept,reject
colorsartdesigns.com,dropped,iter-r3,dev,0.15,0,,0,3,16,,,,,2026-10-07,reject,reject
hostedphoneman.com,dropped,iter-r4,test,0.0,0,,0,3,14,,,,,2026-10-06,reject,reject
allgeoconsulting.com,dropped,iter-r5,test,0.05,0,,0,3,16,,,,,2026-10-09,reject,reject
midnightsmoon.com,dropped,iter-r6,test,0.05,0,,0,3,13,,,,,2026-10-06,reject,reject
homelabssolutions.com,dropped,iter-r7,test,0.0,,,0,3,17,,,,,2026-10-07,reject,reject
avatardress.com,dropped,iter-r8,test,0.85,,,0,2,11,,,,,2026-10-09,accept,
budgetcarsbangalore.com,dropped,iter-r2,test,0.0,0,,0,3,19,,,,,2026-10-09,reject,reject
quantumshoe.com,dropped,iter-r3,dev,0.65,1,,0,2,11,,,2021,1,2026-10-07,accept,reject
cantmaster.com,dropped,iter-r4,dev,0.5,1,parked,0,2,10,,,2021,1,2026-10-09,accept,reject
traumainformedlancashire.com,dropped,iter-r5,test,0.05,0,,0,3,24,,,,,2026-10-08,reject,reject
legalnurseschool.com,dropped,iter-r6,test,0.05,,,0,3,16,,,,,2026-10-09,reject,reject
electronicpick.com,dropped,iter-r7,test,0.95,,,0,2,14,,,,,2026-10-07,accept,
infosagepath.com,dropped,iter-r8,test,0.0,,,0,3,12,,,,,2026-10-09,reject,reject
usachinainvestments.com,dropped,iter-r2,dev,0.0,1,content,0,3,19,,,2004,18,2026-10-09,reject,reject
trulyshops.com,dropped,iter-r3,dev,0.85,1,,0,2,10,,,2018,4,2026-10-08,accept,accept
horsetrainersites.com,dropped,iter-r4,test,0.0,0,,0,3,17,,,,,2026-10-07,reject,reject
cryptolearningco.com,dropped,iter-r5,test,0.05,0,,0,3,16,,,,,2026-10-07,reject,reject
mailsalon.com,dropped,iter-r6,dev,0.75,1,forsale,0,2,9,,,2000,22,2026-10-09,accept,accept
catalystmediapro.com,dropped,iter-r7,test,0.3,,,0,3,16,,,,,2026-10-09,reject,reject
capitalnexusai.com,dropped,iter-r8,test,0.0,,,0,3,14,,,,,2026-10-08,reject,reject
sovereignsistersociety.com,dropped,iter-r2,test,0.0,0,,0,3,22,,,,,2026-10-08,reject,reject
halotide.com,dropped,iter-r3,dev,1.0,1,forsale,0,2,8,,,2010,16,2026-10-06,accept,accept
thecapturedexpo.com,dropped,iter-r4,test,0.05,0,,0,3,15,,,,,2026-10-06,reject,reject
brainfogkits.com,dropped,iter-r5,test,0.0,0,,0,3,12,,,,,2026-10-09,reject,reject
getsnapautomated.com,dropped,iter-r6,test,0.15,0,,0,3,16,,,,,2026-10-08,reject,reject
mapitai.com,dropped,iter-r7,test,0.25,,,0,3,7,,,,,2026-10-08,reject,reject
thegriefrecovery.com,dropped,iter-r8,test,0.1,,,0,3,16,,,,,2026-10-09,reject,reject
mycreativebook.com,dropped,iter-r2,dev,0.15,1,content,0,3,14,,,2021,4,2026-10-07,reject,reject
mywebgem.com,dropped,iter-r3,dev,0.25,1,content,0,3,8,,,2011,15,2026-10-07,reject,reject
occupiederror.com,dropped,iter-r4,test,0.1,0,,0,2,13,,,,,2026-10-09,reject,reject
jenkinsjoy.com,dropped,iter-r5,dev,0.7,1,parked,0,2,10,,,2021,1,2026-10-08,accept,reject
femalebalanceclub.com,dropped,iter-r6,test,0.0,0,,0,3,17,,,,,2026-10-09,reject,reject
euronetworking.com,dropped,iter-r7,test,0.9,,,0,2,14,,,,,2026-10-08,accept,
aibuildsphere.com,dropped,iter-r8,test,0.15,,,0,3,13,,,,,2026-10-09,reject,reject
cryptoinfosource.com,dropped,iter-r2,dev,0.05,1,,0,3,16,,,2018,6,2026-10-07,reject,reject
wonderfulegypt.com,dropped,iter-r3,dev,0.8,1,content,1,2,14,,,2003,20,2026-10-08,accept,accept
responseaccuracydevice.com,dropped,iter-r4,test,0.0,0,,0,3,22,,,,,2026-10-06,reject,reject
hellyesproduction.com,dropped,iter-r5,test,0.0,0,,0,3,17,,,,,2026-10-07,reject,reject
softwareoneplace.com,dropped,iter-r6,test,0.0,,,0,3,16,,,,,2026-10-07,reject,reject
spicydatematch.com,dropped,iter-r7,test,0.0,,,0,3,14,,,,,2026-10-06,reject,reject
distortedwin.com,dropped,iter-r8,test,0.5,,,0,2,12,,,,,2026-10-06,,
fusionhealthcareplacement.com,dropped,iter-r2,test,0.0,0,,0,3,25,,,,,2026-10-09,reject,reject
iowalasershows.com,dropped,iter-r3,dev,0.0,0,,0,3,14,,,,,2026-10-07,reject,reject
advancefootballtraining.com,dropped,iter-r4,test,0.0,0,,0,3,23,,,,,2026-10-09,reject,reject
primesaleco.com,dropped,iter-r5,test,0.0,0,,0,3,11,,,,,2026-10-09,reject,reject
launchthisbusiness.com,dropped,iter-r6,dev,0.0,1,parked,0,3,18,,,2013,2,2026-10-06,reject,reject
buyofficialsale.com,dropped,iter-r7,test,0.05,,,0,3,15,,,,,2026-10-09,reject,reject
jackczech.com,dropped,iter-r8,test,0.5,,,0,2,9,,,,,2026-10-08,,
arcphaseengine.com,dropped,iter-r2,test,0.0,0,,0,3,14,,,,,2026-10-07,reject,reject
whitebearrocks.com,dropped,iter-r3,dev,0.05,1,content,0,3,14,,,2010,13,2026-10-09,reject,reject
stepsfree.com,dropped,iter-r4,dev,0.7,1,parked,0,2,9,,,2018,2,2026-10-08,accept,reject
wayfanus.com,dropped,iter-r5,test,0.0,0,,0,3,8,,,,,2026-10-08,reject,reject
channelopsgroup.com,dropped,iter-r6,test,0.1,,,0,3,15,,,,,2026-10-08,reject,reject
moneybeescash.com,dropped,iter-r7,test,0.0,,,0,3,13,,,,,2026-10-07,reject,reject
hotcryptodigest.com,dropped,iter-r8,test,0.0,,,0,3,15,,,,,2026-10-08,reject,reject
neonetworker.com,dropped,iter-r2,dev,0.25,1,,0,3,12,,,2013,1,2026-10-06,reject,reject
wediancoffee.com,dropped,iter-r3,dev,0.0,0,,0,3,12,,,,,2026-10-09,reject,reject
linespc.com,dropped,iter-r4,test,0.65,0,,0,2,7,,,,,2026-10-08,accept,
americalasersafety.com,dropped,iter-r5,test,0.0,0,,0,3,18,,,,,2026-10-06,reject,reject
fasttrackestates.com,dropped,iter-r6,test,0.15,,,0,3,16,,,,,2026-10-08,reject,reject
processberlin.com,dropped,iter-r7,test,0.65,,,0,2,13,,,,,2026-10-08,accept,
linerpc.com,dropped,iter-r8,test,0.65,,,0,2,7,,,,,2026-10-06,accept,
championproductsonline.com,dropped,iter-r2,test,0.05,0,,0,3,22,,,,,2026-10-06,reject,reject
advancedcampussolutions.com,dropped,iter-r3,dev,0.0,0,,0,3,23,,,,,2026-10-06,reject,reject
thefivelabs.com,dropped,iter-r4,test,0.0,0,,0,3,11,,,,,2026-10-06,reject,reject
prisoncameras.com,dropped,iter-r5,test,0.45,0,,0,2,13,,,,,2026-10-07,reject,reject
seashellcosmetics.com,dropped,iter-r6,test,0.15,,,0,3,17,,,,,2026-10-08,reject,reject
justbananafresh.com,dropped,iter-r7,test,0.0,,,0,3,15,,,,,2026-10-09,reject,reject
thirteenconcept.com,dropped,iter-r8,test,0.55,,,0,2,15,,,,,2026-10-07,,
womenpraytogether.com,dropped,iter-r2,test,0.0,0,,0,3,17,,,,,2026-10-08,reject,reject
premiummilllions.com,dropped,iter-r3,dev,0.0,0,,0,3,16,,,,,2026-10-06,reject,reject
thearkdepot.com,dropped,iter-r4,dev,0.2,1,parked,0,3,11,,,2021,4,2026-10-07,reject,reject
evdesignservices.com,dropped,iter-r5,dev,0.15,1,,0,3,16,,,2021,3,2026-10-09,reject,reject
loanjoyusa.com,dropped,iter-r6,test,0.0,0,,0,3,10,,,,,2026-10-06,reject,reject
pathphase.com,dropped,iter-r7,test,0.9,,,0,2,9,,,,,2026-10-08,accept,
closeratepro.com,dropped,iter-r8,test,0.0,,,0,3,12,,,,,2026-10-08,reject,reject
primeinsuranceadvisor.com,dropped,iter-r2,dev,0.05,1,,0,3,21,,,2024,1,2026-10-09,reject,reject
shirtcute.com,dropped,iter-r3,dev,0.6,1,forsale,0,2,9,,,2018,7,2026-10-08,accept,accept
rescuewashchicago.com,dropped,iter-r4,test,0.05,0,,0,3,17,,,,,2026-10-08,reject,reject
sampeekbasketball.com,dropped,iter-r5,test,0.0,0,,0,3,17,,,,,2026-10-07,reject,reject
lawsoncycles.com,dropped,iter-r6,test,0.4,,,0,2,12,,,,,2026-10-06,reject,reject
welloffbuilders.com,dropped,iter-r7,test,0.0,,,0,3,15,,,,,2026-10-09,reject,reject
fourcornerscommercial.com,dropped,iter-r8,test,0.15,,,0,3,21,,,,,2026-10-08,reject,reject
slotonlinesolutions.com,dropped,iter-r2,dev,0.1,1,content,0,3,19,,,2022,1,2026-10-08,reject,reject
sonichistory.com,dropped,iter-r3,dev,0.95,1,,0,2,12,,,2018,1,2026-10-08,accept,reject
cosmeticsvalue.com,dropped,iter-r4,dev,0.85,1,forsale,0,2,14,,,2001,24,2026-10-08,accept,accept
sipjar.com,dropped,iter-r5,dev,0.95,1,parked,0,2,6,,,2024,2,2026-10-06,accept,reject
alienbright.com,dropped,iter-r6,test,0.85,,,0,2,11,,,,,2026-10-06,accept,
wyomingvideoproduction.com,dropped,iter-r7,test,0.15,,,0,3,22,,,,,2026-10-07,reject,reject
welfarepets.com,dropped,iter-r8,test,0.65,,,0,2,11,,,,,2026-10-07,accept,
elfsciences.com,dropped,iter-r2,test,0.6,0,,0,2,11,,,,,2026-10-06,accept,
myownlocation.com,dropped,iter-r3,dev,0.2,1,content,0,3,13,,,2013,2,2026-10-06,reject,reject
chartertelevision.com,dropped,iter-r4,dev,0.7,1,forsale,2,2,17,,,2007,15,2026-10-07,accept,accept
precisionprogroup.com,dropped,iter-r5,dev,0.3,1,parked,0,3,17,,,2011,13,2026-10-08,reject,reject
longroadoperations.com,dropped,iter-r6,test,0.05,0,,0,3,18,,,,,2026-10-08,reject,reject
clearretirementplan.com,dropped,iter-r7,test,0.0,0,,0,3,19,,,,,2026-10-09,reject,reject
teawithteresa.com,dropped,iter-r8,test,0.0,,,0,3,13,,,,,2026-10-09,reject,reject
eternitymarketreports.com,dropped,iter-r2,test,0.0,0,,0,3,21,,,,,2026-10-09,reject,reject
nasagarage.com,dropped,iter-r3,dev,0.55,0,,0,2,10,,,,,2026-10-07,reject,reject
eroticdatematch.com,dropped,iter-r4,dev,0.0,1,,0,3,15,,,2013,1,2026-10-06,reject,reject
sharksjerseypartnership.com,dropped,iter-r5,test,0.0,0,,0,3,23,,,,,2026-10-09,reject,reject
tastyrootskitchen.com,dropped,iter-r6,test,0.05,0,,0,3,17,,,,,2026-10-09,reject,reject
speedsenses.com,dropped,iter-r7,dev,0.8,1,content,0,2,11,,,2023,2,2026-10-07,accept,reject
echoglobalrecords.com,dropped,iter-r8,test,0.0,,,0,3,17,,,,,2026-10-09,reject,reject
themeltedharvest.com,dropped,iter-r2,test,0.0,0,,0,3,16,,,,,2026-10-06,reject,reject
eatatezen.com,dropped,iter-r3,dev,0.0,0,,0,3,9,,,,,2026-10-08,reject,reject
focusconsultingusa.com,dropped,iter-r4,test,0.1,0,,0,3,18,,,,,2026-10-06,reject,reject
wipeandweb.com,dropped,iter-r5,test,0.1,0,,0,3,10,,,,,2026-10-06,reject,reject
govbenefitsupport.com,dropped,iter-r6,test,0.0,,,0,3,17,,,,,2026-10-08,reject,reject
democratswithspine.com,dropped,iter-r7,test,0.0,,,0,3,18,,,,,2026-10-07,reject,reject
bitcoinlavan.com,dropped,iter-r8,test,0.05,,,0,3,12,,,,,2026-10-08,reject,reject
ratingsranch.com,dropped,iter-r2,test,0.45,0,,0,2,12,,,,,2026-10-09,reject,reject
alphaaffiliatesystem.com,dropped,iter-r3,dev,0.0,0,,0,3,20,,,,,2026-10-09,reject,reject
pepperscoop.com,dropped,iter-r4,test,0.95,0,,0,2,11,,,,,2026-10-09,accept,
dreamlabscreative.com,dropped,iter-r5,dev,0.0,1,parked,0,3,17,,,2011,13,2026-10-09,reject,reject
appdiscountcode.com,dropped,iter-r6,dev,0.0,1,parked,0,3,15,,,2011,1,2026-10-08,reject,reject
jacketsea.com,dropped,iter-r7,test,0.7,,,0,2,9,,,,,2026-10-06,accept,
mutantstars.com,dropped,iter-r8,test,0.7,,,0,2,11,,,,,2026-10-06,accept,
gavinkenny.com,dropped,iter-r2,dev,0.2,1,content,0,2,10,,,2024,1,2026-10-09,reject,reject
loanboostcentral.com,dropped,iter-r3,dev,0.0,0,,0,3,16,,,,,2026-10-07,reject,reject
carrierlinkenterprises.com,dropped,iter-r4,test,0.05,0,,0,3,22,,,,,2026-10-06,reject,reject
aisolutionsinsight.com,dropped,iter-r5,test,0.1,0,,0,3,18,,,,,2026-10-09,reject,reject
aicreatorsclub.com,dropped,iter-r6,dev,0.15,1,parked,0,3,14,,,2025,1,2026-10-07,reject,reject
discoverysigns.com,dropped,iter-r7,test,0.9,,,0,2,14,,,,,2026-10-07,accept,
endlessfebruary.com,dropped,iter-r8,test,0.4,,,0,2,15,,,,,2026-10-07,reject,reject
mousehackers.com,dropped,iter-r2,dev,0.8,1,parked,0,2,12,,,2018,2,2026-10-07,accept,reject
wwecoin.com,dropped,iter-r3,dev,0.6,1,parked,0,2,7,,,2018,8,2026-10-06,accept,accept
podincloud.com,dropped,iter-r4,dev,0.3,1,parked,0,3,10,,,2024,1,2026-10-07,reject,reject
lifetimebutterfly.com,dropped,iter-r5,test,0.35,0,,0,2,17,,,,,2026-10-08,reject,reject
bootsbourbon.com,dropped,iter-r6,dev,0.35,1,parked,0,2,12,,,2014,9,2026-10-09,reject,reject
stagemovementlab.com,dropped,iter-r7,test,0.0,,,0,3,16,,,,,2026-10-07,reject,reject
porchandmoss.com,dropped,iter-r8,test,0.0,,,0,3,12,,,,,2026-10-08,reject,reject
photoandevents.com,dropped,iter-r2,test,0.2,0,,0,3,14,,,,,2026-10-07,reject,reject
topwinrates.com,dropped,iter-r3,dev,0.05,0,,0,3,11,,,,,2026-10-08,reject,reject
fingerpaintapp.com,dropped,iter-r4,dev,0.15,1,,0,3,14,,,2018,5,2026-10-07,reject,reject
applypipe.com,dropped,iter-r5,test,0.9,0,,0,2,9,,,,,2026-10-06,accept,
digitalecocenter.com,dropped,iter-r6,test,0.0,0,,0,3,16,,,,,2026-10-07,reject,reject
victoriagrowth.com,dropped,iter-r7,test,0.95,,,0,2,14,,,,,2026-10-07,accept,
flagwisetechnologies.com,dropped,iter-r8,test,0.05,,,0,3,20,,,,,2026-10-06,reject,reject
athletesedgetech.com,dropped,iter-r2,test,0.0,0,,0,3,16,,,,,2026-10-08,reject,reject
halfrental.com,dropped,iter-r3,dev,0.5,1,,0,2,10,,,2021,1,2026-10-09,accept,reject
vitalinvestigator.com,dropped,iter-r4,test,0.5,0,,0,2,17,,,,,2026-10-09,reject,reject
southindiaengineering.com,dropped,iter-r5,dev,0.0,1,parked,0,3,21,,,2013,6,2026-10-08,reject,reject
dividendstalk.com,dropped,iter-r6,test,0.65,0,,0,2,13,,,,,2026-10-09,accept,
fusionhorizonlink.com,dropped,iter-r7,test,0.0,,,0,3,17,,,,,2026-10-06,reject,reject
myboil.com,dropped,iter-r8,test,0.7,,,0,2,6,,,,,2026-10-09,accept,
plantsagebook.com,dropped,iter-r2,test,0.0,0,,0,3,13,,,,,2026-10-06,reject,reject
clipend.com,dropped,iter-r3,dev,0.95,1,parked,0,2,7,,,2013,9,2026-10-09,accept,accept
thehousingworld.com,dropped,iter-r4,dev,0.0,1,content,0,3,15,,,2018,6,2026-10-08,reject,reject
unitedindustriesai.com,dropped,iter-r5,test,0.0,0,,0,3,18,,,,,2026-10-08,reject,reject
upoct.com,dropped,iter-r6,test,0.55,,,0,2,5,,,,,2026-10-09,,
leatherpeaks.com,dropped,iter-r7,test,0.4,,,0,2,12,,,,,2026-10-09,reject,reject
zenleafenergy.com,dropped,iter-r8,test,0.0,,,0,3,13,,,,,2026-10-09,reject,reject
leoncorporation.com,dropped,iter-r2,dev,0.7,1,parked,0,2,15,,,2014,8,2026-10-08,accept,accept
primarymechanicalservices.com,dropped,iter-r3,dev,0.1,0,,0,3,25,,,,,2026-10-09,reject,reject
lightperformancecourse.com,dropped,iter-r4,test,0.0,0,,0,3,22,,,,,2026-10-08,reject,reject
shortschat.com,dropped,iter-r5,test,0.7,,,0,2,10,,,,,2026-10-07,accept,
treasurybull.com,dropped,iter-r6,test,0.7,0,,0,2,12,,,,,2026-10-08,accept,
luxuryhighperformance.com,dropped,iter-r7,test,0.05,,,0,3,21,,,,,2026-10-07,reject,reject
padpacefit.com,dropped,iter-r8,test,0.0,,,0,3,10,,,,,2026-10-07,reject,reject
shopmicropulse.com,dropped,iter-r2,test,0.05,0,,0,3,14,,,,,2026-10-09,reject,reject
shinesheriff.com,dropped,iter-r3,dev,0.7,1,content,0,2,12,,,2024,1,2026-10-08,accept,reject
advancedclash.com,dropped,iter-r4,dev,0.7,1,parked,0,2,13,,,2018,1,2026-10-09,accept,reject
propertyscanreport.com,dropped,iter-r5,test,0.05,0,,0,3,18,,,,,2026-10-07,reject,reject
viralmediaagency.com,dropped,iter-r6,test,0.2,,,0,3,16,,,,,2026-10-08,reject,reject
successfulmail.com,dropped,iter-r7,test,0.65,,,0,2,14,,,,,2026-10-09,accept,
aligncall.com,dropped,iter-r8,test,0.85,,,0,2,9,,,,,2026-10-09,accept,
goodmantransportservices.com,dropped,iter-r2,test,0.2,0,,0,3,24,,,,,2026-10-07,reject,reject
constructiontoystore.com,dropped,iter-r3,dev,0.0,1,parked,0,3,20,,,2011,9,2026-10-09,reject,reject
torontorentcars.com,dropped,iter-r4,test,0.0,1,parked,0,3,15,,,,,2026-10-09,reject,reject
mytaskwheel.com,dropped,iter-r5,dev,0.15,1,forsale,0,3,11,,,2013,2,2026-10-06,reject,reject
mounttime.com,dropped,iter-r6,test,0.9,,,0,2,9,,,,,2026-10-06,accept,
hoodrestaurants.com,dropped,iter-r7,test,0.75,,,0,2,15,,,,,2026-10-08,accept,
onlineclothingsale.com,dropped,iter-r8,test,0.0,,,0,3,18,,,,,2026-10-09,reject,reject
buddypunchecosystem.com,dropped,iter-r2,test,0.1,0,,0,3,19,,,,,2026-10-07,reject,reject
bulkimageseo.com,dropped,iter-r3,dev,0.0,0,,0,3,12,,,,,2026-10-06,reject,reject
peakperformanceflow.com,dropped,iter-r4,dev,0.25,1,parked,0,3,19,,,2021,1,2026-10-07,reject,reject
claimhuntai.com,dropped,iter-r5,test,0.05,0,,0,3,11,,,,,2026-10-09,reject,reject
twominuteincome.com,dropped,iter-r6,test,0.05,0,,0,3,15,,,,,2026-10-07,reject,reject
flydocuments.com,dropped,iter-r7,test,0.85,,,0,2,12,,,,,2026-10-06,accept,
themepr.com,dropped,iter-r8,test,0.95,,,0,2,7,,,,,2026-10-06,accept,
tenttracks.com,dropped,iter-r2,test,0.6,0,,0,2,10,,,,,2026-10-08,accept,
daypromise.com,dropped,iter-r3,dev,0.8,1,,0,2,10,,,2011,1,2026-10-07,accept,reject
seriouszen.com,dropped,iter-r4,dev,0.95,1,parked,0,2,10,,,2011,15,2026-10-07,accept,accept
sugarrushrig.com,dropped,iter-r5,test,0.0,0,,0,3,12,,,,,2026-10-08,reject,reject
topblessings.com,dropped,iter-r6,test,0.7,0,,0,2,12,,,,,2026-10-08,accept,
livingroomplays.com,dropped,iter-r7,test,0.05,,,0,3,15,,,,,2026-10-08,reject,reject
princesscumapp.com,dropped,iter-r8,test,0.0,,,0,3,14,,,,,2026-10-09,reject,reject
somethinggoodpodcast.com,dropped,iter-r2,dev,0.0,1,,0,3,20,,,2018,1,2026-10-06,reject,reject
citybusinesstv.com,dropped,iter-r3,dev,0.1,0,,0,3,14,,,,,2026-10-06,reject,reject
richardberryart.com,dropped,iter-r4,test,0.0,0,,0,3,15,,,,,2026-10-09,reject,reject
replacementwindowscenter.com,dropped,iter-r5,dev,0.0,1,content,0,3,24,,,2009,8,2026-10-08,reject,reject
jetsgrowth.com,dropped,iter-r6,test,0.65,0,,0,2,10,,,,,2026-10-08,accept,
myoptimallifestyle.com,dropped,iter-r7,test,0.05,,,0,3,18,,,,,2026-10-06,reject,reject
downtowncustom.com,dropped,iter-r8,test,0.75,,,0,2,14,,,,,2026-10-09,accept,
thebenbrown.com,dropped,iter-r2,test,0.1,0,,0,3,11,,,,,2026-10-08,reject,reject
austinlitigationattorneys.com,dropped,iter-r3,dev,0.0,0,,0,3,25,,,,,2026-10-09,reject,reject
posterwizards.com,dropped,iter-r4,dev,0.7,1,parked,0,2,13,,,2005,10,2026-10-07,accept,accept
netbasepro.com,dropped,iter-r5,test,0.1,0,,0,3,10,,,,,2026-10-08,reject,reject
mypokerteam.com,dropped,iter-r6,test,0.05,,,0,3,11,,,,,2026-10-07,reject,reject
myslickstuff.com,dropped,iter-r7,test,0.0,,,0,3,12,,,,,2026-10-06,reject,reject
nestforchick.com,dropped,iter-r8,test,0.0,,,0,3,12,,,,,2026-10-08,reject,reject
feathrwallet.com,dropped,iter-r2,dev,0.0,1,parked,0,3,12,,,2024,2,2026-10-09,reject,reject
accessmagicport.com,dropped,iter-r3,dev,0.0,0,,0,3,15,,,,,2026-10-07,reject,reject
defaultcounselnetwork.com,dropped,iter-r4,test,0.0,0,,0,3,21,,,,,2026-10-09,reject,reject
trendmarketco.com,dropped,iter-r5,dev,0.15,1,,0,3,13,,,2024,2,2026-10-08,reject,reject
commodemaster.com,dropped,iter-r6,test,0.0,,,0,3,13,,,,,2026-10-09,reject,reject
trigonor.com,dropped,iter-r7,test,0.2,,,0,3,8,,,,,2026-10-06,reject,reject
glowtalekids.com,dropped,iter-r8,test,0.0,,,0,3,12,,,,,2026-10-09,reject,reject
saltlakecitycleaningservices.com,sold,r9-geo,test,0.5,,,,,28,saltlakecity,cleaning services,,,2026-04-11,,
lasvegasbarber.com,sold,r9-geo,dev,0.9,,,,,14,lasvegas,barber,,,2025-04-12,,
maidslosangeles.com,sold,r9-geo,test,0.55,,,,,15,losangeles,maids,,,2026-04-16,,
autobuffalo.com,sold,r9-geo,test,0.65,,,,,11,buffalo,auto,,,2026-04-22,,
columbusbarber.com,sold,r9-geo,dev,0.95,,,,,14,columbus,barber,,,2024-04-26,,
chicagokitchenremodelers.com,sold,r9-geo,dev,0.1,,,,,24,chicago,kitchen remodelers,,,2024-04-28,,
minneapolisautodetailing.com,sold,r9-geo,test,0.35,,,,,24,minneapolis,auto detailing,,,2025-08-18,,
limoservicemilwaukee.com,sold,r9-geo,dev,0.4,,,,,20,milwaukee,limo service,,,2024-08-02,,
nyclawexperts.com,sold,r9-geo,test,0.05,,,,,13,nyc,law experts,,,2025-12-09,,
montgomerypressurewashing.com,sold,r9-geo,test,0.85,,,,,25,montgomery,pressurewashing,,,2025-12-13,,
austincriminallawattorney.com,sold,r9-geo,dev,0.05,,,,,25,austin,criminal law attorney,,,2024-12-12,,
chicagoupholstery.com,sold,r9-geo,test,0.9,,,,,17,chicago,upholstery,,,2025-12-21,,
landscapingservicesjacksonville.com,sold,r9-geo,test,0.15,,,,,31,jacksonville,landscaping services,,,2025-12-28,,
propertymanagementmiamibeach.com,sold,r9-geo,dev,0.55,,,,,28,miamibeach,propertymanagement,,,2025-02-06,,
nashvilleinsurancegroup.com,sold,r9-geo,dev,0.2,,,,,23,nashville,insurance group,,,2025-02-14,,
riversidelawncare.com,sold,r9-geo,test,0.9,,,,,17,riverside,lawncare,,,2026-01-30,,
atlantataxservice.com,sold,r9-geo,test,0.35,,,,,17,atlanta,tax service,,,2026-01-27,,
dallaspestremoval.com,sold,r9-geo,test,0.1,,,,,17,dallas,pest removal,,,2026-02-22,,
naplesgaragedoorrepair.com,sold,r9-geo,test,0.6,,,,,22,naples,garagedoor repair,,,2026-02-19,,
nychomecleaners.com,sold,r9-geo,test,0.1,,,,,15,nyc,home cleaners,,,2026-01-25,,
lexingtonpaving.com,sold,r9-geo,test,1.0,,,,,15,lexington,paving,,,2026-01-25,,
housecleaningfortworth.com,sold,r9-geo,test,0.2,,,,,22,fortworth,house cleaning,,,2026-01-02,,
albanyhandyman.com,sold,r9-geo,dev,0.95,,,,,14,albany,handyman,,,2024-01-04,,
denvertowingservice.com,sold,r9-geo,dev,0.35,,,,,19,denver,towing service,,,2024-01-01,,
sacramentotowingservices.com,sold,r9-geo,test,0.35,,,,,24,sacramento,towing services,,,2025-07-11,,
realestateattorneyhouston.com,sold,r9-geo,test,0.05,,,,,25,houston,realestate attorney,,,2026-07-14,,
clevelandroofingcontractors.com,sold,r9-geo,test,0.35,,,,,27,cleveland,roofing contractors,,,2025-07-15,,
garagedoorrepairraleigh.com,sold,r9-geo,test,0.5,,,,,23,raleigh,garagedoor repair,,,2025-07-14,,
minneapolisroofrepair.com,sold,r9-geo,test,1.0,,,,,21,minneapolis,roofrepair,,,2026-07-01,,
carpetcleaningnashville.com,sold,r9-geo,dev,0.5,,,,,23,nashville,carpet cleaning,,,2025-06-30,,
anaheimchiropractors.com,sold,r9-geo,dev,0.8,,,,,20,anaheim,chiropractors,,,2024-07-07,,
treeservicehonolulu.com,sold,r9-geo,test,0.65,,,,,19,honolulu,treeservice,,,2026-05-26,,
santaclaritahandyman.com,sold,r9-geo,dev,0.8,,,,,20,santaclarita,handyman,,,2024-06-03,,
naplescooling.com,sold,r9-geo,dev,0.75,,,,,13,naples,cooling,,,2025-06-19,,
roofersandiego.com,sold,r9-geo,dev,0.8,,,,,14,sandiego,roofer,,,2025-06-19,,
minneapolisinsurance.com,sold,r9-geo,test,0.9,,,,,20,minneapolis,insurance,,,2026-06-23,,
atlantahvac.com,sold,r9-geo,dev,1.0,,,,,11,atlanta,hvac,,,2025-06-28,,
manhattancriminaldefense.com,sold,r9-geo,test,0.45,,,,,24,manhattan,criminal defense,,,2026-06-04,,
limousineservicesaustin.com,sold,r9-geo,test,0.15,,,,,23,austin,limousine services,,,2026-06-03,,
tampahandymanservices.com,sold,r9-geo,test,0.45,,,,,21,tampa,handyman services,,,2026-06-03,,
houstonelectricalcontractors.com,sold,r9-geo,test,0.2,,,,,28,houston,electrical contractors,,,2026-03-10,,
therapyrochester.com,sold,r9-geo,test,0.45,,,,,16,rochester,therapy,,,2026-03-11,,
durhamphotographer.com,sold,r9-geo,dev,0.8,,,,,18,durham,photographer,,,2025-03-17,,
philadelphianotaryservices.com,sold,r9-geo,dev,0.1,,,,,26,philadelphia,notary services,,,2025-05-09,,
sewercleaningdenver.com,sold,r9-geo,dev,0.05,,,,,19,denver,sewer cleaning,,,2024-05-17,,
bostonorthodontist.com,sold,r9-geo,dev,0.85,,,,,18,boston,orthodontist,,,2024-05-26,,
hoteldetroit.com,sold,r9-geo,test,0.65,,,,,12,detroit,hotel,,,2026-05-02,,
chicagocleaningservices.com,sold,r9-geo,test,0.65,,,,,23,chicago,cleaning services,,,2026-04-29,,
autorepairglendale.com,sold,r9-geo,test,0.55,,,,,18,glendale,autorepair,,,2026-05-01,,
landscapinglincoln.com,sold,r9-geo,test,0.75,,,,,18,lincoln,landscaping,,,2026-05-01,,
flooringcompanychicago.com,sold,r9-geo,test,0.05,,,,,22,chicago,flooring company,,,2025-11-08,,
atlantahomecleaners.com,sold,r9-geo,dev,0.05,,,,,19,atlanta,home cleaners,,,2024-11-09,,
bostonwindowcleaners.com,sold,r9-geo,test,0.25,,,,,20,boston,window cleaners,,,2025-10-31,,
securityhollywood.com,sold,r9-geo,dev,0.4,,,,,17,hollywood,security,,,2024-11-02,,
denverhandymanservice.com,sold,r9-geo,dev,0.4,,,,,21,denver,handyman service,,,2024-10-13,,
nashvillehomerenovation.com,sold,r9-geo,dev,0.1,,,,,23,nashville,home renovation,,,2024-10-16,,
stpetersburgroofingcompany.com,sold,r9-geo,test,0.55,,,,,26,stpetersburg,roofing company,,,2025-10-04,,
roofingaustin.com,sold,r9-geo,dev,1.0,,,,,13,austin,roofing,,,2024-10-03,,
kitchenremodelingseattle.com,sold,r9-geo,test,0.2,,,,,24,seattle,kitchen remodeling,,,2025-08-26,,
limoserviceminneapolis.com,sold,r9-geo,dev,0.1,,,,,22,minneapolis,limo service,,,2024-09-12,,
mobileautosolutions.com,sold,r9-geo,test,0.0,,,,,19,mobile,auto solutions,,,2025-09-17,,
nashvilleorthodontist.com,sold,r9-geo,dev,0.95,,,,,21,nashville,orthodontist,,,2024-09-28,,
austinhandymanservices.com,sold,r9-geo,dev,0.4,,,,,22,austin,handyman services,,,2024-09-03,,
indianapolisroofingcontractors.com,sold,r9-geo,dev,0.45,,,,,30,indianapolis,roofing contractors,,,2024-09-04,,
chattanoogacleaningservices.com,sold,r9-geo,dev,0.45,,,,,27,chattanooga,cleaning services,,,2026-09-15,,
maidservicesseattle.com,sold,r9-geo,dev,0.05,,,,,19,seattle,maid services,,,2026-09-15,,
poolchicago.com,sold,r9-geo,dev,0.5,,,,,11,chicago,pool,,,2026-09-21,,
pittsburghwindowcleaner.com,dropped,r9-geo,dev,0.2,,,,,23,pittsburgh,window cleaner,,,,,
tampaepoxyfloor.com,dropped,r9-geo,test,0.15,,,,,15,tampa,epoxy floor,,,,,
bakersfieldhomehub.com,dropped,r9-geo,dev,0.15,,,,,18,bakersfield,home hub,,,,,
treeremovalkansascity.com,dropped,r9-geo,test,0.4,,,,,21,kansascity,tree removal,,,,,
signsorangecounty.com,dropped,r9-geo,dev,0.4,,,,,17,orangecounty,signs,,,,,
phoenixguttercleaners.com,dropped,r9-geo,test,0.1,,,,,21,phoenix,gutter cleaners,,,,,
garagedoorrepairwichita.com,dropped,r9-geo,dev,0.45,,,,,23,wichita,garagedoor repair,,,,,
itwestchester.com,dropped,r9-geo,test,0.45,,,,,13,westchester,it,,,,,
morenovalleyroofingcompany.com,dropped,r9-geo,dev,0.5,,,,,26,morenovalley,roofing company,,,,,
memphistechrentals.com,dropped,r9-geo,test,0.0,,,,,18,memphis,tech rentals,,,,,
spokanepainterpros.com,dropped,r9-geo,dev,0.05,,,,,18,spokane,painter pros,,,,,
garlandpestcontrolexpertsco.com,dropped,r9-geo,test,0.0,,,,,27,garland,pestcontrol experts co,,,,,
mesadaycare.com,dropped,r9-geo,dev,0.9,,,,,11,mesa,daycare,,,,,
salemplumbingpros.com,dropped,r9-geo,test,0.5,,,,,17,salem,plumbing pros,,,,,
tampaguttercontractors.com,dropped,r9-geo,dev,0.05,,,,,22,tampa,gutter contractors,,,,,
charlottephysicaltherapy.com,dropped,r9-geo,test,0.9,,,,,24,charlotte,physicaltherapy,,,,,
autoinjuryamarillo.com,dropped,r9-geo,dev,0.0,,,,,18,amarillo,auto injury,,,,,
tampamovingservices.com,dropped,r9-geo,test,0.25,,,,,19,tampa,moving services,,,,,
sandiegoguttercleaners.com,dropped,r9-geo,dev,0.05,,,,,22,sandiego,gutter cleaners,,,,,
omahalawgroup.com,dropped,r9-geo,test,0.4,,,,,13,omaha,law group,,,,,
concretecontractorskansascity.com,dropped,r9-geo,dev,0.3,,,,,29,kansascity,concrete contractors,,,,,
proheatingairconditioningglendale.com,dropped,r9-geo,test,0.0,,,,,33,glendale,pro heating airconditioning,,,,,
bayarearemodelers.com,dropped,r9-geo,dev,0.6,,,,,17,bayarea,remodelers,,,,,
santaclaritacontractor.com,dropped,r9-geo,test,0.9,,,,,22,santaclarita,contractor,,,,,
housepaintinglosangeles.com,dropped,r9-geo,dev,0.1,,,,,23,losangeles,house painting,,,,,
kansascitypaintingsolutions.com,dropped,r9-geo,test,0.0,,,,,27,kansascity,painting solutions,,,,,
sidingcontractorsatlanta.com,dropped,r9-geo,dev,0.15,,,,,24,atlanta,siding contractors,,,,,
desmoinescoffee.com,dropped,r9-geo,test,0.7,,,,,15,desmoines,coffee,,,,,
lubbockwindowrepair.com,dropped,r9-geo,dev,0.2,,,,,19,lubbock,window repair,,,,,
detroitguttercleaners.com,dropped,r9-geo,test,0.05,,,,,21,detroit,gutter cleaners,,,,,
atlantatechrentals.com,dropped,r9-geo,dev,0.0,,,,,18,atlanta,tech rentals,,,,,
chandlerchimney.com,dropped,r9-geo,test,0.8,,,,,15,chandler,chimney,,,,,
stpaulrealtor.com,dropped,r9-geo,dev,0.9,,,,,13,stpaul,realtor,,,,,
criminaldefenseattorneysphoenix.com,dropped,r9-geo,test,0.05,,,,,31,phoenix,criminal defense attorneys,,,,,
concretecompanysanantonio.com,dropped,r9-geo,dev,0.05,,,,,25,sanantonio,concrete company,,,,,
sanfranciscodentalspa.com,dropped,r9-geo,test,0.15,,,,,21,sanfrancisco,dental spa,,,,,
cincinnatirealtyservices.com,dropped,r9-geo,dev,0.2,,,,,24,cincinnati,realty services,,,,,
floorsbakersfield.com,dropped,r9-geo,test,0.2,,,,,17,bakersfield,floors,,,,,
fencinghonolulu.com,dropped,r9-geo,dev,0.6,,,,,15,honolulu,fencing,,,,,
lasvegasdentalclinic.com,dropped,r9-geo,test,0.3,,,,,20,lasvegas,dental clinic,,,,,
newyorkelectricalservices.com,dropped,r9-geo,dev,0.4,,,,,25,newyork,electrical services,,,,,
cleaningserviceswichita.com,dropped,r9-geo,test,0.4,,,,,23,wichita,cleaning services,,,,,
worcestertherapy.com,dropped,r9-geo,dev,0.85,,,,,16,worcester,therapy,,,,,
homerenovationshouston.com,dropped,r9-geo,test,0.05,,,,,22,houston,home renovations,,,,,
bookkeepingchicago.com,dropped,r9-geo,dev,0.7,,,,,18,chicago,bookkeeping,,,,,
newyorkkitchenservices.com,dropped,r9-geo,test,0.15,,,,,22,newyork,kitchen services,,,,,
masonrycontractoraustin.com,dropped,r9-geo,dev,0.0,,,,,23,austin,masonry contractor,,,,,
tamparealtyonline.com,dropped,r9-geo,test,0.1,,,,,17,tampa,realty online,,,,,
criminaldefenselawyerphiladelphia.com,dropped,r9-geo,dev,0.3,,,,,33,philadelphia,criminal defense lawyer,,,,,
rockfordbankruptcylawyer.com,dropped,r9-geo,test,0.45,,,,,24,rockford,bankruptcy lawyer,,,,,
newarkpestexterminators.com,dropped,r9-geo,dev,0.0,,,,,23,newark,pest exterminators,,,,,
oaklandmedspa.com,dropped,r9-geo,test,0.9,,,,,13,oakland,medspa,,,,,
chesapeakebuilder.com,dropped,r9-geo,dev,0.75,,,,,17,chesapeake,builder,,,,,
raleighautoaccidentattorney.com,dropped,r9-geo,test,0.15,,,,,27,raleigh,auto accident attorney,,,,,
charlotteguttercleaners.com,dropped,r9-geo,dev,0.2,,,,,23,charlotte,gutter cleaners,,,,,
atlantaroofingservice.com,dropped,r9-geo,test,0.35,,,,,21,atlanta,roofing service,,,,,
divorceshreveport.com,dropped,r9-geo,dev,0.45,,,,,17,shreveport,divorce,,,,,
oxnardpizza.com,dropped,r9-geo,test,0.85,,,,,11,oxnard,pizza,,,,,
garagedoorlansing.com,dropped,r9-geo,dev,0.5,,,,,17,lansing,garagedoor,,,,,
bookkeepingserviceslasvegas.com,dropped,r9-geo,test,0.2,,,,,27,lasvegas,bookkeeping services,,,,,
memphisguttercleaners.com,dropped,r9-geo,dev,0.05,,,,,21,memphis,gutter cleaners,,,,,
phoenixroofchimney.com,dropped,r9-geo,test,0.0,,,,,18,phoenix,roof chimney,,,,,
flooringpasadena.com,dropped,r9-geo,dev,0.4,,,,,16,pasadena,flooring,,,,,
springfielddemolitioncompany.com,dropped,r9-geo,test,0.2,,,,,28,springfield,demolition company,,,,,
treeremovalsantafe.com,dropped,r9-geo,dev,0.45,,,,,18,santafe,tree removal,,,,,
notaryraleigh.com,dropped,r9-geo,test,0.7,,,,,13,raleigh,notary,,,,,
washingtonkitchenservices.com,dropped,r9-geo,dev,0.1,,,,,25,washington,kitchen services,,,,,
austinhvaccompany.com,dropped,r9-geo,test,0.1,,,,,17,austin,hvac company,,,,,
irvingbuilder.com,dropped,r9-geo,dev,0.85,,,,,13,irving,builder,,,,,
chulavistacoffee.com,dropped,r9-geo,test,0.8,,,,,16,chulavista,coffee,,,,,
vetcolumbus.com,dropped,r9-geo,dev,0.45,,,,,11,columbus,vet,,,,,
losangelesroofingscompany.com,dropped,r9-geo,test,0.05,,,,,25,losangeles,roofings company,,,,,
glendalebuilder.com,dropped,r9-geo,dev,0.8,,,,,15,glendale,builder,,,,,
homecleaningservicesminneapolis.com,dropped,r9-geo,test,0.0,,,,,31,minneapolis,home cleaning services,,,,,
paintingcontractorlosangeles.com,dropped,r9-geo,dev,0.0,,,,,28,losangeles,painting contractor,,,,,
santaclaritaconstruction.com,dropped,r9-geo,test,0.9,,,,,24,santaclarita,construction,,,,,
renovationsphiladelphia.com,dropped,r9-geo,dev,0.35,,,,,23,philadelphia,renovations,,,,,
sacramentocoffee.com,dropped,r9-geo,test,0.95,,,,,16,sacramento,coffee,,,,,
newhavenrestaurant.com,dropped,r9-geo,dev,0.75,,,,,18,newhaven,restaurant,,,,,
pittsburghroofingpros.com,dropped,r9-geo,test,0.3,,,,,21,pittsburgh,roofing pros,,,,,
sacramentoguttercleaners.com,dropped,r9-geo,dev,0.1,,,,,24,sacramento,gutter cleaners,,,,,
laredomarketing.com,dropped,r9-geo,test,0.65,,,,,15,laredo,marketing,,,,,
miamiguttercleaners.com,dropped,r9-geo,dev,0.1,,,,,19,miami,gutter cleaners,,,,,
bathroomremodelerraleigh.com,dropped,r9-geo,test,0.1,,,,,24,raleigh,bathroom remodeler,,,,,
miamihousesolutions.com,dropped,r9-geo,dev,0.15,,,,,19,miami,house solutions,,,,,
windowcleaningbaltimore.com,dropped,r9-geo,test,0.35,,,,,23,baltimore,window cleaning,,,,,
tulsaguttercleaners.com,dropped,r9-geo,dev,0.1,,,,,19,tulsa,gutter cleaners,,,,,
sandiegohvacservices.com,dropped,r9-geo,test,0.35,,,,,20,sandiego,hvac services,,,,,
nashvillekitchenservices.com,dropped,r9-geo,dev,0.2,,,,,24,nashville,kitchen services,,,,,
albanyrealtors.com,dropped,r9-geo,test,0.85,,,,,14,albany,realtors,,,,,
yonkerstherapy.com,dropped,r9-geo,dev,0.85,,,,,14,yonkers,therapy,,,,,
louisvillecriminallawyers.com,dropped,r9-geo,test,0.35,,,,,25,louisville,criminal lawyers,,,,,
spokanepestcontrolexperts.com,dropped,r9-geo,dev,0.0,,,,,25,spokane,pestcontrol experts,,,,,
acrepairhonolulu.com,dropped,r9-geo,test,0.45,,,,,16,honolulu,acrepair,,,,,
atlantarealestatetours.com,dropped,r9-geo,dev,0.0,,,,,22,atlanta,realestate tours,,,,,
autodetailingsanfrancisco.com,dropped,r9-geo,test,0.2,,,,,25,sanfrancisco,auto detailing,,,,,
palmspringscleaningservice.com,dropped,r9-geo,dev,0.35,,,,,26,palmsprings,cleaning service,,,,,
fortlauderdaleseocompany.com,dropped,r9-geo,test,0.25,,,,,24,fortlauderdale,seo company,,,,,
denverhandymanhomeservices.com,dropped,r9-geo,dev,0.0,,,,,26,denver,handyman home services,,,,,
restorationmobile.com,dropped,r9-geo,test,0.8,,,,,17,mobile,restoration,,,,,
hotelsraleigh.com,dropped,r9-geo,dev,0.55,,,,,13,raleigh,hotels,,,,,
miamitechrentals.com,dropped,r9-geo,test,0.05,,,,,16,miami,tech rentals,,,,,
washingtonguttercleaners.com,dropped,r9-geo,dev,0.1,,,,,24,washington,gutter cleaners,,,,,
durhamremodeling.com,dropped,r9-geo,test,0.95,,,,,16,durham,remodeling,,,,,
autoglassrepairgreensboro.com,dropped,r9-geo,dev,0.05,,,,,25,greensboro,auto glass repair,,,,,
kitchenremodelpittsburgh.com,dropped,r9-geo,test,0.2,,,,,24,pittsburgh,kitchen remodel,,,,,
hollywoodpizzas.com,dropped,r9-geo,dev,0.5,,,,,15,hollywood,pizzas,,,,,
roofrepaircharlotte.com,dropped,r9-geo,test,0.75,,,,,19,charlotte,roofrepair,,,,,
lasvegascleaningsolutions.com,dropped,r9-geo,dev,0.15,,,,,25,lasvegas,cleaning solutions,,,,,
auroraroofingexperts.com,dropped,r9-geo,test,0.45,,,,,20,aurora,roofing experts,,,,,
nashvillemortgageexperts.com,dropped,r9-geo,dev,0.0,,,,,24,nashville,mortgage experts,,,,,
tucsonguttercleaners.com,dropped,r9-geo,test,0.25,,,,,20,tucson,gutter cleaners,,,,,
photographerssanfrancisco.com,dropped,r9-geo,dev,0.3,,,,,25,sanfrancisco,photographers,,,,,
hotelgreensboro.com,dropped,r9-geo,test,0.55,,,,,15,greensboro,hotel,,,,,
buffalorealestatehomes.com,dropped,r9-geo,dev,0.25,,,,,22,buffalo,realestate homes,,,,,
seattletreeexperts.com,dropped,r9-geo,test,0.2,,,,,18,seattle,tree experts,,,,,
columbusbookkeeping.com,dropped,r9-geo,dev,0.95,,,,,19,columbus,bookkeeping,,,,,
accidentattorneyjerseycity.com,dropped,r9-geo,test,0.2,,,,,26,jerseycity,accident attorney,,,,,
kitchenremodelingmilwaukee.com,dropped,r9-geo,dev,0.15,,,,,26,milwaukee,kitchen remodeling,,,,,
lasvegaskitchenservices.com,dropped,r9-geo,test,0.15,,,,,23,lasvegas,kitchen services,,,,,
tallahasseeseocompany.com,dropped,r9-geo,dev,0.2,,,,,21,tallahassee,seo company,,,,,
santaanabuilder.com,dropped,r9-geo,test,0.6,,,,,15,santaana,builder,,,,,
orlandophotographyco.com,dropped,r9-geo,dev,0.05,,,,,20,orlando,photography co,,,,,
boisehomeservice.com,dropped,r9-geo,test,0.2,,,,,16,boise,home service,,,,,
chicagotechrentals.com,dropped,r9-geo,dev,0.0,,,,,18,chicago,tech rentals,,,,,
remodelingcontractortulsa.com,dropped,r9-geo,test,0.05,,,,,25,tulsa,remodeling contractor,,,,,
exterminatorjacksonville.com,dropped,r9-geo,dev,0.6,,,,,24,jacksonville,exterminator,,,,,
treeremovalworcester.com,dropped,r9-geo,test,0.35,,,,,20,worcester,tree removal,,,,,
louisvillecooling.com,dropped,r9-geo,dev,0.7,,,,,17,louisville,cooling,,,,,
proelectriciansmesa.com,dropped,r9-geo,test,0.0,,,,,19,mesa,pro electricians,,,,,
hamptonsexpertpainting.com,dropped,r9-geo,dev,0.05,,,,,22,hamptons,expert painting,,,,,
durhampressurewashing.com,dropped,r9-geo,test,0.9,,,,,21,durham,pressurewashing,,,,,
chandlerpaving.com,dropped,r9-geo,dev,0.85,,,,,14,chandler,paving,,,,,
floorsoakland.com,dropped,r9-geo,test,0.3,,,,,13,oakland,floors,,,,,
spokanedeckcontractors.com,dropped,r9-geo,dev,0.1,,,,,22,spokane,deck contractors,,,,,
tucsonexterminators.com,dropped,r9-geo,test,0.8,,,,,19,tucson,exterminators,,,,,
jacksonvilleguttercleaners.com,dropped,r9-geo,dev,0.15,,,,,26,jacksonville,gutter cleaners,,,,,
daytonpaving.com,dropped,r9-geo,test,0.8,,,,,12,dayton,paving,,,,,
springfieldhandymanservices.com,dropped,r9-geo,dev,0.3,,,,,27,springfield,handyman services,,,,,
austingaragedoorservice.com,dropped,r9-geo,test,0.4,,,,,23,austin,garagedoor service,,,,,
plumberdesmoines.com,dropped,r9-geo,dev,0.7,,,,,16,desmoines,plumber,,,,,
locksmithakron.com,dropped,r9-geo,test,0.75,,,,,14,akron,locksmith,,,,,
restorationsolutionsirvine.com,dropped,r9-geo,dev,0.0,,,,,26,irvine,restoration solutions,,,,,
houstonnailsspa.com,dropped,r9-geo,test,0.1,,,,,15,houston,nails spa,,,,,
bathroomremodelerdurham.com,dropped,r9-geo,dev,0.0,,,,,23,durham,bathroom remodeler,,,,,
palmspringspropertygroup.com,dropped,r9-geo,test,0.2,,,,,24,palmsprings,property group,,,,,
anchoragebuilder.com,dropped,r9-geo,dev,0.8,,,,,16,anchorage,builder,,,,,
baltimoreguttercleaners.com,dropped,r9-geo,test,0.1,,,,,23,baltimore,gutter cleaners,,,,,
roofersamarillo.com,dropped,r9-geo,dev,0.45,,,,,15,amarillo,roofers,,,,,
housepainterboston.com,dropped,r9-geo,test,0.05,,,,,18,boston,house painter,,,,,
mortgagegreensboro.com,dropped,r9-geo,dev,0.7,,,,,18,greensboro,mortgage,,,,,
mesatravels.com,dropped,r9-geo,test,0.65,,,,,11,mesa,travels,,,,,
dallasguttercleaners.com,dropped,r9-geo,dev,0.15,,,,,20,dallas,gutter cleaners,,,,,
sidingcontractorsboston.com,dropped,r9-geo,test,0.1,,,,,23,boston,siding contractors,,,,,
raleighrealtyusa.com,dropped,r9-geo,dev,0.0,,,,,16,raleigh,realty usa,,,,,
miamikitchenremodel.com,dropped,r9-geo,test,0.4,,,,,19,miami,kitchen remodel,,,,,
longbeachrealestatephotographers.com,dropped,r9-geo,dev,0.05,,,,,32,longbeach,realestate photographers,,,,,
carsonpaving.com,dropped,r9-geo,test,0.85,,,,,12,carson,paving,,,,,
sanfranciscohomerental.com,dropped,r9-geo,dev,0.1,,,,,22,sanfrancisco,home rental,,,,,
tulsasidingcompany.com,dropped,r9-geo,test,0.2,,,,,18,tulsa,siding company,,,,,
siouxfallscoffee.com,dropped,r9-geo,dev,0.75,,,,,16,siouxfalls,coffee,,,,,
philadelphiaroofingservices.com,dropped,r9-geo,test,0.3,,,,,27,philadelphia,roofing services,,,,,
safireai.com,sold,r10-test,test,0.05,1,,0,3,8,,,2024,2,2025-12-23,reject,reject
jordansjewelry.com,sold,r10-test,test,0.65,1,,0,2,14,,,2001,24,2026-08-04,accept,accept
azaleacounseling.com,sold,r10-test,test,0.4,1,,1,2,16,,,2018,8,2026-04-02,accept,accept
theintelligencecompany.com,sold,r10-test,test,0.05,1,,0,3,22,,,2001,19,2026-05-05,reject,reject
blueflamelab.com,sold,r10-test,test,0.05,1,,0,3,12,,,2008,18,2026-01-01,reject,reject
stringlines.com,sold,r10-test,test,0.65,1,,0,2,11,,,2004,22,2026-03-08,accept,accept
agisilicon.com,sold,r10-test,test,,,,,,,,,,,2026-05-01,,
fairwaydeals.com,sold,r10-test,test,0.75,1,,0,2,12,,,2003,19,2026-04-10,accept,accept
aptusventures.com,sold,r10-test,test,0.2,1,,0,3,13,,,2002,15,2025-11-25,reject,reject
holisticwellcare.com,sold,r10-test,test,0.1,1,,0,3,16,,,2011,14,2025-03-23,reject,reject
lowerbound.com,sold,r10-test,test,0.35,1,,0,2,10,,,2001,19,2026-02-07,reject,reject
getello.com,sold,r10-test,test,,,,,,,,,,,2025-11-08,,
facilitymanagementconsulting.com,sold,r10-test,test,0.15,1,,0,3,28,,,2003,23,2026-05-19,reject,reject
virtuallyfunny.com,sold,r10-test,test,0.45,1,,0,2,14,,,1996,26,2026-06-10,reject,reject
carinjuryaccidentlawyer.com,sold,r10-test,test,0.0,1,,0,4,23,,,2018,8,2026-06-30,reject,reject
omgmed.com,sold,r10-test,test,0.9,1,,0,2,6,,,2018,7,2026-05-05,accept,accept
terranovaprojects.com,sold,r10-test,test,0.1,1,,0,3,17,,,2011,15,2026-06-01,reject,reject
projectmanagercareer.com,sold,r10-test,test,0.05,1,,0,3,20,,,2011,15,2026-02-27,reject,reject
americanpowerline.com,sold,r10-test,test,0.2,1,,0,3,17,,,2018,1,2026-03-11,reject,reject
deepharness.com,sold,r10-test,test,,,,,,,,,,,2026-07-16,,
colossalcommerce.com,sold,r10-test,test,0.7,1,,0,2,16,,,2013,9,2026-06-06,accept,accept
mybuildhub.com,sold,r10-test,test,0.15,1,,0,3,10,,,2018,8,2026-05-28,reject,reject
wiserbuild.com,sold,r10-test,test,0.85,1,,0,2,10,,,2018,7,2025-05-13,accept,accept
nursingtutoring.com,sold,r10-test,test,0.55,1,,0,2,15,,,2009,13,2026-06-29,accept,accept
blackboxhosting.com,sold,r10-test,test,0.3,1,,1,3,15,,,2002,22,2026-03-25,accept,accept
shoredecker.com,sold,r10-test,test,0.3,1,,2,2,11,,,2018,8,2026-03-26,accept,accept
betfrost.com,sold,r10-test,test,0.85,1,,0,2,8,,,2023,2,2025-05-30,accept,reject
darkgrade.com,sold,r10-test,test,1.0,1,,0,2,9,,,2018,8,2026-01-09,accept,accept
aihomeideas.com,sold,r10-test,test,0.2,1,,0,3,11,,,2024,2,2026-07-14,reject,reject
largestevents.com,sold,r10-test,test,0.55,1,,0,2,13,,,2004,22,2026-04-26,accept,accept
testaweb.com,sold,r10-test,test,0.7,1,,0,2,8,,,2002,20,2026-09-18,accept,accept
clsauto.com,sold,r10-test,test,0.75,1,,0,2,7,,,2011,15,2026-02-02,accept,accept
cheapestpetinsurance.com,sold,r10-test,test,0.15,1,,1,3,20,,,2008,14,2026-07-10,accept,accept
chilicars.com,sold,r10-test,test,0.85,1,,1,2,9,,,2004,22,2026-07-11,accept,accept
jellytoken.com,sold,r10-test,test,0.65,1,,0,2,10,,,2021,1,2026-05-28,accept,reject
aidurable.com,sold,r10-test,test,0.5,1,,0,2,9,,,2023,2,2026-05-07,accept,reject
parivo.com,sold,r10-test,test,0.75,1,,0,2,6,,,2011,15,2026-05-14,accept,accept
advancedaestheticsacademy.com,sold,r10-test,test,0.05,1,,1,3,25,,,2018,8,2026-05-19,accept,accept
haladrive.com,sold,r10-test,test,0.85,1,,0,2,9,,,2018,5,2025-03-22,accept,accept
opencoworker.com,sold,r10-test,test,,,,,,,,,,,2026-02-27,,
alcovefitness.com,sold,r10-test,test,,,,,,,,,,,2026-07-30,,
armsauctions.com,sold,r10-test,test,0.6,1,,1,2,12,,,2002,18,2026-04-26,accept,accept
incometrick.com,sold,r10-test,test,0.65,1,,0,2,11,,,2013,9,2025-05-28,accept,accept
purplegpt.com,sold,r10-test,test,,,,,,,,,,,2025-03-31,,
samplescents.com,sold,r10-test,test,0.2,1,,0,2,12,,,2001,21,2026-07-15,reject,reject
boredweb.com,sold,r10-test,test,0.65,1,,0,2,8,,,2011,11,2025-11-04,accept,accept
blackholing.com,sold,r10-test,test,0.0,1,,0,3,11,,,2008,18,2026-02-21,reject,reject
macroagentic.com,sold,r10-test,test,,,,,,,,,,,2026-07-13,,
cybersecurityunion.com,sold,r10-test,test,0.95,1,,0,2,18,,,2013,13,2026-06-08,accept,accept
onlinedigitalservices.com,sold,r10-test,test,0.15,1,,1,3,21,,,2014,10,2025-05-23,accept,accept
crystalbridgesmuseum.com,sold,r10-test,test,0.0,1,,2,3,20,,,2011,11,2025-12-02,accept,accept
agorafunds.com,sold,r10-test,test,0.85,1,,0,2,10,,,2015,10,2025-12-01,accept,accept
agibeast.com,sold,r10-test,test,0.9,1,,0,2,8,,,2024,1,2026-04-07,accept,reject
simplydirt.com,sold,r10-test,test,0.55,1,,0,2,10,,,2009,13,2025-12-23,accept,accept
milanonailspa.com,sold,r10-test,test,0.15,1,,0,3,13,,,2015,9,2026-02-11,reject,reject
pathwayhomemortgage.com,sold,r10-test,test,0.25,1,,1,3,19,,,2021,4,2026-02-03,accept,accept
bnbpot.com,sold,r10-test,test,0.85,1,,0,2,6,,,2021,4,2025-12-03,accept,accept
futureoperator.com,sold,r10-test,test,0.9,1,,0,2,14,,,2018,1,2026-06-25,accept,reject
ecmtek.com,sold,r10-test,test,0.8,1,,0,2,6,,,2006,19,2025-04-04,accept,accept
tridentsecurityservices.com,sold,r10-test,test,0.2,1,,0,3,23,,,2002,24,2025-12-08,reject,reject
poolservicefl.com,sold,r10-test,test,0.05,1,,0,4,13,,,2011,11,2026-06-14,reject,reject
yarproject.com,sold,r10-test,test,0.65,1,,0,2,10,,,2025,1,2026-05-19,accept,reject
farobotics.com,sold,r10-test,test,0.3,1,,0,3,10,,,2018,8,2026-02-17,reject,reject
dignityanddelight.com,dropped,r10-test,test,,,,,,,,,,,2026-10-07,,
criticalenergysolution.com,dropped,r10-test,test,0.0,1,,0,3,22,,,2021,3,2026-10-06,reject,reject
firmboostteam.com,dropped,r10-test,test,,,,,,,,,,,2026-10-08,,
netpointdigital.com,dropped,r10-test,test,0.2,1,,0,3,15,,,2016,7,2026-10-07,reject,reject
happymindinternational.com,dropped,r10-test,test,0.0,1,,0,3,22,,,2011,14,2026-10-06,reject,reject
elitegeekonline.com,dropped,r10-test,test,0.0,1,,0,3,15,,,2006,2,2026-10-07,reject,reject
sprayandscoop.com,dropped,r10-test,test,,,,,,,,,,,2026-10-07,,
ridingwealthteam.com,dropped,r10-test,test,,,,,,,,,,,2026-10-09,,
seonigeria.com,dropped,r10-test,test,0.8,1,,0,2,10,,,2009,16,2026-10-08,accept,accept
loanfusioncentral.com,dropped,r10-test,test,,,,,,,,,,,2026-10-07,,
mariolaserefforts.com,dropped,r10-test,test,0.0,1,,0,3,17,,,2021,2,2026-10-07,reject,reject
letmonkcash.com,dropped,r10-test,test,,,,,,,,,,,2026-10-09,,
peaceoverpetty.com,dropped,r10-test,test,,,,,,,,,,,2026-10-09,,
safesitedemolition.com,dropped,r10-test,test,0.15,1,,0,3,18,,,2024,1,2026-10-08,reject,reject
startclickconvert.com,dropped,r10-test,test,,,,,,,,,,,2026-10-09,,
themercydraft.com,dropped,r10-test,test,,,,,,,,,,,2026-10-08,,
emeraldhudson.com,dropped,r10-test,test,,,,,,,,,,,2026-10-07,,
getfilestage.com,dropped,r10-test,test,0.05,1,,0,3,12,,,2025,1,2026-10-08,reject,reject
woodsunny.com,dropped,r10-test,test,0.7,1,,0,2,9,,,2011,11,2026-10-06,accept,accept
quotefromhere.com,dropped,r10-test,test,,,,,,,,,,,2026-10-08,,
shootsflow.com,dropped,r10-test,test,,,,,,,,,,,2026-10-07,,
willowgracecandle.com,dropped,r10-test,test,,,,,,,,,,,2026-10-09,,
russellstruck.com,dropped,r10-test,test,0.4,1,,0,2,13,,,2009,17,2026-10-06,reject,reject
summitviewelectric.com,dropped,r10-test,test,,,,,,,,,,,2026-10-09,,
thebetblog.com,dropped,r10-test,test,0.1,1,,0,3,10,,,2013,7,2026-10-06,reject,reject
blacknewsgroup.com,dropped,r10-test,test,0.0,1,,0,3,14,,,2021,4,2026-10-06,reject,reject
gainbus.com,dropped,r10-test,test,0.9,1,,0,2,7,,,2021,1,2026-10-09,accept,reject
fostertrades.com,dropped,r10-test,test,,,,,,,,,,,2026-10-08,,
emmahamiltonwrites.com,dropped,r10-test,test,,,,,,,,,,,2026-10-09,,
goldbabyhome.com,dropped,r10-test,test,0.0,1,,0,3,12,,,2021,5,2026-10-06,reject,reject
ticketfood.com,dropped,r10-test,test,1.0,1,,0,2,10,,,2011,15,2026-10-08,accept,accept
burnfatkit.com,dropped,r10-test,test,,,,,,,,,,,2026-10-09,,
cartergroupofficial.com,dropped,r10-test,test,,,,,,,,,,,2026-10-06,,
feedingamericacup.com,dropped,r10-test,test,,,,,,,,,,,2026-10-07,,
idealfusionllc.com,dropped,r10-test,test,,,,,,,,,,,2026-10-08,,
newindiavoice.com,dropped,r10-test,test,0.0,1,,0,3,13,,,2018,5,2026-10-08,reject,reject
trymanly.com,dropped,r10-test,test,,,,,,,,,,,2026-10-08,,
forevertodaydecor.com,dropped,r10-test,test,,,,,,,,,,,2026-10-08,,
aicodingblog.com,dropped,r10-test,test,,,,,,,,,,,2026-10-09,,
bestcoprice.com,dropped,r10-test,test,,,,,,,,,,,2026-10-06,,
muddyworms.com,dropped,r10-test,test,,,,,,,,,,,2026-10-09,,
greedofficial.com,dropped,r10-test,test,0.5,1,,0,2,13,,,2015,2,2026-10-09,accept,reject
changethatlaw.com,dropped,r10-test,test,0.0,1,,0,3,13,,,2018,7,2026-10-09,reject,reject
raceflip.com,dropped,r10-test,test,0.85,1,,0,2,8,,,2013,9,2026-10-06,accept,accept
opennewsstack.com,dropped,r10-test,test,,,,,,,,,,,2026-10-09,,
plasticsurgerywonder.com,dropped,r10-test,test,,,,,,,,,,,2026-10-07,,
aibookmagic.com,dropped,r10-test,test,,,,,,,,,,,2026-10-08,,
vincentryan.com,dropped,r10-test,test,0.45,1,,0,2,11,,,2004,16,2026-10-08,reject,reject
vrtimeline.com,dropped,r10-test,test,0.55,1,,0,2,10,,,2018,2,2026-10-09,accept,reject
defrigged.com,dropped,r10-test,test,,,,,,,,,,,2026-10-07,,
crystalmagicshop.com,dropped,r10-test,test,0.0,1,,0,3,16,,,2021,1,2026-10-08,reject,reject
pixelpulsephotography.com,dropped,r10-test,test,0.15,1,,0,3,21,,,2024,1,2026-10-08,reject,reject
nicholasallbright.com,dropped,r10-test,test,,,,,,,,,,,2026-10-09,,
ripeglobalgathering.com,dropped,r10-test,test,,,,,,,,,,,2026-10-06,,
therapystorage.com,dropped,r10-test,test,,,,,,,,,,,2026-10-09,,
paradisetradesolution.com,dropped,r10-test,test,,,,,,,,,,,2026-10-09,,
johnpatience.com,dropped,r10-test,test,0.45,1,,0,2,12,,,2018,8,2026-10-06,reject,reject
chahill.com,dropped,r10-test,test,,,,,,,,,,,2026-10-06,,
publicitymusic.com,dropped,r10-test,test,0.7,1,,0,2,14,,,2023,3,2026-10-07,accept,accept
marhidesign.com,dropped,r10-test,test,,,,,,,,,,,2026-10-06,,
kirksite.com,dropped,r10-test,test,0.85,1,,0,2,8,,,2001,23,2026-10-08,accept,accept
thirddowntherapy.com,dropped,r10-test,test,,,,,,,,,,,2026-10-07,,
settlementglobal.com,dropped,r10-test,test,,,,,,,,,,,2026-10-06,,
davidjenkinstraining.com,dropped,r10-test,test,,,,,,,,,,,2026-10-07,,
guildalehouse.com,dropped,r10-test,test,0.0,1,,0,3,13,,,2020,6,2026-10-08,reject,reject
elitetrackingservices.com,dropped,r10-test,test,,,,,,,,,,,2026-10-08,,
shockingproducts.com,dropped,r10-test,test,0.65,1,,0,2,16,,,2011,12,2026-10-07,accept,accept
kentensports.com,dropped,r10-test,test,,,,,,,,,,,2026-10-09,,
gozoneparking.com,dropped,r10-test,test,0.05,1,,0,3,13,,,2015,7,2026-10-08,reject,reject
safetycommons.com,dropped,r10-test,test,0.75,1,,0,2,13,,,2016,6,2026-10-09,accept,accept
thecatalystworld.com,dropped,r10-test,test,0.0,1,,0,3,16,,,2007,19,2026-10-06,reject,reject
startupbusinessjournal.com,dropped,r10-test,test,0.1,1,,0,3,22,,,2011,11,2026-10-06,reject,reject
dreamzoneit.com,dropped,r10-test,test,0.05,1,,0,3,11,,,2013,13,2026-10-06,reject,reject
monkfinancetoday.com,dropped,r10-test,test,,,,,,,,,,,2026-10-09,,
heartinthorns.com,dropped,r10-test,test,,,,,,,,,,,2026-10-08,,
firstthinklocal.com,dropped,r10-test,test,0.0,1,,0,3,15,,,2013,4,2026-10-07,reject,reject
viewyouroptions.com,dropped,r10-test,test,0.05,1,,0,3,15,,,2013,4,2026-10-06,reject,reject
cryptobusinessnet.com,dropped,r10-test,test,0.05,1,,0,3,17,,,2021,4,2026-10-08,reject,reject
weddingmodeling.com,dropped,r10-test,test,,,,,,,,,,,2026-10-06,,
extraordinarycourage.com,dropped,r10-test,test,0.45,1,,0,2,20,,,2011,9,2026-10-08,reject,reject
lovebearblue.com,dropped,r10-test,test,,,,,,,,,,,2026-10-07,,
happymoonphoto.com,dropped,r10-test,test,,,,,,,,,,,2026-10-07,,
changingcostumes.com,dropped,r10-test,test,,,,,,,,,,,2026-10-07,,
wallstreetprograms.com,dropped,r10-test,test,,,,,,,,,,,2026-10-08,,
psychoinvestorapp.com,dropped,r10-test,test,,,,,,,,,,,2026-10-08,,
oceansoftcompany.com,dropped,r10-test,test,0.05,1,,0,3,16,,,2024,1,2026-10-08,reject,reject
ultrajaketraining.com,dropped,r10-test,test,,,,,,,,,,,2026-10-08,,
thenewmanspa.com,dropped,r10-test,test,,,,,,,,,,,2026-10-09,,
strongformhub.com,dropped,r10-test,test,,,,,,,,,,,2026-10-06,,
evercharmbeauty.com,dropped,r10-test,test,,,,,,,,,,,2026-10-06,,
findingsushi.com,dropped,r10-test,test,0.7,1,,0,2,12,,,2011,12,2026-10-07,accept,accept
bikiniconfidence.com,dropped,r10-test,test,0.5,1,,0,2,16,,,2012,5,2026-10-07,accept,accept
softservecourt.com,dropped,r10-test,test,,,,,,,,,,,2026-10-08,,
airporttownhomes.com,dropped,r10-test,test,,,,,,,,,,,2026-10-09,,
climatechangeltd.com,dropped,r10-test,test,,,,,,,,,,,2026-10-07,,
deborahandrachel.com,dropped,r10-test,test,,,,,,,,,,,2026-10-06,,
livecleanclarity.com,dropped,r10-test,test,,,,,,,,,,,2026-10-08,,
bagjoin.com,dropped,r10-test,test,0.8,1,,0,2,7,,,2014,3,2026-10-06,accept,accept
recovermyfees.com,dropped,r10-test,test,0.05,1,,0,3,13,,,2011,9,2026-10-06,reject,reject
edgemooreave.com,dropped,r10-test,test,,,,,,,,,,,2026-10-06,,
findzipmarketing.com,dropped,r10-test,test,,,,,,,,,,,2026-10-06,,
powerfunzone.com,dropped,r10-test,test,0.0,1,,0,3,12,,,2021,5,2026-10-09,reject,reject
punjabmap.com,dropped,r10-test,test,0.8,1,,0,2,9,,,2004,18,2026-10-08,accept,accept
emergencytaco.com,dropped,r10-test,test,0.45,1,,0,2,13,,,2021,5,2026-10-06,reject,reject
jinpowersolutions.com,dropped,r10-test,test,,,,,,,,,,,2026-10-08,,
dietproswell.com,dropped,r10-test,test,,,,,,,,,,,2026-10-09,,
worldsairportsterminal.com,dropped,r10-test,test,0.0,1,,0,3,22,,,2024,1,2026-10-09,reject,reject
surpriserecipevideo.com,dropped,r10-test,test,,,,,,,,,,,2026-10-06,,
legacylifeadvisory.com,dropped,r10-test,test,,,,,,,,,,,2026-10-08,,
discovercosmiccompass.com,dropped,r10-test,test,,,,,,,,,,,2026-10-09,,
smsshort.com,dropped,r10-test,test,,,,,,,,,,,2026-10-07,,
ashgreeceshop.com,dropped,r10-test,test,,,,,,,,,,,2026-10-09,,
helpdeskindia.com,dropped,r10-test,test,0.25,1,,0,3,13,,,2004,22,2026-10-09,reject,reject
neuralfemale.com,dropped,r10-test,test,,,,,,,,,,,2026-10-09,,
ambersaint.com,dropped,r10-test,test,,,,,,,,,,,2026-10-07,,
industrialspringsgroup.com,dropped,r10-test,test,,,,,,,,,,,2026-10-07,,
shoregunshows.com,dropped,r10-test,test,0.0,1,,0,3,13,,,2024,1,2026-10-09,reject,reject
blueskyrenew.com,dropped,r10-test,test,,,,,,,,,,,2026-10-06,,
biglandcloud.com,dropped,r10-test,test,,,,,,,,,,,2026-10-06,,
conjetpro.com,dropped,r10-test,test,0.0,1,,0,3,9,,,2012,4,2026-10-06,reject,reject
proamericapay.com,dropped,r10-test,test,,,,,,,,,,,2026-10-09,,
displayreality.com,dropped,r10-test,test,0.8,1,,0,2,14,,,2018,4,2026-10-08,accept,accept
southstrandmoms.com,dropped,r10-test,test,,,,,,,,,,,2026-10-06,,
loungehairsimulation.com,dropped,r10-test,test,,,,,,,,,,,2026-10-06,,
martlight.com,dropped,r10-test,test,0.7,1,,0,2,9,,,2013,12,2026-10-06,accept,accept
saleshughes.com,dropped,r10-test,test,,,,,,,,,,,2026-10-06,,
superchargersmap.com,dropped,r10-test,test,0.0,1,,0,3,16,,,2018,2,2026-10-08,reject,reject
theecrownjewel.com,dropped,r10-test,test,,,,,,,,,,,2026-10-08,,
timothyjamesfit.com,dropped,r10-test,test,,,,,,,,,,,2026-10-07,,
linksmining.com,dropped,r10-test,test,,,,,,,,,,,2026-10-06,,
hoseltd.com,dropped,r10-test,test,,,,,,,,,,,2026-10-07,,
yourmarketnow.com,dropped,r10-test,test,0.1,1,,0,3,13,,,2013,10,2026-10-07,reject,reject
goldenfashionworlds.com,dropped,r10-test,test,,,,,,,,,,,2026-10-06,,
pioneercorporatesolutions.com,dropped,r10-test,test,,,,,,,,,,,2026-10-07,,
victorianeralovers.com,dropped,r10-test,test,0.0,1,,0,3,18,,,2006,18,2026-10-09,reject,reject
thebeerbarn.com,dropped,r10-test,test,0.05,1,,0,3,11,,,2001,19,2026-10-09,reject,reject
hellopoweroffer.com,dropped,r10-test,test,,,,,,,,,,,2026-10-08,,
urbanmeetshouse.com,dropped,r10-test,test,,,,,,,,,,,2026-10-07,,
starseedasylum.com,dropped,r10-test,test,,,,,,,,,,,2026-10-09,,
petswithpersonalities.com,dropped,r11-aged,test,0.0,,,0,3,21,,,,,2026-10-08,reject,reject
usgreenfree.com,dropped,r11-aged,test,0.0,,,0,3,11,,,,,2026-10-08,reject,reject
musclerace.com,dropped,r11-aged,test,0.9,1,,0,2,10,,,2015,4,2026-10-09,accept,accept
methospitality.com,dropped,r11-aged,test,0.9,1,,0,2,14,,,2001,25,2026-10-07,accept,accept
properinvestusa.com,dropped,r11-aged,test,0.0,,,0,3,15,,,,,2026-10-09,reject,reject
ourfriendleo.com,dropped,r11-aged,test,0.0,,,0,3,12,,,,,2026-10-08,reject,reject
rafoiluae.com,dropped,r11-aged,test,0.0,,,0,3,9,,,,,2026-10-09,reject,reject
secondsection.com,dropped,r11-aged,test,0.7,1,,0,2,13,,,2005,21,2026-10-07,accept,accept
trustedtreeremoval.com,dropped,r11-aged,test,0.15,,,0,3,18,,,,,2026-10-09,reject,reject
tenantsservices.com,dropped,r11-aged,test,0.5,1,,0,2,15,,,2002,24,2026-10-06,accept,accept
virtualchipexchange.com,dropped,r11-aged,test,0.0,,,0,3,19,,,,,2026-10-08,reject,reject
lendmymoney.com,dropped,r11-aged,test,0.0,,,0,3,11,,,,,2026-10-09,reject,reject
victoryoverdebts.com,dropped,r11-aged,test,0.0,,,0,3,16,,,,,2026-10-06,reject,reject
premierbirthcenter.com,dropped,r11-aged,test,0.05,,,0,3,18,,,,,2026-10-08,reject,reject
garygraygallery.com,dropped,r11-aged,test,0.0,,,0,3,15,,,,,2026-10-08,reject,reject
myphotodesigns.com,dropped,r11-aged,test,0.15,,,0,3,14,,,,,2026-10-09,reject,reject
cannabisseedstock.com,dropped,r11-aged,test,0.0,,,0,3,17,,,,,2026-10-08,reject,reject
ironarmourgroup.com,dropped,r11-aged,test,0.0,,,0,3,15,,,,,2026-10-08,reject,reject
dynamicdivers.com,dropped,r11-aged,test,0.85,1,,0,2,13,,,2011,15,2026-10-06,accept,accept
davidsoncloud.com,dropped,r11-aged,test,0.55,1,,0,2,13,,,2018,8,2026-10-07,accept,accept
bradleymartin.com,dropped,r11-aged,test,0.3,1,,0,2,13,,,2001,21,2026-10-09,reject,reject
parkforestinsurance.com,dropped,r11-aged,test,0.05,,,0,3,19,,,,,2026-10-09,reject,reject
redlikepolish.com,dropped,r11-aged,test,0.0,,,0,3,13,,,,,2026-10-06,reject,reject
familyresourcelink.com,dropped,r11-aged,test,0.0,,,1,3,18,,,,,2026-10-07,accept,
humblecoffeemerchant.com,dropped,r11-aged,test,0.0,,,0,3,20,,,,,2026-10-09,reject,reject
jesscloset.com,dropped,r11-aged,test,0.65,1,,0,2,10,,,2015,11,2026-10-09,accept,accept
opencartexperts.com,dropped,r11-aged,test,0.05,,,0,3,15,,,,,2026-10-07,reject,reject
moviestargold.com,dropped,r11-aged,test,0.1,,,0,3,13,,,,,2026-10-07,reject,reject
foolishhearts.com,dropped,r11-aged,test,0.45,1,,0,2,13,,,2001,25,2026-10-06,reject,reject
promotioncircle.com,dropped,r11-aged,test,0.85,1,,0,2,15,,,2006,20,2026-10-06,accept,accept
digitalalan.com,dropped,r11-aged,test,0.55,1,,0,2,11,,,2003,23,2026-10-06,accept,accept
gofloodgo.com,dropped,r11-aged,test,0.0,,,0,3,9,,,,,2026-10-07,reject,reject
woodenboatinsurance.com,dropped,r11-aged,test,0.1,,,0,3,19,,,,,2026-10-08,reject,reject
productownercoaching.com,dropped,r11-aged,test,0.0,,,0,3,20,,,,,2026-10-09,reject,reject
highviewmanagement.com,dropped,r11-aged,test,0.05,,,0,3,18,,,,,2026-10-08,reject,reject
infiniteinteraction.com,dropped,r11-aged,test,0.6,1,,0,2,19,,,2004,22,2026-10-06,accept,accept
larryallenthomas.com,dropped,r11-aged,test,0.0,,,0,3,16,,,,,2026-10-08,reject,reject
businesscomputerhelp.com,dropped,r11-aged,test,0.05,,,0,3,20,,,,,2026-10-06,reject,reject
woodfieldcommunity.com,dropped,r11-aged,test,0.05,,,2,3,18,,,,,2026-10-06,accept,
nerdbirdsystems.com,dropped,r11-aged,test,0.0,,,0,3,15,,,,,2026-10-07,reject,reject
lilyashley.com,dropped,r11-aged,test,0.4,1,,0,2,10,,,2010,16,2026-10-06,reject,reject
thegermantable.com,dropped,r11-aged,test,0.0,,,0,3,14,,,,,2026-10-07,reject,reject
celebritystupidity.com,dropped,r11-aged,test,0.45,1,,0,2,18,,,2011,15,2026-10-06,reject,reject
marygoward.com,dropped,r11-aged,test,0.0,,,0,3,10,,,,,2026-10-09,reject,reject
automaticblog.com,dropped,r11-aged,test,0.95,1,,0,2,13,,,2009,17,2026-10-07,accept,accept
alphabetobsession.com,dropped,r11-aged,test,0.3,1,,0,2,17,,,2018,7,2026-10-08,reject,reject
kimtedford.com,dropped,r11-aged,test,0.0,,,0,3,10,,,,,2026-10-06,reject,reject
collarboxing.com,dropped,r11-aged,test,0.4,1,,0,2,12,,,2018,8,2026-10-09,reject,reject
djflyrice.com,dropped,r11-aged,test,0.0,,,0,3,9,,,,,2026-10-09,reject,reject
highconsultant.com,dropped,r11-aged,test,0.95,1,,0,2,14,,,2018,8,2026-10-09,accept,accept
willcopainting.com,dropped,r11-aged,test,0.0,,,0,3,14,,,,,2026-10-06,reject,reject
drugrehabsavage.com,dropped,r11-aged,test,0.1,,,0,3,15,,,,,2026-10-08,reject,reject
dollarcool.com,dropped,r11-aged,test,0.85,1,,0,2,10,,,2011,15,2026-10-09,accept,accept
revenuedriveninvestments.com,dropped,r11-aged,test,0.0,,,0,3,24,,,,,2026-10-07,reject,reject
awardreadingonline.com,dropped,r11-aged,test,0.0,,,0,3,18,,,,,2026-10-08,reject,reject
leoprepsystem.com,dropped,r11-aged,test,0.05,,,0,3,13,,,,,2026-10-08,reject,reject
moorerepairshop.com,dropped,r11-aged,test,0.05,,,0,3,15,,,,,2026-10-09,reject,reject
senbencapital.com,dropped,r11-aged,test,0.0,,,0,3,13,,,,,2026-10-08,reject,reject
mergercentre.com,dropped,r11-aged,test,0.75,1,,0,2,12,,,2013,13,2026-10-07,accept,accept
alphabusinessinc.com,dropped,r11-aged,test,0.1,,,0,3,16,,,,,2026-10-08,reject,reject
longtim.com,dropped,r11-aged,test,0.7,1,,0,2,7,,,2004,22,2026-10-08,accept,accept
mrsjetset.com,dropped,r11-aged,test,0.05,,,0,3,9,,,,,2026-10-06,reject,reject
healthforchampions.com,dropped,r11-aged,test,0.0,,,0,3,18,,,,,2026-10-07,reject,reject
caseybigenergy.com,dropped,r11-aged,test,0.0,,,0,3,14,,,,,2026-10-07,reject,reject
liamdante.com,dropped,r11-aged,test,0.35,1,,0,2,9,,,2010,16,2026-10-09,reject,reject
alanint.com,dropped,r11-aged,test,0.75,1,,0,2,7,,,2010,16,2026-10-08,accept,accept
creativemediafinance.com,dropped,r11-aged,test,0.2,1,,0,3,20,,,2016,8,2026-10-08,reject,reject
pixelparkny.com,dropped,r11-aged,test,0.0,,,0,3,11,,,,,2026-10-07,reject,reject
