domain,join_by,seller,bid,tokens,word_count,sld_len,type
oaklandlasercompany.com,10/07/2026 07:45,Drop,79,oakland laser company,3,19,geo_service
jerseysets.com,10/07/2026 07:45,Drop,79,jersey sets,2,10,geo_other
orlandoautoguide.com,10/06/2026 07:45,Drop,79,orlando auto guide,3,16,geo_service
montrealattack.com,10/08/2026 07:45,Drop,79,montreal attack,2,14,geo_other
moveintola.com,10/09/2026 07:45,Drop,79,move into la,3,10,geo_other
partnersorlando.com,10/07/2026 07:45,Drop,79,partners orlando,2,15,geo_service
christinesellsarlington.com,10/07/2026 07:45,Drop,79,christine sells arlington,3,23,geo_other
montgomeryfriedtomato.com,10/07/2026 07:45,Drop,79,montgomery fried tomato,3,21,geo_other
scenicviewnashville.com,10/06/2026 07:45,Drop,79,scenic view nashville,3,19,geo_other
singaporetaxlaw.com,10/09/2026 07:45,Drop,79,singapore tax law,3,15,geo_service
thalario.com,10/09/2026 07:45,Drop,79,tha la rio,3,8,geo_other
accessiblemontana.com,10/09/2026 07:45,Drop,79,accessible montana,2,17,geo_other
weightlossmassachusetts.com,10/08/2026 07:45,Drop,79,weight loss massachusetts,3,23,geo_other
floridastudenttours.com,10/09/2026 07:45,Drop,79,florida student tours,3,19,geo_service
columbusclothing.com,10/09/2026 07:45,Drop,79,columbus clothing,2,16,geo_other
expressmobilecash.com,10/08/2026 07:45,Drop,79,express mobile cash,3,17,geo_service
securityservicesla.com,10/06/2026 07:45,Drop,79,security services la,3,18,geo_service
spinartmontreal.com,10/06/2026 07:45,Drop,79,spin art montreal,3,15,geo_other
arizonaautopart.com,10/06/2026 07:45,Drop,79,arizona auto part,3,15,geo_service
primeauroraplatform.com,10/07/2026 07:45,Drop,79,prime aurora platform,3,19,geo_other
wearaurora.com,10/07/2026 07:45,Drop,79,wear aurora,2,10,geo_other
oaklandbusportal.com,10/07/2026 07:45,Drop,79,oakland bus portal,3,16,geo_other
spinartminneapolis.com,10/06/2026 07:45,Drop,79,spin art minneapolis,3,18,geo_other
sydneygoward.com,10/06/2026 07:45,Drop,79,sydney go ward,3,12,geo_other
jerusalemtourist.com,10/07/2026 07:45,Drop,79,jerusalem tourist,2,16,geo_other
delawarelasershows.com,10/07/2026 07:45,Drop,79,delaware laser shows,3,18,geo_other
silvermoonseattle.com,10/07/2026 07:45,Drop,79,silver moon seattle,3,17,geo_other
ultraampla.com,10/07/2026 07:45,Drop,79,ultra amp la,3,10,geo_other
partnersdallas.com,10/07/2026 07:45,Drop,79,partners dallas,2,14,geo_service
phoenixnextgen.com,10/07/2026 07:45,Drop,79,phoenix next gen,3,14,geo_other
amylaliberty.com,10/06/2026 07:45,Drop,79,amy la liberty,3,12,geo_other
engineeringhouston.com,10/08/2026 07:45,Drop,79,engineering houston,2,18,geo_other
texasitllc.com,10/06/2026 07:45,Drop,79,texas it llc,3,10,geo_other
milwaukeetoolcenter.com,10/08/2026 07:45,Drop,79,milwaukee tool center,3,19,geo_service
louisvillecriminallawyers.com,10/08/2026 07:45,Drop,79,louisville criminal lawyers,3,25,geo_service
intelimobile.com,10/06/2026 07:45,Drop,79,int eli mobile,3,12,geo_other
conferencesf.com,10/08/2026 07:45,Drop,79,conference sf,2,12,geo_other
torontomicrogreens.com,10/07/2026 07:45,Drop,79,toronto micro greens,3,18,geo_other
sydneysportsknees.com,10/08/2026 07:45,Drop,79,sydney sports knees,3,17,geo_other
tampabaybattles.com,10/09/2026 07:45,Drop,79,tampa bay battles,3,15,geo_other
nashvillecoldcase.com,10/08/2026 07:45,Drop,79,nashville cold case,3,17,geo_other
washingtondiscover.com,10/08/2026 07:45,Drop,79,washington discover,2,18,geo_other
labathvanity.com,10/07/2026 07:45,Drop,79,la bath vanity,3,12,geo_service
nexttechmobile.com,10/08/2026 07:45,Drop,79,next tech mobile,3,14,geo_service
floridarailtransfer.com,10/07/2026 07:45,Drop,79,florida rail transfer,3,19,geo_other
californiapassionfruit.com,10/06/2026 07:45,Drop,79,california passion fruit,3,22,geo_other
noteugene.com,10/09/2026 07:45,Drop,79,not eugene,2,9,geo_other
moderecruitmentlondon.com,10/08/2026 07:45,Drop,79,mode recruitment london,3,21,geo_other
collegedallas.com,10/08/2026 07:45,Drop,79,college dallas,2,13,geo_other
arizonabrokering.com,10/09/2026 07:45,Drop,79,arizona broke ring,3,16,geo_other
restorationonemilwaukee.com,10/07/2026 07:45,Drop,79,restoration one milwaukee,3,23,geo_service
hellofromsydney.com,10/07/2026 07:45,Drop,79,hello from sydney,3,15,geo_other
austinlaneday.com,10/06/2026 07:45,Drop,79,austin lane day,3,13,geo_other
dublinmusicschool.com,10/08/2026 07:45,Drop,79,dublin music school,3,17,geo_other
nashvillelasershows.com,10/07/2026 07:45,Drop,79,nashville laser shows,3,19,geo_other
healingwavesla.com,10/09/2026 07:45,Drop,79,healing waves la,3,14,geo_other
vipcleveland.com,10/07/2026 07:45,Drop,79,vip cleveland,2,12,geo_other
theaurorabox.com,10/09/2026 07:45,Drop,79,the aurora box,3,12,geo_other
loganchandler.com,10/06/2026 07:45,Drop,79,logan chandler,2,13,geo_other
forlastore.com,10/07/2026 07:45,Drop,79,for la store,3,10,geo_service
laluxurynest.com,10/06/2026 07:45,Drop,79,la luxury nest,3,12,geo_other
sprayfoamottawa.com,10/09/2026 07:45,Drop,79,spray foam ottawa,3,15,geo_other
housepainterboston.com,10/08/2026 07:45,Drop,79,house painter boston,3,18,geo_service
directcarecolorado.com,10/09/2026 07:45,Drop,79,direct care colorado,3,18,geo_service
defaidenver.com,10/09/2026 07:45,Drop,79,def ai denver,3,11,geo_other
reclabank.com,10/07/2026 07:45,Drop,79,rec la bank,3,9,geo_other
thelabnashville.com,10/07/2026 07:45,Drop,79,the lab nashville,3,15,geo_other
floridabestrate.com,10/08/2026 07:45,Drop,79,florida best rate,3,15,geo_other
alcoholrehabmississippi.com,10/06/2026 07:45,Drop,79,alcohol rehab mississippi,3,23,geo_service
globequeens.com,10/09/2026 07:45,Drop,79,globe queens,2,11,geo_other
atlantaparks.com,10/08/2026 07:45,Drop,79,atlanta parks,2,12,geo_other
lacastart.com,10/08/2026 07:45,Drop,79,la cast art,3,9,geo_other
lafunstays.com,10/08/2026 07:45,Drop,79,la fun stays,3,10,geo_other
toolaai.com,10/09/2026 07:45,Drop,79,too la ai,3,7,geo_other
dirtbikecolorado.com,10/09/2026 07:45,Drop,79,dirt bike colorado,3,16,geo_other
buylahouse.com,10/08/2026 07:45,Drop,79,buy la house,3,10,geo_service
portlanddairyqueen.com,10/09/2026 07:45,Drop,79,portland dairy queen,3,18,geo_other
rocklivedenver.com,10/06/2026 07:45,Drop,79,rock live denver,3,14,geo_other
salemarks.com,10/06/2026 07:45,Drop,79,sale marks,2,9,geo_other
freecoffeeoregon.com,10/06/2026 07:45,Drop,79,free coffee oregon,3,16,geo_service
vancouveroceansports.com,10/07/2026 07:45,Drop,79,vancouver ocean sports,3,20,geo_other
modellaberlin.com,10/06/2026 07:45,Drop,79,model la berlin,3,13,geo_other
custombuiltohio.com,10/08/2026 07:45,Drop,79,custom built ohio,3,15,geo_other
eriksellsdenver.com,10/07/2026 07:45,Drop,79,erik sells denver,3,15,geo_other
californialawinfo.com,10/06/2026 07:45,Drop,79,california law info,3,17,geo_service
illinoisblueapple.com,10/07/2026 07:45,Drop,79,illinois blue apple,3,17,geo_other
thephoenixchicken.com,10/06/2026 07:45,Drop,79,the phoenix chicken,3,17,geo_other
coloradowoodlandfence.com,10/07/2026 07:45,Drop,79,colorado woodland fence,3,21,geo_service
builtforchicago.com,10/09/2026 07:45,Drop,79,built for chicago,3,15,geo_other
arlingtonheightsevents.com,10/07/2026 07:45,Drop,79,arlington heights events,3,22,geo_other
bossmovingnyc.com,10/09/2026 07:45,Drop,79,boss moving nyc,3,13,geo_service
onceberlin.com,10/09/2026 07:45,Drop,79,once berlin,2,10,geo_other
weshipwyoming.com,10/08/2026 07:45,Drop,79,wes hip wyoming,3,13,geo_other
bronxbadasseats.com,10/08/2026 07:45,Drop,79,bronx badass eats,3,15,geo_other
braziliandayorlando.com,10/08/2026 07:45,Drop,79,brazilian day orlando,3,19,geo_other
queensdrop.com,10/06/2026 07:45,Drop,79,queens drop,2,10,geo_other
seoconsultantboulder.com,10/06/2026 07:45,Drop,79,seo consultant boulder,3,20,geo_other
integritydoctorsmobile.com,10/09/2026 07:45,Drop,79,integrity doctors mobile,3,22,geo_other
myhoustonrewards.com,10/07/2026 07:45,Drop,79,my houston rewards,3,16,geo_other
spinartcolumbia.com,10/06/2026 07:45,Drop,79,spin art columbia,3,15,geo_other
jobnevada.com,10/07/2026 07:45,Drop,79,job nevada,2,9,geo_other
musicmississippi.com,10/06/2026 07:45,Drop,79,music mississippi,2,16,geo_other
alcoholrehabmontana.com,10/06/2026 07:45,Drop,79,alcohol rehab montana,3,19,geo_service
wealthadvisorsminnesota.com,10/06/2026 07:45,Drop,79,wealth advisors minnesota,3,23,geo_other
utahpokerclub.com,10/06/2026 07:45,Drop,79,utah poker club,3,13,geo_service
texaspureflow.com,10/06/2026 07:45,Drop,79,texas pure flow,3,13,geo_other
matrixcolla.com,10/07/2026 07:45,Drop,79,matrix col la,3,11,geo_other
idealyoumichigan.com,10/06/2026 07:45,Drop,79,ideal you michigan,3,16,geo_other
mobileaidata.com,10/07/2026 07:45,Drop,79,mobile ai data,3,12,geo_other
eliteworlddubai.com,10/09/2026 07:45,Drop,79,elite world dubai,3,15,geo_service
employmentattorneydenver.com,10/08/2026 07:45,Drop,79,employment attorney denver,3,24,geo_service
georgiatalks.com,10/09/2026 07:45,Drop,79,georgia talks,2,12,geo_other
columbiadiscountcomputers.com,10/07/2026 07:45,Drop,79,columbia discount computers,3,25,geo_other
texasgolfplus.com,10/07/2026 07:45,Drop,79,texas golf plus,3,13,geo_other
hawaiilegalresource.com,10/09/2026 07:45,Drop,79,hawaii legal resource,3,19,geo_service
grovehotelgeorgia.com,10/09/2026 07:45,Drop,79,grove hotel georgia,3,17,geo_service
powergirlsnyc.com,10/09/2026 07:45,Drop,79,power girls nyc,3,13,geo_other
julesparis.com,10/07/2026 07:45,Drop,79,jules paris,2,10,geo_other
andrealapin.com,10/09/2026 07:45,Drop,79,andrea la pin,3,11,geo_other
partnerscharleston.com,10/07/2026 07:45,Drop,79,partners charleston,2,18,geo_service
roofresourceidaho.com,10/08/2026 07:45,Drop,79,roof resource idaho,3,17,geo_service
boatridemiami.com,10/06/2026 07:45,Drop,79,boat ride miami,3,13,geo_other
indianapolislasershows.com,10/07/2026 07:45,Drop,79,indianapolis laser shows,3,22,geo_other
shylastylish.com,10/06/2026 07:45,Drop,79,shy la stylish,3,12,geo_other
neighborhoodorlando.com,10/08/2026 07:45,Drop,79,neighborhood orlando,2,19,geo_other
unifiedsf.com,10/07/2026 07:45,Drop,79,unified sf,2,9,geo_other
medicalclinicnaples.com,10/07/2026 07:45,Drop,79,medical clinic naples,3,19,geo_service
houstonshower.com,10/06/2026 07:45,Drop,79,houston shower,2,13,geo_other
quickjobtexas.com,10/09/2026 07:45,Drop,79,quick job texas,3,13,geo_other
illinoisteacher.com,10/06/2026 07:45,Drop,79,illinois teacher,2,15,geo_other
anaphoenixchapter.com,10/06/2026 07:45,Drop,79,ana phoenix chapter,3,17,geo_other
wisconsinideatheatre.com,10/07/2026 07:45,Drop,79,wisconsin idea theatre,3,20,geo_other
nycdrilling.com,10/08/2026 07:45,Drop,79,nyc drilling,2,11,geo_other
thelondonhomes.com,10/07/2026 07:45,Drop,79,the london homes,3,14,geo_service
spinartsyracuse.com,10/06/2026 07:45,Drop,79,spin art syracuse,3,15,geo_other
lincolnyouthathletics.com,10/08/2026 07:45,Drop,79,lincoln youth athletics,3,21,geo_other
mrsgeorgia.com,10/08/2026 07:45,Drop,79,mrs georgia,2,10,geo_other
charlottemakeupartist.com,10/07/2026 07:45,Drop,79,charlotte makeup artist,3,21,geo_other
ottawacouplestherapy.com,10/06/2026 07:45,Drop,79,ottawa couples therapy,3,20,geo_service
matrixaviationla.com,10/07/2026 07:45,Drop,79,matrix aviation la,3,16,geo_other
axismotorsatlanta.com,10/09/2026 07:45,Drop,79,axis motors atlanta,3,17,geo_other
mindfullynyc.com,10/09/2026 07:45,Drop,79,mind fully nyc,3,12,geo_other
woodflowerscalifornia.com,10/07/2026 07:45,Drop,79,wood flowers california,3,21,geo_other
atlantataxconsult.com,10/08/2026 07:45,Drop,79,atlanta tax consult,3,17,geo_service
studenthouston.com,10/09/2026 07:45,Drop,79,student houston,2,14,geo_other
oklahomaamusementpark.com,10/08/2026 07:45,Drop,79,oklahoma amusement park,3,21,geo_other
bostonlasercompany.com,10/07/2026 07:45,Drop,79,boston laser company,3,18,geo_service
rochestercustomcomputers.com,10/06/2026 07:45,Drop,79,rochester custom computers,3,24,geo_other
americanimportsindiana.com,10/09/2026 07:45,Drop,79,american imports indiana,3,22,geo_other
mobilevehicleprovisions.com,10/06/2026 07:45,Drop,79,mobile vehicle provisions,3,23,geo_other
arkansaslasercompany.com,10/07/2026 07:45,Drop,79,arkansas laser company,3,20,geo_service
centralmontanalistings.com,10/06/2026 07:45,Drop,79,central montana listings,3,22,geo_other
londonmental.com,10/06/2026 07:45,Drop,79,london mental,2,12,geo_other
projectmanagementla.com,10/06/2026 07:45,Drop,79,project management la,3,19,geo_other
gorunla.com,10/08/2026 07:45,Drop,79,go run la,3,7,geo_other
denveradoptionlawyers.com,10/08/2026 07:45,Drop,79,denver adoption lawyers,3,21,geo_service
scriptwrightlondon.com,10/08/2026 07:45,Drop,79,script wright london,3,18,geo_other
vacationnorthernmichigan.com,10/07/2026 07:45,Drop,79,vacation northern michigan,3,24,geo_other
lastrategic.com,10/08/2026 07:45,Drop,79,la strategic,2,11,geo_other
cocktailmiami.com,10/07/2026 07:45,Drop,79,cocktail miami,2,13,geo_other
ivycontractingohio.com,10/08/2026 07:45,Drop,79,ivy contracting ohio,3,18,geo_other
floridaclosingcrew.com,10/07/2026 07:45,Drop,79,florida closing crew,3,18,geo_other
georgialeaders.com,10/09/2026 07:45,Drop,79,georgia leaders,2,14,geo_other
houstonmug.com,10/06/2026 07:45,Drop,79,houston mug,2,10,geo_other
cashvirginia.com,10/07/2026 07:45,Drop,79,cash virginia,2,12,geo_other
shieldflorida.com,10/09/2026 07:45,Drop,79,shield florida,2,13,geo_other
nebraskalasershows.com,10/07/2026 07:45,Drop,79,nebraska laser shows,3,18,geo_other
empirelondonproperties.com,10/08/2026 07:45,Drop,79,empire london properties,3,22,geo_other
bostonphysicaltherapist.com,10/07/2026 07:45,Drop,79,boston physical therapist,3,23,geo_service
larougepublications.com,10/09/2026 07:45,Drop,79,la rouge publications,3,19,geo_other
orlandodadsgroup.com,10/08/2026 07:45,Drop,79,orlando dads group,3,16,geo_service
roofrepaircharlotte.com,10/09/2026 07:45,Drop,79,roof repair charlotte,3,19,geo_service
houstonexecutivehousing.com,10/08/2026 07:45,Drop,79,houston executive housing,3,23,geo_other
goatjerseydeals.com,10/06/2026 07:45,Drop,79,goat jersey deals,3,15,geo_other
omahaemploymentlawyers.com,10/08/2026 07:45,Drop,79,omaha employment lawyers,3,22,geo_service
coloraurora.com,10/08/2026 07:45,Drop,79,color aurora,2,11,geo_other
londondeepclean.com,10/09/2026 07:45,Drop,79,london deep clean,3,15,geo_other
madisonartfestival.com,10/09/2026 07:45,Drop,79,madison art festival,3,18,geo_other
sfbaysummit.com,10/09/2026 07:45,Drop,79,sf bay summit,3,11,geo_other
albanygardencoach.com,10/08/2026 07:45,Drop,79,albany garden coach,3,17,geo_other
partnerstennessee.com,10/07/2026 07:45,Drop,79,partners tennessee,2,17,geo_service
beeremovalwisconsin.com,10/07/2026 07:45,Drop,79,bee removal wisconsin,3,19,geo_other
houstonclusters.com,10/09/2026 07:45,Drop,79,houston clusters,2,15,geo_other
saintpetermontgomery.com,10/09/2026 07:45,Drop,79,saint peter montgomery,3,20,geo_other
phoenixecoyard.com,10/07/2026 07:45,Drop,79,phoenix eco yard,3,14,geo_other
alabamalasershows.com,10/07/2026 07:45,Drop,79,alabama laser shows,3,17,geo_other
quickjobcalifornia.com,10/09/2026 07:45,Drop,79,quick job california,3,18,geo_other
trumpforillinois.com,10/07/2026 07:45,Drop,79,trump for illinois,3,16,geo_other
ticketsmasterberlin.com,10/09/2026 07:45,Drop,79,tickets master berlin,3,19,geo_other
aiconsultingtampa.com,10/07/2026 07:45,Drop,79,ai consulting tampa,3,17,geo_other
idahohousingadvocates.com,10/06/2026 07:45,Drop,79,idaho housing advocates,3,21,geo_other
shinesavannah.com,10/09/2026 07:45,Drop,79,shine savannah,2,13,geo_other
washingtonkitchenservices.com,10/07/2026 07:45,Drop,79,washington kitchen services,3,25,geo_service
delawarelanestays.com,10/07/2026 07:45,Drop,79,delaware lane stays,3,17,geo_other
mobileplusgames.com,10/07/2026 07:45,Drop,79,mobile plus games,3,15,geo_other
safercaretexas.com,10/06/2026 07:45,Drop,79,safer care texas,3,14,geo_other
berlincheapflights.com,10/07/2026 07:45,Drop,79,berlin cheap flights,3,18,geo_other
singaporeworldwide.com,10/09/2026 07:45,Drop,79,singapore worldwide,2,18,geo_other
connecticutpoolbuilders.com,10/08/2026 07:45,Drop,79,connecticut pool builders,3,23,geo_service
mobilegreenconnect.com,10/06/2026 07:45,Drop,79,mobile green connect,3,18,geo_other
milwaukeetitleloans.com,10/08/2026 07:45,Drop,79,milwaukee title loans,3,19,geo_other
tampavideoediting.com,10/09/2026 07:45,Drop,79,tampa video editing,3,17,geo_other
weshipidaho.com,10/08/2026 07:45,Drop,79,wes hip idaho,3,11,geo_other
lisasflower.com,10/08/2026 07:45,Drop,79,lisa sf lower,3,11,geo_other
fieldtheoryalaska.com,10/09/2026 07:45,Drop,79,field theory alaska,3,17,geo_other
rockmainefurniture.com,10/09/2026 07:45,Drop,79,rock maine furniture,3,18,geo_other
abelaventures.com,10/06/2026 07:45,Drop,79,abe la ventures,3,13,geo_other
nycdogparade.com,10/09/2026 07:45,Drop,79,nyc dog parade,3,12,geo_other
roadsinvirginia.com,10/09/2026 07:45,Drop,79,road sin virginia,3,15,geo_other
greenpainternorfolk.com,10/08/2026 07:45,Drop,79,green painter norfolk,3,19,geo_service
seattlehealthdoctors.com,10/08/2026 07:45,Drop,79,seattle health doctors,3,20,geo_other
oldriverside.com,10/07/2026 07:45,Drop,79,old riverside,2,12,geo_other
letsphoenix.com,10/08/2026 07:45,Drop,79,lets phoenix,2,11,geo_other
mobilepcgaming.com,10/07/2026 07:45,Drop,79,mobile pc gaming,3,14,geo_other
beeremovalcharlotte.com,10/08/2026 07:45,Drop,79,bee removal charlotte,3,19,geo_other
miamiheatclub.com,10/07/2026 07:45,Drop,79,miami heat club,3,13,geo_service
californiacivillawyers.com,10/06/2026 07:45,Drop,79,california civil lawyers,3,22,geo_service
austininvestmentfirm.com,10/07/2026 07:45,Drop,79,austin investment firm,3,20,geo_other
columbusbatremoval.com,10/09/2026 07:45,Drop,79,columbus bat removal,3,18,geo_other
nashvillelasercompany.com,10/07/2026 07:45,Drop,79,nashville laser company,3,21,geo_service
spinartmanhattan.com,10/06/2026 07:45,Drop,79,spin art manhattan,3,16,geo_other
loveweekparis.com,10/07/2026 07:45,Drop,79,love week paris,3,13,geo_other
wisconsinlasercompany.com,10/07/2026 07:45,Drop,79,wisconsin laser company,3,21,geo_service
drawvancouver.com,10/06/2026 07:45,Drop,79,draw vancouver,2,13,geo_other
torontoislam.com,10/06/2026 07:45,Drop,79,toronto islam,2,12,geo_other
joblajobs.com,10/09/2026 07:45,Drop,79,job la jobs,3,9,geo_other
bostondailygrind.com,10/07/2026 07:45,Drop,79,boston daily grind,3,16,geo_other
southbostongreen.com,10/06/2026 07:45,Drop,79,south boston green,3,16,geo_other
dallasnextgen.com,10/07/2026 07:45,Drop,79,dallas next gen,3,13,geo_other
portlandbusinesslist.com,10/08/2026 07:45,Drop,79,portland business list,3,20,geo_other
spinartmiami.com,10/06/2026 07:45,Drop,79,spin art miami,3,12,geo_other
edmontonsignguy.com,10/07/2026 07:45,Drop,79,edmonton sign guy,3,15,geo_other
londoncollectionsmen.com,10/09/2026 07:45,Drop,79,london collections men,3,20,geo_other
washingtoncrimson.com,10/06/2026 07:45,Drop,79,washington crimson,2,17,geo_other
kansasmedicalcenter.com,10/06/2026 07:45,Drop,79,kansas medical center,3,19,geo_service
lapierrework.com,10/07/2026 07:45,Drop,79,la pierre work,3,12,geo_other
blumyparis.com,10/08/2026 07:45,Drop,79,blu my paris,3,10,geo_other
cdsmobiledetailing.com,10/09/2026 07:45,Drop,79,cds mobile detailing,3,18,geo_other
highqueens.com,10/09/2026 07:45,Drop,79,high queens,2,10,geo_other
indianaknee.com,10/08/2026 07:45,Drop,79,indiana knee,2,11,geo_other
sfwebtv.com,10/07/2026 07:45,Drop,79,sf web tv,3,7,geo_other
gokentuckygo.com,10/09/2026 07:45,Drop,79,go kentucky go,3,12,geo_other
denverartworkimaging.com,10/06/2026 07:45,Drop,79,denver artwork imaging,3,20,geo_other
coastaldiagnosticla.com,10/08/2026 07:45,Drop,79,coastal diagnostic la,3,19,geo_other
yourfloridainn.com,10/06/2026 07:45,Drop,79,your florida inn,3,14,geo_other
lavistaprojects.com,10/08/2026 07:45,Drop,79,la vista projects,3,15,geo_other
portlandspoke.com,10/08/2026 07:45,Drop,79,portland spoke,2,13,geo_other
callmichiganfinancial.com,10/06/2026 07:45,Drop,79,call michigan financial,3,21,geo_other
kentuckyvideotours.com,10/06/2026 07:45,Drop,79,kentucky video tours,3,18,geo_service
londonmedicalhub.com,10/08/2026 07:45,Drop,79,london medical hub,3,16,geo_service
texaslogicpro.com,10/07/2026 07:45,Drop,79,texas logic pro,3,13,geo_service
holidayballetdenver.com,10/06/2026 07:45,Drop,79,holiday ballet denver,3,19,geo_other
brisbanecurtains.com,10/06/2026 07:45,Drop,79,brisbane curtains,2,16,geo_other
streetshinemobile.com,10/09/2026 07:45,Drop,79,street shine mobile,3,17,geo_other
georgiapipeline.com,10/08/2026 07:45,Drop,79,georgia pipeline,2,15,geo_other
columbiaisrael.com,10/09/2026 07:45,Drop,79,columbia israel,2,14,geo_other
traildogsmiami.com,10/09/2026 07:45,Drop,79,trail dogs miami,3,14,geo_other
prlabenefit.com,10/08/2026 07:45,Drop,79,pr la benefit,3,11,geo_other
soundlabnyc.com,10/08/2026 07:45,Drop,79,sound lab nyc,3,11,geo_other
missourilasershows.com,10/07/2026 07:45,Drop,79,missouri laser shows,3,18,geo_other
jacobgroupnyc.com,10/09/2026 07:45,Drop,79,jacob group nyc,3,13,geo_service
lapineofficial.com,10/07/2026 07:45,Drop,79,la pine official,3,14,geo_other
lanewsstation.com,10/08/2026 07:45,Drop,79,la news station,3,13,geo_other
floridametropolitan.com,10/07/2026 07:45,Drop,79,florida metropolitan,2,19,geo_other
singaporecivillitigation.com,10/09/2026 07:45,Drop,79,singapore civil litigation,3,24,geo_other
pittsburghpropertydeals.com,10/09/2026 07:45,Drop,79,pittsburgh property deals,3,23,geo_other
charlottesearchassociates.com,10/08/2026 07:45,Drop,79,charlotte search associates,3,25,geo_other
kansaslasershows.com,10/07/2026 07:45,Drop,79,kansas laser shows,3,16,geo_other
healsidealaska.com,10/07/2026 07:45,Drop,79,heal side alaska,3,14,geo_other
chloeannla.com,10/08/2026 07:45,Drop,79,chloe ann la,3,10,geo_other
floridabestrates.com,10/08/2026 07:45,Drop,79,florida best rates,3,16,geo_other
twinaurora.com,10/06/2026 07:45,Drop,79,twin aurora,2,10,geo_other
guardianseattle.com,10/09/2026 07:45,Drop,79,guardian seattle,2,15,geo_other
providencegirls.com,10/07/2026 07:45,Drop,79,providence girls,2,15,geo_other
georgiakitchenservices.com,10/07/2026 07:45,Drop,79,georgia kitchen services,3,22,geo_service
quickjobvirginia.com,10/09/2026 07:45,Drop,79,quick job virginia,3,16,geo_other
jumperthailand.com,10/09/2026 07:45,Drop,79,jumper thailand,2,14,geo_other
livelegendsdenver.com,10/06/2026 07:45,Drop,79,live legends denver,3,17,geo_other
californiacopywriting.com,10/06/2026 07:45,Drop,79,california copy writing,3,21,geo_other
montanatoolco.com,10/08/2026 07:45,Drop,79,montana tool co,3,13,geo_service
dubaiholidaysonline.com,10/08/2026 07:45,Drop,79,dubai holidays online,3,19,geo_service
wyomingstone.com,10/09/2026 07:45,Drop,79,wyoming stone,2,12,geo_service
privateyachtflorida.com,10/07/2026 07:45,Drop,79,private yacht florida,3,19,geo_other
seattlelasershows.com,10/07/2026 07:45,Drop,79,seattle laser shows,3,17,geo_other
telluschicago.com,10/09/2026 07:45,Drop,79,tell us chicago,3,13,geo_other
republicinsurancehouston.com,10/08/2026 07:45,Drop,79,republic insurance houston,3,24,geo_service
nashvillejourneys.com,10/09/2026 07:45,Drop,79,nashville journeys,2,17,geo_other
springfieldpaperonline.com,10/07/2026 07:45,Drop,79,springfield paper online,3,22,geo_service
deeperthenruin.com,10/09/2026 07:45,Drop,79,deeper then ruin,3,14,geo_other
seattleimages.com,10/06/2026 07:45,Drop,79,seattle images,2,13,geo_other
sydneydrums.com,10/06/2026 07:45,Drop,79,sydney drums,2,11,geo_other
chicagocorn.com,10/06/2026 07:45,Drop,79,chicago corn,2,11,geo_other
georgiamountainvisitor.com,10/06/2026 07:45,Drop,79,georgia mountain visitor,3,22,geo_other
norfolkgas.com,10/06/2026 07:45,Drop,79,norfolk gas,2,10,geo_other
mobilebarstartup.com,10/08/2026 07:45,Drop,79,mobile bar startup,3,16,geo_other
ourfloridalodge.com,10/06/2026 07:45,Drop,79,our florida lodge,3,15,geo_other
irvingbuilder.com,10/07/2026 07:45,Drop,79,irving builder,2,13,geo_service
parkersf.com,10/09/2026 07:45,Drop,79,parker sf,2,8,geo_other
budgetnewark.com,10/06/2026 07:45,Drop,79,budget newark,2,12,geo_other
bouldernerdexpo.com,10/08/2026 07:45,Drop,79,boulder nerd expo,3,15,geo_other
columbiamarineworks.com,10/08/2026 07:45,Drop,79,columbia marine works,3,19,geo_service
newarkchristianregional.com,10/08/2026 07:45,Drop,79,newark christian regional,3,23,geo_other
seniorcareohio.com,10/07/2026 07:45,Drop,79,senior care ohio,3,14,geo_other
benchberlin.com,10/08/2026 07:45,Drop,79,bench berlin,2,11,geo_other
afcohio.com,10/08/2026 07:45,Drop,79,afc ohio,2,7,geo_other
floridalendingservices.com,10/07/2026 07:45,Drop,79,florida lending services,3,22,geo_service
johnrichmondmode.com,10/06/2026 07:45,Drop,79,john richmond mode,3,16,geo_other
clearbeammobile.com,10/08/2026 07:45,Drop,79,clear beam mobile,3,15,geo_other
discountmattresshouston.com,10/09/2026 07:45,Drop,79,discount mattress houston,3,23,geo_other
connecticutlasershows.com,10/07/2026 07:45,Drop,79,connecticut laser shows,3,21,geo_other
drugrehabfargo.com,10/08/2026 07:45,Drop,79,drug rehab fargo,3,14,geo_service
futurefamilyla.com,10/08/2026 07:45,Drop,79,future family la,3,14,geo_other
nashvilledrumco.com,10/07/2026 07:45,Drop,79,nashville drum co,3,15,geo_service
parisboydart.com,10/08/2026 07:45,Drop,79,paris boyd art,3,12,geo_other
singaporeobserver.com,10/08/2026 07:45,Drop,79,singapore observer,2,17,geo_other
nashvilleinvestorworkshop.com,10/07/2026 07:45,Drop,79,nashville investor workshop,3,25,geo_other
samaurora.com,10/09/2026 07:45,Drop,79,sam aurora,2,9,geo_other
novemberfromparis.com,10/09/2026 07:45,Drop,79,november from paris,3,17,geo_other
miamimedicaldevices.com,10/06/2026 07:45,Drop,79,miami medical devices,3,19,geo_other
riversideaffiliates.com,10/09/2026 07:45,Drop,79,riverside affiliates,2,19,geo_other
houstongassales.com,10/07/2026 07:45,Drop,79,houston gas sales,3,15,geo_other
indianadrivingschool.com,10/06/2026 07:45,Drop,79,indiana driving school,3,20,geo_other
berlinbrainlab.com,10/08/2026 07:45,Drop,79,berlin brain lab,3,14,geo_other
spinartrochester.com,10/06/2026 07:45,Drop,79,spin art rochester,3,16,geo_other
jacksonsethdesigns.com,10/09/2026 07:45,Drop,79,jackson seth designs,3,18,geo_other
dubailunch.com,10/08/2026 07:45,Drop,79,dubai lunch,2,10,geo_other
oregontrafficcontrol.com,10/09/2026 07:45,Drop,79,oregon traffic control,3,20,geo_other
eyedoctorsphoenix.com,10/09/2026 07:45,Drop,79,eye doctors phoenix,3,17,geo_other
milwaukeegunsmith.com,10/07/2026 07:45,Drop,79,milwaukee gun smith,3,17,geo_other
virginiadelsol.com,10/09/2026 07:45,Drop,79,virginia del sol,3,14,geo_other
irvingsharetank.com,10/07/2026 07:45,Drop,79,irving share tank,3,15,geo_other
thephoenixplayers.com,10/07/2026 07:45,Drop,79,the phoenix players,3,17,geo_other
adrianlavilla.com,10/08/2026 07:45,Drop,79,adrian la villa,3,13,geo_other
hallacademygeorgia.com,10/06/2026 07:45,Drop,79,hall academy georgia,3,18,geo_other
modelalab.com,10/08/2026 07:45,Drop,79,mode la lab,3,9,geo_other
texasfishinggear.com,10/07/2026 07:45,Drop,79,texas fishing gear,3,16,geo_other
brooklynbeast.com,10/09/2026 07:45,Drop,79,brooklyn beast,2,13,geo_other
jacksonandolivia.com,10/07/2026 07:45,Drop,79,jackson and olivia,3,16,geo_other
bostonurbanliving.com,10/08/2026 07:45,Drop,79,boston urban living,3,17,geo_other
lavillabrussels.com,10/09/2026 07:45,Drop,79,la villa brussels,3,15,geo_other
charlestonweddingguy.com,10/09/2026 07:45,Drop,79,charleston wedding guy,3,20,geo_service
safegoldsf.com,10/08/2026 07:45,Drop,79,safe gold sf,3,10,geo_other
thehookorlando.com,10/06/2026 07:45,Drop,79,the hook orlando,3,14,geo_other
illinoisvideoediting.com,10/09/2026 07:45,Drop,79,illinois video editing,3,20,geo_other
montgomerymaterials.com,10/08/2026 07:45,Drop,79,montgomery materials,2,19,geo_other
orlandoreign.com,10/06/2026 07:45,Drop,79,orlando reign,2,12,geo_other
vancouveraesthetic.com,10/08/2026 07:45,Drop,79,vancouver aesthetic,2,18,geo_other
spokendubai.com,10/09/2026 07:45,Drop,79,spoken dubai,2,11,geo_other
vermontlasershows.com,10/07/2026 07:45,Drop,79,vermont laser shows,3,17,geo_other
hiltonhotelsydney.com,10/09/2026 07:45,Drop,79,hilton hotel sydney,3,17,geo_service
laspare.com,10/08/2026 07:45,Drop,79,la spare,2,7,geo_other
buffaloisle.com,10/06/2026 07:45,Drop,79,buffalo isle,2,11,geo_other
trafficticketflorida.com,10/07/2026 07:45,Drop,79,traffic ticket florida,3,20,geo_other
austininformed.com,10/09/2026 07:45,Drop,79,austin informed,2,14,geo_other
ourfloridainn.com,10/06/2026 07:45,Drop,79,our florida inn,3,13,geo_other
nevadalasercompany.com,10/07/2026 07:45,Drop,79,nevada laser company,3,18,geo_service
centralgeorgiaradiation.com,10/08/2026 07:45,Drop,79,central georgia radiation,3,23,geo_other
delawareohioevents.com,10/07/2026 07:45,Drop,79,delaware ohio events,3,18,geo_other
themobileunit.com,10/06/2026 07:45,Drop,79,the mobile unit,3,13,geo_other
louisvillecooling.com,10/09/2026 07:45,Drop,79,louisville cooling,2,17,geo_service
texasdoubleclose.com,10/09/2026 07:45,Drop,79,texas double close,3,16,geo_other
teamstrivedubai.com,10/08/2026 07:45,Drop,79,team strive dubai,3,15,geo_service
jobsitemobile.com,10/08/2026 07:45,Drop,79,job site mobile,3,13,geo_other
collacalm.com,10/08/2026 07:45,Drop,79,col la calm,3,9,geo_other
quickjobflorida.com,10/09/2026 07:45,Drop,79,quick job florida,3,15,geo_other
portlandfinancialplanning.com,10/07/2026 07:45,Drop,79,portland financial planning,3,25,geo_other
detroitcitysnacks.com,10/07/2026 07:45,Drop,79,detroit city snacks,3,17,geo_other
chicagopodcastchannel.com,10/09/2026 07:45,Drop,79,chicago podcast channel,3,21,geo_other
medicalcardhawaii.com,10/06/2026 07:45,Drop,79,medical card hawaii,3,17,geo_other
dougbendall.com,10/07/2026 07:45,Drop,79,doug bend all,3,11,geo_other
queensbasketball.com,10/06/2026 07:45,Drop,79,queens basketball,2,16,geo_other
jerseyandshorts.com,10/07/2026 07:45,Drop,79,jersey and shorts,3,15,geo_other
feelwyoming.com,10/09/2026 07:45,Drop,79,feel wyoming,2,11,geo_other
littlephoenixpress.com,10/09/2026 07:45,Drop,79,little phoenix press,3,18,geo_other
faintlondon.com,10/07/2026 07:45,Drop,79,faint london,2,11,geo_other
sfbeautyinstitute.com,10/07/2026 07:45,Drop,79,sf beauty institute,3,17,geo_other
partnersdenver.com,10/07/2026 07:45,Drop,79,partners denver,2,14,geo_service
myfloridalodge.com,10/06/2026 07:45,Drop,79,my florida lodge,3,14,geo_other
premierpoolsnaples.com,10/07/2026 07:45,Drop,79,premier pools naples,3,18,geo_service
millnyc.com,10/06/2026 07:45,Drop,79,mill nyc,2,7,geo_other
oregontrailrun.com,10/07/2026 07:45,Drop,79,oregon trail run,3,14,geo_other
auroracodes.com,10/07/2026 07:45,Drop,79,aurora codes,2,11,geo_other
lafullerlandscapes.com,10/06/2026 07:45,Drop,79,la fuller landscapes,3,18,geo_other
moveforflorida.com,10/07/2026 07:45,Drop,79,move for florida,3,14,geo_other
fixitmaine.com,10/07/2026 07:45,Drop,79,fix it maine,3,10,geo_other
marketingagencyutah.com,10/09/2026 07:45,Drop,79,marketing agency utah,3,19,geo_other
virginiashowermasters.com,10/07/2026 07:45,Drop,79,virginia shower masters,3,21,geo_other
buildtorontohomes.com,10/07/2026 07:45,Drop,79,build toronto homes,3,17,geo_service
chandlermlshomes.com,10/09/2026 07:45,Drop,79,chandler mls homes,3,16,geo_service
denverflipproperties.com,10/08/2026 07:45,Drop,79,denver flip properties,3,20,geo_other
chicagonewsstation.com,10/09/2026 07:45,Drop,79,chicago news station,3,18,geo_other
sanctuarytexasproject.com,10/08/2026 07:45,Drop,79,sanctuary texas project,3,21,geo_other
miniaurora.com,10/07/2026 07:45,Drop,79,mini aurora,2,10,geo_other
louisvillelasershows.com,10/07/2026 07:45,Drop,79,louisville laser shows,3,20,geo_other
aimobileinvestigator.com,10/08/2026 07:45,Drop,79,ai mobile investigator,3,20,geo_other
houstonaffordabledivorce.com,10/06/2026 07:45,Drop,79,houston affordable divorce,3,24,geo_other
southindianahomes.com,10/07/2026 07:45,Drop,79,south indiana homes,3,17,geo_service
myfloridacoast.com,10/07/2026 07:45,Drop,79,my florida coast,3,14,geo_other
servicemastermilwaukee.com,10/07/2026 07:45,Drop,79,service master milwaukee,3,22,geo_service
minnesotajulia.com,10/08/2026 07:45,Drop,79,minnesota julia,2,14,geo_other
aiminneapolis.com,10/06/2026 07:45,Drop,79,ai minneapolis,2,13,geo_other
gallagardens.com,10/08/2026 07:45,Drop,79,gal la gardens,3,12,geo_other
marylandlasershows.com,10/07/2026 07:45,Drop,79,maryland laser shows,3,18,geo_other
hawaiilasercompany.com,10/07/2026 07:45,Drop,79,hawaii laser company,3,18,geo_service
shoplilylondon.com,10/09/2026 07:45,Drop,79,shop lily london,3,14,geo_service
virginiaseals.com,10/07/2026 07:45,Drop,79,virginia seals,2,13,geo_other
seanforvirginia.com,10/07/2026 07:45,Drop,79,sean for virginia,3,15,geo_other
safestoragemobile.com,10/09/2026 07:45,Drop,79,safe storage mobile,3,17,geo_service
houstontotallistings.com,10/07/2026 07:45,Drop,79,houston total listings,3,20,geo_other
friendlycomputersla.com,10/07/2026 07:45,Drop,79,friendly computers la,3,19,geo_other
blackoakidaho.com,10/07/2026 07:45,Drop,79,black oak idaho,3,13,geo_other
boulderingasia.com,10/09/2026 07:45,Drop,79,boulder ing asia,3,14,geo_other
twistedcalifornia.com,10/06/2026 07:45,Drop,79,twisted california,2,17,geo_other
pittsburghroyalcoach.com,10/06/2026 07:45,Drop,79,pittsburgh royal coach,3,20,geo_other
seattlevideoediting.com,10/09/2026 07:45,Drop,79,seattle video editing,3,19,geo_other
fourthjersey.com,10/08/2026 07:45,Drop,79,fourth jersey,2,12,geo_other
nashvillebootcamps.com,10/06/2026 07:45,Drop,79,nashville boot camps,3,18,geo_other
ontariofuneralprices.com,10/07/2026 07:45,Drop,79,ontario funeral prices,3,20,geo_other
christmasrockdenver.com,10/06/2026 07:45,Drop,79,christmas rock denver,3,19,geo_other
pharmacywashington.com,10/09/2026 07:45,Drop,79,pharmacy washington,2,18,geo_other
miamiwebsitecreator.com,10/09/2026 07:45,Drop,79,miami website creator,3,19,geo_other
tennesseewell.com,10/08/2026 07:45,Drop,79,tennessee well,2,13,geo_other
californiadead.com,10/09/2026 07:45,Drop,79,california dead,2,14,geo_other
sugarlandportal.com,10/06/2026 07:45,Drop,79,sugar land portal,3,15,geo_other
hollywoodstrike.com,10/09/2026 07:45,Drop,79,hollywood strike,2,15,geo_other
rochestergolfcars.com,10/09/2026 07:45,Drop,79,rochester golf cars,3,17,geo_other
memphislasercompany.com,10/07/2026 07:45,Drop,79,memphis laser company,3,19,geo_service
nashvillebrewguide.com,10/07/2026 07:45,Drop,79,nashville brew guide,3,18,geo_other
oregonbasscamp.com,10/09/2026 07:45,Drop,79,oregon bass camp,3,14,geo_other
marylandheightsinsurance.com,10/09/2026 07:45,Drop,79,maryland heights insurance,3,24,geo_service
louisianalasershows.com,10/07/2026 07:45,Drop,79,louisiana laser shows,3,19,geo_other
houstonhealthconsultant.com,10/07/2026 07:45,Drop,79,houston health consultant,3,23,geo_other
memphishonor.com,10/08/2026 07:45,Drop,79,memphis honor,2,12,geo_other
sydneyloop.com,10/09/2026 07:45,Drop,79,sydney loop,2,10,geo_other
londonbarhire.com,10/06/2026 07:45,Drop,79,london bar hire,3,13,geo_other
northidahogardens.com,10/06/2026 07:45,Drop,79,north idaho gardens,3,17,geo_other
carwashottawa.com,10/08/2026 07:45,Drop,79,car wash ottawa,3,13,geo_other
virginialynnkerr.com,10/06/2026 07:45,Drop,79,virginia lynn kerr,3,16,geo_other
texasluxurylandscapes.com,10/06/2026 07:45,Drop,79,texas luxury landscapes,3,21,geo_other
auroraflip.com,10/08/2026 07:45,Drop,79,aurora flip,2,10,geo_other
laranish.com,10/06/2026 07:45,Drop,79,la ran ish,3,8,geo_other
memphisbloom.com,10/08/2026 07:45,Drop,79,memphis bloom,2,12,geo_other
visitgeorgiamountains.com,10/06/2026 07:45,Drop,79,visit georgia mountains,3,21,geo_other
minneapolislasercompany.com,10/07/2026 07:45,Drop,79,minneapolis laser company,3,23,geo_service
denvernerdexpo.com,10/08/2026 07:45,Drop,79,denver nerd expo,3,14,geo_other
virginiaandmatthew.com,10/09/2026 07:45,Drop,79,virginia and matthew,3,18,geo_other
privateyachthawaii.com,10/07/2026 07:45,Drop,79,private yacht hawaii,3,18,geo_other
kansasfamilyattorneys.com,10/08/2026 07:45,Drop,79,kansas family attorneys,3,21,geo_service
itsupportmaryland.com,10/09/2026 07:45,Drop,79,it support maryland,3,17,geo_other
miamitradingzones.com,10/09/2026 07:45,Drop,79,miami trading zones,3,17,geo_other
gofloridahouse.com,10/06/2026 07:45,Drop,79,go florida house,3,14,geo_service
buffaloshareholdings.com,10/08/2026 07:45,Drop,79,buffalo share holdings,3,20,geo_other
partnerstampa.com,10/07/2026 07:45,Drop,79,partners tampa,2,13,geo_service
weatheralabama.com,10/09/2026 07:45,Drop,79,weather alabama,2,14,geo_other
apartmentsrenthouston.com,10/06/2026 07:45,Drop,79,apartments rent houston,3,21,geo_other
legacylondonwear.com,10/09/2026 07:45,Drop,79,legacy london wear,3,16,geo_other
virginialasershows.com,10/07/2026 07:45,Drop,79,virginia laser shows,3,18,geo_other
motorcoachflorida.com,10/07/2026 07:45,Drop,79,motor coach florida,3,17,geo_other
summerlivedenver.com,10/06/2026 07:45,Drop,79,summer live denver,3,16,geo_other
mobilecoolzone.com,10/08/2026 07:45,Drop,79,mobile cool zone,3,14,geo_other
misslondonevent.com,10/08/2026 07:45,Drop,79,miss london event,3,15,geo_other
salemvalleyhigh.com,10/09/2026 07:45,Drop,79,salem valley high,3,15,geo_other
homeinspectiondurham.com,10/09/2026 07:45,Drop,79,home inspection durham,3,20,geo_service
phoenixcapitalblog.com,10/07/2026 07:45,Drop,79,phoenix capital blog,3,18,geo_other
alcoholrehabdelaware.com,10/06/2026 07:45,Drop,79,alcohol rehab delaware,3,20,geo_service
denvervideoediting.com,10/09/2026 07:45,Drop,79,denver video editing,3,18,geo_other
kentuckylasercompany.com,10/07/2026 07:45,Drop,79,kentucky laser company,3,20,geo_service
quickjobillinois.com,10/09/2026 07:45,Drop,79,quick job illinois,3,16,geo_other
lincolnread.com,10/07/2026 07:45,Drop,79,lincoln read,2,11,geo_other
mainelifestyle.com,10/07/2026 07:45,Drop,79,maine lifestyle,2,14,geo_other
alaskamoney.com,10/06/2026 07:45,Drop,79,alaska money,2,11,geo_other
pittsburghwindowcleaner.com,10/06/2026 07:45,Drop,79,pittsburgh window cleaner,3,23,geo_service
northvancouversecurity.com,10/06/2026 07:45,Drop,79,north vancouver security,3,22,geo_other
labingsoo.com,10/08/2026 07:45,Drop,79,la bing soo,3,9,geo_other
bostonstructuralengineer.com,10/08/2026 07:45,Drop,79,boston structural engineer,3,24,geo_other
casinoonlineontario.com,10/06/2026 07:45,Drop,79,casino online ontario,3,19,geo_service
bangaloresocialnyc.com,10/08/2026 07:45,Drop,79,bangalore social nyc,3,18,geo_other
latelunchnyc.com,10/09/2026 07:45,Drop,79,late lunch nyc,3,12,geo_other
denverhandmade.com,10/08/2026 07:45,Drop,79,denver handmade,2,14,geo_other
squareoneomaha.com,10/06/2026 07:45,Drop,79,square one omaha,3,14,geo_other
secretbrooklyn.com,10/09/2026 07:45,Drop,79,secret brooklyn,2,14,geo_other
texastaxtruth.com,10/07/2026 07:45,Drop,79,texas tax truth,3,13,geo_service
miletonesflorida.com,10/06/2026 07:45,Drop,79,mile tones florida,3,16,geo_other
venturejerseyshore.com,10/06/2026 07:45,Drop,79,venture jersey shore,3,18,geo_other
chicagocouponbook.com,10/08/2026 07:45,Drop,79,chicago coupon book,3,17,geo_other
bostonvideoediting.com,10/09/2026 07:45,Drop,79,boston video editing,3,18,geo_other
lanovavilla.com,10/09/2026 07:45,Drop,79,la nova villa,3,11,geo_other
newbuyla.com,10/07/2026 07:45,Drop,79,new buy la,3,8,geo_other
selfdefensecharleston.com,10/06/2026 07:45,Drop,79,self defense charleston,3,21,geo_other
debtconsolidationchicago.com,10/08/2026 07:45,Drop,79,debt consolidation chicago,3,24,geo_other
hangfiretexas.com,10/09/2026 07:45,Drop,79,hang fire texas,3,13,geo_other
virginiatourstravel.com,10/09/2026 07:45,Drop,79,virginia tours travel,3,19,geo_service
brushla.com,10/06/2026 07:45,Drop,79,brush la,2,7,geo_other
mobilestops.com,10/09/2026 07:45,Drop,79,mobile stops,2,11,geo_other
telephonesystemhouston.com,10/07/2026 07:45,Drop,79,telephone system houston,3,22,geo_other
thirstybuffalobeer.com,10/06/2026 07:45,Drop,79,thirsty buffalo beer,3,18,geo_other
barspotla.com,10/07/2026 07:45,Drop,79,bar spot la,3,9,geo_other
jerseygroove.com,10/06/2026 07:45,Drop,79,jersey groove,2,12,geo_other
jacksonsportfitness.com,10/06/2026 07:45,Drop,79,jackson sport fitness,3,19,geo_other
aberdeenmobilemechanic.com,10/09/2026 07:45,Drop,79,aberdeen mobile mechanic,3,22,geo_other
oregonlocations.com,10/08/2026 07:45,Drop,79,oregon locations,2,15,geo_other
hotellashawn.com,10/07/2026 07:45,Drop,79,hotel la shawn,3,12,geo_service
floridahousingmarket.com,10/07/2026 07:45,Drop,79,florida housing market,3,20,geo_service
jacksonoklahoma.com,10/08/2026 07:45,Drop,79,jackson oklahoma,2,15,geo_other
thedubaiwall.com,10/06/2026 07:45,Drop,79,the dubai wall,3,12,geo_other
idahomountains.com,10/06/2026 07:45,Drop,79,idaho mountains,2,14,geo_other
boutdoorsalaska.com,10/07/2026 07:45,Drop,79,bout doors alaska,3,15,geo_service
thomastaylormanchester.com,10/08/2026 07:45,Drop,79,thomas taylor manchester,3,22,geo_other
smartfloridamarketing.com,10/06/2026 07:45,Drop,79,smart florida marketing,3,21,geo_other
mobilecarsdetails.com,10/09/2026 07:45,Drop,79,mobile cars details,3,17,geo_other
savannahcustomapparel.com,10/08/2026 07:45,Drop,79,savannah custom apparel,3,21,geo_other
farmersorlando.com,10/08/2026 07:45,Drop,79,farmers orlando,2,14,geo_other
automobileglasses.com,10/07/2026 07:45,Drop,79,automobile glasses,2,17,geo_other
legalhelpbaltimore.com,10/09/2026 07:45,Drop,79,legal help baltimore,3,18,geo_service
greaterkentucky.com,10/09/2026 07:45,Drop,79,greater kentucky,2,15,geo_other
phoenixcarshipping.com,10/08/2026 07:45,Drop,79,phoenix car shipping,3,18,geo_other
mydicksjersey.com,10/09/2026 07:45,Drop,79,my dicks jersey,3,13,geo_other
ourrealportland.com,10/09/2026 07:45,Drop,79,our real portland,3,15,geo_other
chicagowisdomteeth.com,10/07/2026 07:45,Drop,79,chicago wisdom teeth,3,18,geo_other
wardforaustin.com,10/07/2026 07:45,Drop,79,ward for austin,3,13,geo_other
massachusettspiano.com,10/09/2026 07:45,Drop,79,massachusetts piano,2,18,geo_other
tylerdurhamofficial.com,10/09/2026 07:45,Drop,79,tyler durham official,3,19,geo_other
spinartbirmingham.com,10/06/2026 07:45,Drop,79,spin art birmingham,3,17,geo_other
torontomaterialhandling.com,10/08/2026 07:45,Drop,79,toronto material handling,3,23,geo_other
thehoustonpod.com,10/07/2026 07:45,Drop,79,the houston pod,3,13,geo_other
providencebusinessfunding.com,10/09/2026 07:45,Drop,79,providence business funding,3,25,geo_other
mobilesensoryrooms.com,10/08/2026 07:45,Drop,79,mobile sensory rooms,3,18,geo_other
oklahomamarijuanabond.com,10/06/2026 07:45,Drop,79,oklahoma marijuana bond,3,21,geo_other
dragonautomobiledetailing.com,10/09/2026 07:45,Drop,79,dragon automobile detailing,3,25,geo_other
wisconsintutor.com,10/07/2026 07:45,Drop,79,wisconsin tutor,2,14,geo_other
lostandcalifornia.com,10/07/2026 07:45,Drop,79,lost and california,3,17,geo_other
dubaipublic.com,10/08/2026 07:45,Drop,79,dubai public,2,11,geo_other
texastrumpshirts.com,10/06/2026 07:45,Drop,79,texas trump shirts,3,16,geo_other
brisbanebees.com,10/07/2026 07:45,Drop,79,brisbane bees,2,12,geo_other
incomedubai.com,10/09/2026 07:45,Drop,79,income dubai,2,11,geo_other
skiutahshuttle.com,10/07/2026 07:45,Drop,79,ski utah shuttle,3,14,geo_other
utahburgers.com,10/09/2026 07:45,Drop,79,utah burgers,2,11,geo_other
chicagomediatech.com,10/09/2026 07:45,Drop,79,chicago media tech,3,16,geo_service
moldinspectionorlando.com,10/08/2026 07:45,Drop,79,mold inspection orlando,3,21,geo_service
spinartdurham.com,10/06/2026 07:45,Drop,79,spin art durham,3,13,geo_other
itstayla.com,10/09/2026 07:45,Drop,79,it stay la,3,8,geo_other
denverwineschool.com,10/09/2026 07:45,Drop,79,denver wine school,3,16,geo_other
homescapehawaii.com,10/06/2026 07:45,Drop,79,homes cape hawaii,3,15,geo_service
ohiolasershows.com,10/07/2026 07:45,Drop,79,ohio laser shows,3,14,geo_other
worldarizona.com,10/06/2026 07:45,Drop,79,world arizona,2,12,geo_service
texasbellehomes.com,10/06/2026 07:45,Drop,79,texas belle homes,3,15,geo_service
durhampos.com,10/08/2026 07:45,Drop,79,durham pos,2,9,geo_other
movingrichmond.com,10/09/2026 07:45,Drop,79,moving richmond,2,14,geo_service
milktoothlondon.com,10/07/2026 07:45,Drop,79,milk tooth london,3,15,geo_other
madisonlakessleep.com,10/06/2026 07:45,Drop,79,madison lakes sleep,3,17,geo_other
dubailabgrown.com,10/06/2026 07:45,Drop,79,dubai lab grown,3,13,geo_other
virtualkeyla.com,10/09/2026 07:45,Drop,79,virtual key la,3,12,geo_other
kentuckyraiseddesigns.com,10/08/2026 07:45,Drop,79,kentucky raised designs,3,21,geo_other
dubaicomfort.com,10/08/2026 07:45,Drop,79,dubai comfort,2,12,geo_other
pittsburghjewishdirectory.com,10/07/2026 07:45,Drop,79,pittsburgh jewish directory,3,25,geo_other
hollydaysdenver.com,10/08/2026 07:45,Drop,79,holly days denver,3,15,geo_other
seoagencyoregon.com,10/07/2026 07:45,Drop,79,seo agency oregon,3,15,geo_other
stickerstationhouston.com,10/09/2026 07:45,Drop,79,sticker station houston,3,21,geo_other
onehitchicago.com,10/07/2026 07:45,Drop,79,one hit chicago,3,13,geo_other
austinlasershows.com,10/07/2026 07:45,Drop,79,austin laser shows,3,16,geo_other
londongravecare.com,10/07/2026 07:45,Drop,79,london grave care,3,15,geo_other
beckyparis.com,10/06/2026 07:45,Drop,79,becky paris,2,10,geo_other
orlandovideoediting.com,10/09/2026 07:45,Drop,79,orlando video editing,3,19,geo_other
khanakala.com,10/09/2026 07:45,Drop,79,khan aka la,3,9,geo_other
phoenixhomeinvestment.com,10/07/2026 07:45,Drop,79,phoenix home investment,3,21,geo_service
letsfindflorida.com,10/07/2026 07:45,Drop,79,lets find florida,3,15,geo_other
alcoholrehabmaine.com,10/06/2026 07:45,Drop,79,alcohol rehab maine,3,17,geo_service
coloradogivingfoundation.com,10/06/2026 07:45,Drop,79,colorado giving foundation,3,24,geo_service
memphislasershows.com,10/07/2026 07:45,Drop,79,memphis laser shows,3,17,geo_other
orderalbanykitchen.com,10/09/2026 07:45,Drop,79,order albany kitchen,3,18,geo_service
columbusspeedingticket.com,10/09/2026 07:45,Drop,79,columbus speeding ticket,3,22,geo_other
torontocards.com,10/09/2026 07:45,Drop,79,toronto cards,2,12,geo_other
leemassachusetts.com,10/09/2026 07:45,Drop,79,lee massachusetts,2,16,geo_other
theeclipsenyc.com,10/06/2026 07:45,Drop,79,the eclipse nyc,3,13,geo_other
arizonaads.com,10/07/2026 07:45,Drop,79,arizona ads,2,10,geo_other
dallaswesternevents.com,10/06/2026 07:45,Drop,79,dallas western events,3,19,geo_other
focusconsultingmiami.com,10/06/2026 07:45,Drop,79,focus consulting miami,3,20,geo_other
thefocusla.com,10/09/2026 07:45,Drop,79,the focus la,3,10,geo_other
experthomequotes.com,10/06/2026 07:45,Drop,79,expert home quotes,3,16,geo_service
chinagardenbuffalo.com,10/07/2026 07:45,Drop,79,china garden buffalo,3,18,geo_other
canadavancouver.com,10/09/2026 07:45,Drop,79,canada vancouver,2,15,geo_other
southportlandinsurance.com,10/09/2026 07:45,Drop,79,south portland insurance,3,22,geo_service
wisconsinkitchenservices.com,10/07/2026 07:45,Drop,79,wisconsin kitchen services,3,24,geo_service
latarai.com,10/08/2026 07:45,Drop,79,la tar ai,3,7,geo_other
restorationexchangeomaha.com,10/06/2026 07:45,Drop,79,restoration exchange omaha,3,24,geo_service
speedclevelanddating.com,10/09/2026 07:45,Drop,79,speed cleveland dating,3,20,geo_other
oklahomathemepark.com,10/08/2026 07:45,Drop,79,oklahoma theme park,3,17,geo_other
nextfixmobile.com,10/09/2026 07:45,Drop,79,next fix mobile,3,13,geo_other
londondailymag.com,10/09/2026 07:45,Drop,79,london daily mag,3,14,geo_other
goflydubai.com,10/09/2026 07:45,Drop,79,go fly dubai,3,10,geo_other
salemlandclearing.com,10/06/2026 07:45,Drop,79,salem land clearing,3,17,geo_other
lansingleashes.com,10/07/2026 07:45,Drop,79,lan single ashes,3,14,geo_other
thriveeasttexas.com,10/09/2026 07:45,Drop,79,thrive east texas,3,15,geo_other
oregonvegetables.com,10/09/2026 07:45,Drop,79,oregon vegetables,2,16,geo_other
bartimeiowa.com,10/06/2026 07:45,Drop,79,bar time iowa,3,11,geo_other
aroundindiana.com,10/09/2026 07:45,Drop,79,around indiana,2,13,geo_other
hollywoodhistoricsites.com,10/06/2026 07:45,Drop,79,hollywood historic sites,3,22,geo_other
coloradomountainski.com,10/06/2026 07:45,Drop,79,colorado mountain ski,3,19,geo_other
tampamovingservices.com,10/09/2026 07:45,Drop,79,tampa moving services,3,19,geo_service
hypekingdomla.com,10/09/2026 07:45,Drop,79,hype kingdom la,3,13,geo_other
countrymusicdenver.com,10/06/2026 07:45,Drop,79,country music denver,3,18,geo_other
dixonmobiledetail.com,10/07/2026 07:45,Drop,79,dixon mobile detail,3,17,geo_other
americamademobile.com,10/08/2026 07:45,Drop,79,america made mobile,3,17,geo_other
supremesafaridubai.com,10/08/2026 07:45,Drop,79,supreme safari dubai,3,18,geo_other
harborviewbaltimore.com,10/07/2026 07:45,Drop,79,harbor view baltimore,3,19,geo_other
votejohnjackson.com,10/07/2026 07:45,Drop,79,vote john jackson,3,15,geo_other
partnerscharlotte.com,10/07/2026 07:45,Drop,79,partners charlotte,2,17,geo_service
chicagohomeagent.com,10/06/2026 07:45,Drop,79,chicago home agent,3,16,geo_service
northpittsburghbmw.com,10/06/2026 07:45,Drop,79,north pittsburgh bmw,3,18,geo_other
denversecrets.com,10/08/2026 07:45,Drop,79,denver secrets,2,13,geo_other
montgomerythink.com,10/06/2026 07:45,Drop,79,montgomery think,2,15,geo_other
sharoncarson.com,10/07/2026 07:45,Drop,79,sharon carson,2,12,geo_other
eldercarenebraska.com,10/06/2026 07:45,Drop,79,elder care nebraska,3,17,geo_other
houstonfarmdelivery.com,10/07/2026 07:45,Drop,79,houston farm delivery,3,19,geo_other
davidparisconsulting.com,10/06/2026 07:45,Drop,79,david paris consulting,3,20,geo_other
viralqueens.com,10/08/2026 07:45,Drop,79,viral queens,2,11,geo_other
columbusscrap.com,10/08/2026 07:45,Drop,79,columbus scrap,2,13,geo_other
montanaautosalvage.com,10/08/2026 07:45,Drop,79,montana auto salvage,3,18,geo_service
madcityaustin.com,10/06/2026 07:45,Drop,79,mad city austin,3,13,geo_other
atlantacraneservice.com,10/06/2026 07:45,Drop,79,atlanta crane service,3,19,geo_service
californialovingwill.com,10/08/2026 07:45,Drop,79,california loving will,3,20,geo_other
londonpropertyinvesting.com,10/08/2026 07:45,Drop,79,london property investing,3,23,geo_other
solarcaliforniasavings.com,10/07/2026 07:45,Drop,79,solar california savings,3,22,geo_service
ohiostars.com,10/09/2026 07:45,Drop,79,ohio stars,2,9,geo_other
spinartvancouver.com,10/06/2026 07:45,Drop,79,spin art vancouver,3,16,geo_other
weshipcalifornia.com,10/08/2026 07:45,Drop,79,wes hip california,3,16,geo_other
mississippiappealslawyers.com,10/06/2026 07:45,Drop,79,mississippi appeals lawyers,3,25,geo_service
baltimorelasercompany.com,10/07/2026 07:45,Drop,79,baltimore laser company,3,21,geo_service
harbourfronttoronto.com,10/07/2026 07:45,Drop,79,harbour front toronto,3,19,geo_other
vancouvertreeservices.com,10/09/2026 07:45,Drop,79,vancouver tree services,3,21,geo_service
miamiwaterwell.com,10/06/2026 07:45,Drop,79,miami water well,3,14,geo_service
cozymemphis.com,10/08/2026 07:45,Drop,79,cozy memphis,2,11,geo_other
mobiledataai.com,10/07/2026 07:45,Drop,79,mobile data ai,3,12,geo_other
loweralabamadevelopers.com,10/07/2026 07:45,Drop,79,lower alabama developers,3,22,geo_other
homeinspectionshawaii.com,10/09/2026 07:45,Drop,79,home inspections hawaii,3,21,geo_service
spinartmemphis.com,10/06/2026 07:45,Drop,79,spin art memphis,3,14,geo_other
buffalocreativeco.com,10/06/2026 07:45,Drop,79,buffalo creative co,3,17,geo_service
madisonsoldit.com,10/09/2026 07:45,Drop,79,madison sold it,3,13,geo_other
fabulouskentuckyhomes.com,10/08/2026 07:45,Drop,79,fabulous kentucky homes,3,21,geo_service
dickmobile.com,10/06/2026 07:45,Drop,79,dick mobile,2,10,geo_other
spectrumhartford.com,10/07/2026 07:45,Drop,79,spectrum hartford,2,16,geo_other
ohiofacialsurgery.com,10/08/2026 07:45,Drop,79,ohio facial surgery,3,17,geo_other
rowwestseattle.com,10/07/2026 07:45,Drop,79,row west seattle,3,14,geo_other
escaperoomaustin.com,10/08/2026 07:45,Drop,79,escape room austin,3,16,geo_other
nashvilledrumcompany.com,10/07/2026 07:45,Drop,79,nashville drum company,3,20,geo_service
vipdubaisafari.com,10/06/2026 07:45,Drop,79,vip dubai safari,3,14,geo_other
dubaicountry.com,10/07/2026 07:45,Drop,79,dubai country,2,12,geo_other
legalcounselmiami.com,10/09/2026 07:45,Drop,79,legal counsel miami,3,17,geo_service
goldenbitedubai.com,10/07/2026 07:45,Drop,79,golden bite dubai,3,15,geo_other
tablaradio.com,10/09/2026 07:45,Drop,79,tab la radio,3,10,geo_other
delawarelasercompany.com,10/07/2026 07:45,Drop,79,delaware laser company,3,20,geo_service
portlandkidsgym.com,10/08/2026 07:45,Drop,79,portland kids gym,3,15,geo_other
decorationnyc.com,10/06/2026 07:45,Drop,79,decoration nyc,2,13,geo_other
orangejuicela.com,10/06/2026 07:45,Drop,79,orange juice la,3,13,geo_other
floridalandlordrights.com,10/08/2026 07:45,Drop,79,florida landlord rights,3,21,geo_other
bestflowersdubai.com,10/07/2026 07:45,Drop,79,best flowers dubai,3,16,geo_other
pennsylvanialasershows.com,10/07/2026 07:45,Drop,79,pennsylvania laser shows,3,22,geo_other
crowncleaningtexas.com,10/08/2026 07:45,Drop,79,crown cleaning texas,3,18,geo_service
twistedcrystalmichigan.com,10/09/2026 07:45,Drop,79,twisted crystal michigan,3,22,geo_other
idahocustomfoundations.com,10/07/2026 07:45,Drop,79,idaho custom foundations,3,22,geo_other
windowcleaningbaltimore.com,10/09/2026 07:45,Drop,79,window cleaning baltimore,3,23,geo_service
oaklandtownshipluxury.com,10/06/2026 07:45,Drop,79,oakland township luxury,3,21,geo_other
firstmobiletechnology.com,10/09/2026 07:45,Drop,79,first mobile technology,3,21,geo_other
oceanbluesmobile.com,10/09/2026 07:45,Drop,79,ocean blues mobile,3,16,geo_other
portlandadvisor.com,10/09/2026 07:45,Drop,79,portland advisor,2,15,geo_other
texasfamilynutrition.com,10/07/2026 07:45,Drop,79,texas family nutrition,3,20,geo_other
austinformed.com,10/09/2026 07:45,Drop,79,austin formed,2,12,geo_other
houstonbookpublishers.com,10/09/2026 07:45,Drop,79,houston book publishers,3,21,geo_other
droneworksorlando.com,10/09/2026 07:45,Drop,79,drone works orlando,3,17,geo_service
comparisonfirst.com,10/07/2026 07:45,Drop,79,comparison first,2,15,geo_other
southerncustomsflorida.com,10/07/2026 07:45,Drop,79,southern customs florida,3,22,geo_other
madcapcalifornia.com,10/07/2026 07:45,Drop,79,mad cap california,3,16,geo_other
phoenixcodes.com,10/08/2026 07:45,Drop,79,phoenix codes,2,12,geo_other
mymobilecastle.com,10/09/2026 07:45,Drop,79,my mobile castle,3,14,geo_other
texasianfoods.com,10/06/2026 07:45,Drop,79,texas ian foods,3,13,geo_other
georgiahairrestoration.com,10/06/2026 07:45,Drop,79,georgia hair restoration,3,22,geo_service
floridasurfcamps.com,10/07/2026 07:45,Drop,79,florida surf camps,3,16,geo_other
northchicagoinsurance.com,10/09/2026 07:45,Drop,79,north chicago insurance,3,21,geo_service
socialgrovelondon.com,10/07/2026 07:45,Drop,79,social grove london,3,17,geo_other
lamodesigns.com,10/07/2026 07:45,Drop,79,la mode signs,3,11,geo_other
worldwidebouldering.com,10/07/2026 07:45,Drop,79,worldwide boulder ing,3,19,geo_other
spinartportland.com,10/06/2026 07:45,Drop,79,spin art portland,3,15,geo_other
baltimoreheattreat.com,10/07/2026 07:45,Drop,79,baltimore heat treat,3,18,geo_other
miamitradingmasters.com,10/07/2026 07:45,Drop,79,miami trading masters,3,19,geo_other
georgiasupercup.com,10/06/2026 07:45,Drop,79,georgia super cup,3,15,geo_other
metallivedenver.com,10/06/2026 07:45,Drop,79,metal live denver,3,15,geo_other
londontreasuryhouse.com,10/08/2026 07:45,Drop,79,london treasury house,3,19,geo_service
orelashop.com,10/07/2026 07:45,Drop,79,ore la shop,3,9,geo_service
michigannutcompany.com,10/07/2026 07:45,Drop,79,michigan nut company,3,18,geo_service
madisonartfest.com,10/09/2026 07:45,Drop,79,madison art fest,3,14,geo_other
hyperhyperlondon.com,10/07/2026 07:45,Drop,79,hyper hyper london,3,16,geo_other
mymainefarmers.com,10/09/2026 07:45,Drop,79,my maine farmers,3,14,geo_other
alphasolarcolorado.com,10/06/2026 07:45,Drop,79,alpha solar colorado,3,18,geo_service
texasparentalrights.com,10/08/2026 07:45,Drop,79,texas parental rights,3,19,geo_other
delawarebatremoval.com,10/09/2026 07:45,Drop,79,delaware bat removal,3,18,geo_other
austintaxadvisor.com,10/06/2026 07:45,Drop,79,austin tax advisor,3,16,geo_service
bostonfootballtickets.com,10/09/2026 07:45,Drop,79,boston football tickets,3,21,geo_other
mainelasershows.com,10/07/2026 07:45,Drop,79,maine laser shows,3,15,geo_other
dallassuperads.com,10/08/2026 07:45,Drop,79,dallas super ads,3,14,geo_other
hillsmobilemechanic.com,10/08/2026 07:45,Drop,79,hills mobile mechanic,3,19,geo_other
exclusiveautomobilecare.com,10/08/2026 07:45,Drop,79,exclusive automobile care,3,23,geo_other
propmoneyhollywood.com,10/07/2026 07:45,Drop,79,prop money hollywood,3,18,geo_other
coloradorobertsons.com,10/08/2026 07:45,Drop,79,colorado robert sons,3,18,geo_other
geneticmobilelabs.com,10/09/2026 07:45,Drop,79,genetic mobile labs,3,17,geo_service
philadelphiavideoediting.com,10/09/2026 07:45,Drop,79,philadelphia video editing,3,24,geo_other
nycbarfly.com,10/08/2026 07:45,Drop,79,nyc bar fly,3,9,geo_other
chocolatetoursnyc.com,10/07/2026 07:45,Drop,79,chocolate tours nyc,3,17,geo_service
solarenergymaryland.com,10/07/2026 07:45,Drop,79,solar energy maryland,3,19,geo_service
normanforcalifornia.com,10/09/2026 07:45,Drop,79,norman for california,3,19,geo_other
simlastudios.com,10/09/2026 07:45,Drop,79,sim la studios,3,12,geo_other
lemonlawscalifornia.com,10/09/2026 07:45,Drop,79,lemon laws california,3,19,geo_other
hellofromwashington.com,10/07/2026 07:45,Drop,79,hello from washington,3,19,geo_other
carpetcleanermanchester.com,10/07/2026 07:45,Drop,79,carpet cleaner manchester,3,23,geo_service
homeboundidaho.com,10/07/2026 07:45,Drop,79,home bound idaho,3,14,geo_service
dallasdiscover.com,10/07/2026 07:45,Drop,79,dallas discover,2,14,geo_other
mariavirginia.com,10/09/2026 07:45,Drop,79,maria virginia,2,13,geo_other
ericrodriguezmiami.com,10/08/2026 07:45,Drop,79,eric rodriguez miami,3,18,geo_other
chadmadisonproductions.com,10/09/2026 07:45,Drop,79,chad madison productions,3,22,geo_other
charlotteholidayseries.com,10/08/2026 07:45,Drop,79,charlotte holiday series,3,22,geo_other
ontarioseniorcare.com,10/06/2026 07:45,Drop,79,ontario senior care,3,17,geo_other
goatjerseyarmy.com,10/06/2026 07:45,Drop,79,goat jersey army,3,14,geo_other
alabamalasercompany.com,10/07/2026 07:45,Drop,79,alabama laser company,3,19,geo_service
epicconcertsdenver.com,10/06/2026 07:45,Drop,79,epic concerts denver,3,18,geo_other
sydneyhillart.com,10/08/2026 07:45,Drop,79,sydney hill art,3,13,geo_other
boulderbayresort.com,10/06/2026 07:45,Drop,79,boulder bay resort,3,16,geo_other
shuttlehouston.com,10/06/2026 07:45,Drop,79,shuttle houston,2,14,geo_other
stitchfloridallc.com,10/08/2026 07:45,Drop,79,stitch florida llc,3,16,geo_other
columbuslasershows.com,10/07/2026 07:45,Drop,79,columbus laser shows,3,18,geo_other
suitesalehawaii.com,10/07/2026 07:45,Drop,79,suite sale hawaii,3,15,geo_other
massachusettslasercompany.com,10/07/2026 07:45,Drop,79,massachusetts laser company,3,25,geo_service
atlantaluxuryparking.com,10/07/2026 07:45,Drop,79,atlanta luxury parking,3,20,geo_other
laishacademy.com,10/09/2026 07:45,Drop,79,la ish academy,3,12,geo_other
bluesrockdenver.com,10/06/2026 07:45,Drop,79,blues rock denver,3,15,geo_other
eatbronx.com,10/08/2026 07:45,Drop,79,eat bronx,2,8,geo_other
sofalalogistics.com,10/08/2026 07:45,Drop,79,sofa la logistics,3,15,geo_other
vermontlamb.com,10/07/2026 07:45,Drop,79,vermont lamb,2,11,geo_other
lamedicalspaces.com,10/09/2026 07:45,Drop,79,la medical spaces,3,15,geo_other
georgiagottalent.com,10/07/2026 07:45,Drop,79,georgia got talent,3,16,geo_other
recoveryworkslondon.com,10/07/2026 07:45,Drop,79,recovery works london,3,19,geo_service
carshubdubai.com,10/08/2026 07:45,Drop,79,cars hub dubai,3,12,geo_service
discovernorfolk.com,10/07/2026 07:45,Drop,79,discover norfolk,2,15,geo_other
savannahjadehomes.com,10/08/2026 07:45,Drop,79,savannah jade homes,3,17,geo_service
seattleswimminglessons.com,10/08/2026 07:45,Drop,79,seattle swimming lessons,3,22,geo_other
beatlockerarizona.com,10/06/2026 07:45,Drop,79,beat locker arizona,3,17,geo_other
alcoholrehabnevada.com,10/06/2026 07:45,Drop,79,alcohol rehab nevada,3,18,geo_service
portlandlasershows.com,10/07/2026 07:45,Drop,79,portland laser shows,3,18,geo_other
texasrestaurantpodcast.com,10/07/2026 07:45,Drop,79,texas restaurant podcast,3,22,geo_service
orlandophotographyco.com,10/09/2026 07:45,Drop,79,orlando photography co,3,20,geo_service
nashvillemortgageexperts.com,10/06/2026 07:45,Drop,79,nashville mortgage experts,3,24,geo_service
bitcoindetroit.com,10/07/2026 07:45,Drop,79,bitcoin detroit,2,14,geo_other
alabamainmates.com,10/09/2026 07:45,Drop,79,alabama inmates,2,14,geo_other
powerwashconnecticut.com,10/09/2026 07:45,Drop,79,power wash connecticut,3,20,geo_other
georgialasershows.com,10/07/2026 07:45,Drop,79,georgia laser shows,3,17,geo_other
austinplantnursery.com,10/06/2026 07:45,Drop,79,austin plant nursery,3,18,geo_other
arizonadoubleclose.com,10/09/2026 07:45,Drop,79,arizona double close,3,18,geo_other
offplansydney.com,10/07/2026 07:45,Drop,79,off plan sydney,3,13,geo_other
carsontennis.com,10/07/2026 07:45,Drop,79,carson tennis,2,12,geo_other
govtechsf.com,10/06/2026 07:45,Drop,79,gov tech sf,3,9,geo_service
lamphzone.com,10/07/2026 07:45,Drop,79,la mph zone,3,9,geo_other
spinartrichmond.com,10/06/2026 07:45,Drop,79,spin art richmond,3,15,geo_other
mobiletoolsapp.com,10/07/2026 07:45,Drop,79,mobile tools app,3,14,geo_other
lawishsweet.com,10/08/2026 07:45,Drop,79,la wish sweet,3,11,geo_other
spinartlouisville.com,10/06/2026 07:45,Drop,79,spin art louisville,3,17,geo_other
southernbuffalomedia.com,10/07/2026 07:45,Drop,79,southern buffalo media,3,20,geo_other
lasaintbelle.com,10/08/2026 07:45,Drop,79,la saint belle,3,12,geo_other
ontariocourtforms.com,10/06/2026 07:45,Drop,79,ontario court forms,3,17,geo_other
miamicivilengineer.com,10/09/2026 07:45,Drop,79,miami civil engineer,3,18,geo_other
latropicalclean.com,10/09/2026 07:45,Drop,79,la tropical clean,3,15,geo_other
nevadadiscountmortgage.com,10/07/2026 07:45,Drop,79,nevada discount mortgage,3,22,geo_service
civilwarlouisiana.com,10/08/2026 07:45,Drop,79,civil war louisiana,3,17,geo_other
beyondsocialmemphis.com,10/07/2026 07:45,Drop,79,beyond social memphis,3,19,geo_other
nycpickshub.com,10/08/2026 07:45,Drop,79,nyc picks hub,3,11,geo_service
megaautomobile.com,10/07/2026 07:45,Drop,79,mega automobile,2,14,geo_other
pittsburghanswers.com,10/09/2026 07:45,Drop,79,pittsburgh answers,2,17,geo_other
denverpremiere.com,10/06/2026 07:45,Drop,79,denver premiere,2,14,geo_other
arizonadietcamp.com,10/07/2026 07:45,Drop,79,arizona diet camp,3,15,geo_other
washingtonfolkarts.com,10/09/2026 07:45,Drop,79,washington folk arts,3,18,geo_other
savannahforsenate.com,10/06/2026 07:45,Drop,79,savannah for senate,3,17,geo_other
spinarthouston.com,10/06/2026 07:45,Drop,79,spin art houston,3,14,geo_other
idahoagentnetwork.com,10/08/2026 07:45,Drop,79,idaho agent network,3,17,geo_service
wokela.com,10/08/2026 07:45,Drop,79,woke la,2,6,geo_other
detroitlasershows.com,10/07/2026 07:45,Drop,79,detroit laser shows,3,17,geo_other
floridainfoguide.com,10/09/2026 07:45,Drop,79,florida info guide,3,16,geo_other
spinarttoronto.com,10/06/2026 07:45,Drop,79,spin art toronto,3,14,geo_other
ticketla.com,10/08/2026 07:45,Drop,79,ticket la,2,8,geo_other
lacruzsport.com,10/07/2026 07:45,Drop,79,la cruz sport,3,11,geo_other
singaporefactory.com,10/09/2026 07:45,Drop,79,singapore factory,2,16,geo_other
joelsellsjersey.com,10/06/2026 07:45,Drop,79,joel sells jersey,3,15,geo_other
trimarkhawaii.com,10/06/2026 07:45,Drop,79,tri mark hawaii,3,13,geo_other
keithraytennessee.com,10/09/2026 07:45,Drop,79,keith ray tennessee,3,17,geo_other
topmemphishomes.com,10/09/2026 07:45,Drop,79,top memphis homes,3,15,geo_service
deeperthanruins.com,10/09/2026 07:45,Drop,79,deeper than ruins,3,15,geo_other
alaskademocrats.com,10/08/2026 07:45,Drop,79,alaska democrats,2,15,geo_other
pauldaviswisconsin.com,10/07/2026 07:45,Drop,79,paul davis wisconsin,3,18,geo_other
hawaiiartwave.com,10/07/2026 07:45,Drop,79,hawaii art wave,3,13,geo_other
lawyertorontobusiness.com,10/09/2026 07:45,Drop,79,lawyer toronto business,3,21,geo_service
coloradosacredfruits.com,10/08/2026 07:45,Drop,79,colorado sacred fruits,3,20,geo_other
michaellahey.com,10/06/2026 07:45,Drop,79,michael la hey,3,12,geo_other
torontocleansweep.com,10/08/2026 07:45,Drop,79,toronto clean sweep,3,17,geo_other
washingtonautoloans.com,10/06/2026 07:45,Drop,79,washington auto loans,3,19,geo_service
airportlandsale.com,10/07/2026 07:45,Drop,79,airport land sale,3,15,geo_other
anxietyseattle.com,10/06/2026 07:45,Drop,79,anxiety seattle,2,14,geo_other
wisconsinlasershows.com,10/07/2026 07:45,Drop,79,wisconsin laser shows,3,19,geo_other
georgiaelectricalservices.com,10/08/2026 07:45,Drop,79,georgia electrical services,3,25,geo_service
freefloridanow.com,10/08/2026 07:45,Drop,79,free florida now,3,14,geo_service
lincolnloungeny.com,10/07/2026 07:45,Drop,79,lincoln lounge ny,3,15,geo_other
bostonboylogan.com,10/09/2026 07:45,Drop,79,boston boy logan,3,14,geo_other
kentuckylasershows.com,10/07/2026 07:45,Drop,79,kentucky laser shows,3,18,geo_other
huntingfishingoregon.com,10/07/2026 07:45,Drop,79,hunting fishing oregon,3,20,geo_other
missourielderlaw.com,10/07/2026 07:45,Drop,79,missouri elder law,3,16,geo_service
redskynyc.com,10/09/2026 07:45,Drop,79,red sky nyc,3,9,geo_other
corporatecateringnyc.com,10/07/2026 07:45,Drop,79,corporate catering nyc,3,20,geo_service
sfguitarstudio.com,10/09/2026 07:45,Drop,79,sf guitar studio,3,14,geo_other
savannahgraceking.com,10/09/2026 07:45,Drop,79,savannah grace king,3,17,geo_other
chandlerward.com,10/08/2026 07:45,Drop,79,chandler ward,2,12,geo_other
virginiachef.com,10/08/2026 07:45,Drop,79,virginia chef,2,12,geo_other
spinartbuffalo.com,10/06/2026 07:45,Drop,79,spin art buffalo,3,14,geo_other
idahoforce.com,10/07/2026 07:45,Drop,79,idaho force,2,10,geo_other
gentlejourneypittsburgh.com,10/09/2026 07:45,Drop,79,gentle journey pittsburgh,3,23,geo_other
myfloridainn.com,10/06/2026 07:45,Drop,79,my florida inn,3,12,geo_other
portlandbeautysociety.com,10/07/2026 07:45,Drop,79,portland beauty society,3,21,geo_other
miamiroofmasters.com,10/08/2026 07:45,Drop,79,miami roof masters,3,16,geo_service
texaslandscapeservices.com,10/08/2026 07:45,Drop,79,texas landscape services,3,22,geo_service
hellofrommiami.com,10/07/2026 07:45,Drop,79,hello from miami,3,14,geo_other
theparisrat.com,10/08/2026 07:45,Drop,79,the paris rat,3,11,geo_other
dallassellsaustin.com,10/09/2026 07:45,Drop,79,dallas sells austin,3,17,geo_other
plazahawaiikai.com,10/08/2026 07:45,Drop,79,plaza hawaii kai,3,14,geo_other
mobileappprogramming.com,10/08/2026 07:45,Drop,79,mobile app programming,3,20,geo_other
spinartoakland.com,10/06/2026 07:45,Drop,79,spin art oakland,3,14,geo_other
petlouisville.com,10/07/2026 07:45,Drop,79,pet louisville,2,13,geo_other
ladreamgo.com,10/06/2026 07:45,Drop,79,la dream go,3,9,geo_other
rochesterstreet.com,10/09/2026 07:45,Drop,79,rochester street,2,15,geo_other
partnersgeorgia.com,10/07/2026 07:45,Drop,79,partners georgia,2,15,geo_service
newsauroradispatch.com,10/08/2026 07:45,Drop,79,news aurora dispatch,3,18,geo_other
seattlecollections.com,10/09/2026 07:45,Drop,79,seattle collections,2,18,geo_other
illinoisbuds.com,10/09/2026 07:45,Drop,79,illinois buds,2,12,geo_other
greenenvytexas.com,10/08/2026 07:45,Drop,79,green envy texas,3,14,geo_other
miamifruits.com,10/08/2026 07:45,Drop,79,miami fruits,2,11,geo_other
memphisbonding.com,10/06/2026 07:45,Drop,79,memphis bonding,2,14,geo_other
southtexasfence.com,10/08/2026 07:45,Drop,79,south texas fence,3,15,geo_service
berlinleather.com,10/08/2026 07:45,Drop,79,berlin leather,2,13,geo_other
nevadabondsman.com,10/07/2026 07:45,Drop,79,nevada bonds man,3,14,geo_other
miamiunits.com,10/07/2026 07:45,Drop,79,miami units,2,10,geo_other
naplesbowls.com,10/07/2026 07:45,Drop,79,naples bowls,2,11,geo_other
omahalasershows.com,10/07/2026 07:45,Drop,79,omaha laser shows,3,15,geo_other
insurancebrisbane.com,10/06/2026 07:45,Drop,79,insurance brisbane,2,17,geo_service
capturenaples.com,10/08/2026 07:45,Drop,79,capture naples,2,13,geo_other
discoverdubaiindia.com,10/08/2026 07:45,Drop,79,discover dubai india,3,18,geo_other
buffalowarchild.com,10/06/2026 07:45,Drop,79,buffalo war child,3,15,geo_other
montanalasercompany.com,10/07/2026 07:45,Drop,79,montana laser company,3,19,geo_service
plantbasedqueens.com,10/07/2026 07:45,Drop,79,plant based queens,3,16,geo_other
friendlycomputerstampa.com,10/07/2026 07:45,Drop,79,friendly computers tampa,3,22,geo_other
texashealthconnections.com,10/06/2026 07:45,Drop,79,texas health connections,3,22,geo_other
sydneyboatparties.com,10/06/2026 07:45,Drop,79,sydney boat parties,3,17,geo_other
primeinvestmentsdubai.com,10/09/2026 07:45,Drop,79,prime investments dubai,3,21,geo_other
oregonelectricalservices.com,10/08/2026 07:45,Drop,79,oregon electrical services,3,24,geo_service
charlottenewborncare.com,10/09/2026 07:45,Drop,79,charlotte newborn care,3,20,geo_other
southernnevadacounseling.com,10/08/2026 07:45,Drop,79,southern nevada counseling,3,24,geo_other
eliteeventsflorida.com,10/06/2026 07:45,Drop,79,elite events florida,3,18,geo_other
berlinerinisrael.com,10/08/2026 07:45,Drop,79,berlin erin israel,3,16,geo_other
breathelouisville.com,10/07/2026 07:45,Drop,79,breathe louisville,2,17,geo_other
themattmobile.com,10/09/2026 07:45,Drop,79,the matt mobile,3,13,geo_other
rochestermarketresearch.com,10/07/2026 07:45,Drop,79,rochester market research,3,23,geo_service
brooklynpolo.com,10/07/2026 07:45,Drop,79,brooklyn polo,2,12,geo_other
berlinwore.com,10/06/2026 07:45,Drop,79,berlin wore,2,10,geo_other
thedubaiconsulting.com,10/09/2026 07:45,Drop,79,the dubai consulting,3,18,geo_other
parisferrari.com,10/08/2026 07:45,Drop,79,paris ferrari,2,12,geo_other
passionfruitflorida.com,10/08/2026 07:45,Drop,79,passion fruit florida,3,19,geo_other
oaklandbeachmail.com,10/06/2026 07:45,Drop,79,oakland beach mail,3,16,geo_other
sacramentocoffee.com,10/06/2026 07:45,Drop,79,sacramento coffee,2,16,geo_service
simsinlondon.com,10/08/2026 07:45,Drop,79,sim sin london,3,12,geo_other
aiservicesflorida.com,10/08/2026 07:45,Drop,79,ai services florida,3,17,geo_service
doubleclosearizona.com,10/09/2026 07:45,Drop,79,double close arizona,3,18,geo_other
williamandcharlotte.com,10/09/2026 07:45,Drop,79,william and charlotte,3,19,geo_other
coloradosacredmedicine.com,10/08/2026 07:45,Drop,79,colorado sacred medicine,3,22,geo_other
cincinnatiengineering.com,10/06/2026 07:45,Drop,79,cincinnati engineering,2,21,geo_other
spinartbrooklyn.com,10/06/2026 07:45,Drop,79,spin art brooklyn,3,15,geo_other
veindallas.com,10/09/2026 07:45,Drop,79,vein dallas,2,10,geo_other
cakeberrylondon.com,10/08/2026 07:45,Drop,79,cake berry london,3,15,geo_other
mosquitonetsingapore.com,10/06/2026 07:45,Drop,79,mosquito net singapore,3,20,geo_other
getapprovedmichigan.com,10/09/2026 07:45,Drop,79,get approved michigan,3,19,geo_other
dougcurtistexas.com,10/08/2026 07:45,Drop,79,doug curtis texas,3,15,geo_other
fiftyparis.com,10/09/2026 07:45,Drop,79,fifty paris,2,10,geo_other
thekeylondon.com,10/06/2026 07:45,Drop,79,the key london,3,12,geo_other
nyclogolabs.com,10/08/2026 07:45,Drop,79,nyc logo labs,3,11,geo_service
lafreshtrend.com,10/07/2026 07:45,Drop,79,la fresh trend,3,12,geo_other
californiathreepercent.com,10/08/2026 07:45,Drop,79,california three percent,3,22,geo_other
palmirala.com,10/09/2026 07:45,Drop,79,palm ira la,3,9,geo_other
autumnhillnyc.com,10/06/2026 07:45,Drop,79,autumn hill nyc,3,13,geo_other
naplesfreshbowls.com,10/07/2026 07:45,Drop,79,naples fresh bowls,3,16,geo_other
bloomeventsnyc.com,10/06/2026 07:45,Drop,79,bloom events nyc,3,14,geo_other
sfprints.com,10/09/2026 07:45,Drop,79,sf prints,2,8,geo_other
gateinstallationstampa.com,10/06/2026 07:45,Drop,79,gate installations tampa,3,22,geo_other
solutionflowmobile.com,10/06/2026 07:45,Drop,79,solution flow mobile,3,18,geo_other
heatherlaforce.com,10/08/2026 07:45,Drop,79,heather la force,3,14,geo_other
nyctaxicampaign.com,10/08/2026 07:45,Drop,79,nyc taxi campaign,3,15,geo_service
gravecarelondon.com,10/07/2026 07:45,Drop,79,grave care london,3,15,geo_other
vancouvercomputerrepair.com,10/06/2026 07:45,Drop,79,vancouver computer repair,3,23,geo_service
lalasthreads.com,10/07/2026 07:45,Drop,79,la las threads,3,12,geo_other
litigationlawyersingapore.com,10/09/2026 07:45,Drop,79,litigation lawyer singapore,3,25,geo_service
oaklandlasershows.com,10/07/2026 07:45,Drop,79,oakland laser shows,3,17,geo_other
highroadatlanta.com,10/08/2026 07:45,Drop,79,high road atlanta,3,15,geo_other
rosemanchester.com,10/09/2026 07:45,Drop,79,rose manchester,2,14,geo_other
vipmobiledetails.com,10/09/2026 07:45,Drop,79,vip mobile details,3,16,geo_other
trainingmemphis.com,10/06/2026 07:45,Drop,79,training memphis,2,15,geo_other
rochesteronelove.com,10/09/2026 07:45,Drop,79,rochester one love,3,16,geo_other
albertsellsphoenix.com,10/09/2026 07:45,Drop,79,albert sells phoenix,3,18,geo_other
parishjournal.com,10/07/2026 07:45,Drop,79,parish journal,2,13,geo_other
biomontreal.com,10/08/2026 07:45,Drop,79,bio montreal,2,11,geo_other
coloradovideoediting.com,10/09/2026 07:45,Drop,79,colorado video editing,3,20,geo_other
charlottephysicaltherapy.com,10/06/2026 07:45,Drop,79,charlotte physical therapy,3,24,geo_service
georgiacomeback.com,10/07/2026 07:45,Drop,79,georgia comeback,2,15,geo_other
standarddubai.com,10/06/2026 07:45,Drop,79,standard dubai,2,13,geo_other
columbusfleetmanagement.com,10/06/2026 07:45,Drop,79,columbus fleet management,3,23,geo_other
atlantaweddingguitar.com,10/06/2026 07:45,Drop,79,atlanta wedding guitar,3,20,geo_service
phoenixoriginaldesigns.com,10/09/2026 07:45,Drop,79,phoenix original designs,3,22,geo_other
mobilenewsnetworks.com,10/09/2026 07:45,Drop,79,mobile news networks,3,18,geo_other
madisonirenehall.com,10/06/2026 07:45,Drop,79,madison irene hall,3,16,geo_other
roarwithjackson.com,10/06/2026 07:45,Drop,79,roar with jackson,3,15,geo_other
nothingmiamiflorida.com,10/09/2026 07:45,Drop,79,nothing miami florida,3,19,geo_other
agolastore.com,10/08/2026 07:45,Drop,79,ago la store,3,10,geo_service
greetingsfromoklahoma.com,10/06/2026 07:45,Drop,79,greetings from oklahoma,3,21,geo_other
lanytour.com,10/07/2026 07:45,Drop,79,la ny tour,3,8,geo_other
spinartorlando.com,10/06/2026 07:45,Drop,79,spin art orlando,3,14,geo_other
melbournegalaxy.com,10/09/2026 07:45,Drop,79,melbourne galaxy,2,15,geo_other
sfcost.com,10/07/2026 07:45,Drop,79,sf cost,2,6,geo_other
lionkingrichmond.com,10/08/2026 07:45,Drop,79,lion king richmond,3,16,geo_other
westmemphisfire.com,10/06/2026 07:45,Drop,79,west memphis fire,3,15,geo_other
executivecoachingohio.com,10/07/2026 07:45,Drop,79,executive coaching ohio,3,21,geo_other
smartlearningsf.com,10/09/2026 07:45,Drop,79,smart learning sf,3,15,geo_other
singaporeautomotiveaward.com,10/09/2026 07:45,Drop,79,singapore automotive award,3,24,geo_other
memphisfamilyattorneys.com,10/08/2026 07:45,Drop,79,memphis family attorneys,3,22,geo_service
singaporemit.com,10/09/2026 07:45,Drop,79,singapore mit,2,12,geo_other
leapacademyla.com,10/08/2026 07:45,Drop,79,leap academy la,3,13,geo_other
mobilegameinsights.com,10/08/2026 07:45,Drop,79,mobile game insights,3,18,geo_other
whatsonhollywood.com,10/06/2026 07:45,Drop,79,what son hollywood,3,16,geo_other
waltmobilefitness.com,10/07/2026 07:45,Drop,79,walt mobile fitness,3,17,geo_other
glowingphoenix.com,10/06/2026 07:45,Drop,79,glowing phoenix,2,14,geo_other
shelawear.com,10/06/2026 07:45,Drop,79,she la wear,3,9,geo_other
jacksonwelldone.com,10/07/2026 07:45,Drop,79,jackson well done,3,15,geo_other
westmichiganwire.com,10/09/2026 07:45,Drop,79,west michigan wire,3,16,geo_other
memphisbatremoval.com,10/09/2026 07:45,Drop,79,memphis bat removal,3,17,geo_other
portlandtraumatherapist.com,10/08/2026 07:45,Drop,79,portland trauma therapist,3,23,geo_service
colefortennessee.com,10/06/2026 07:45,Drop,79,cole for tennessee,3,16,geo_other
shrinkwrapmobile.com,10/09/2026 07:45,Drop,79,shrink wrap mobile,3,16,geo_other
nycoverheaddoor.com,10/07/2026 07:45,Drop,79,nyc overhead door,3,15,geo_service
spinartboston.com,10/06/2026 07:45,Drop,79,spin art boston,3,13,geo_other
hollywoodexplore.com,10/09/2026 07:45,Drop,79,hollywood explore,2,16,geo_other
idahoexplorerkids.com,10/07/2026 07:45,Drop,79,idaho explorer kids,3,17,geo_other
hawaiikeep.com,10/06/2026 07:45,Drop,79,hawaii keep,2,10,geo_other
mississippicourts.com,10/06/2026 07:45,Drop,79,mississippi courts,2,17,geo_other
sydneyoffplan.com,10/07/2026 07:45,Drop,79,sydney off plan,3,13,geo_other
chaosclubparis.com,10/07/2026 07:45,Drop,79,chaos club paris,3,14,geo_service
arlingtonlasercompany.com,10/07/2026 07:45,Drop,79,arlington laser company,3,21,geo_service
portcharlottemenu.com,10/09/2026 07:45,Drop,79,port charlotte menu,3,17,geo_other
oohwallla.com,10/07/2026 07:45,Drop,79,ooh wall la,3,9,geo_other
torontosplash.com,10/07/2026 07:45,Drop,79,toronto splash,2,13,geo_other
auroraspanyc.com,10/07/2026 07:45,Drop,79,aurora spa nyc,3,12,geo_service
salembash.com,10/09/2026 07:45,Drop,79,salem bash,2,9,geo_other
lalightspace.com,10/09/2026 07:45,Drop,79,la light space,3,12,geo_other
spinartseattle.com,10/06/2026 07:45,Drop,79,spin art seattle,3,14,geo_other
wisegeorgia.com,10/07/2026 07:45,Drop,79,wise georgia,2,11,geo_other
londonstoneco.com,10/07/2026 07:45,Drop,79,london stone co,3,13,geo_service
highereducationnyc.com,10/08/2026 07:45,Drop,79,higher education nyc,3,18,geo_other
mainecorner.com,10/09/2026 07:45,Drop,79,maine corner,2,11,geo_other
columbuspages.com,10/09/2026 07:45,Drop,79,columbus pages,2,13,geo_other
warriorsnutritionsyracuse.com,10/06/2026 07:45,Drop,79,warriors nutrition syracuse,3,25,geo_other
shuttlelaairport.com,10/08/2026 07:45,Drop,79,shuttle la airport,3,16,geo_other
lincolnnationallife.com,10/07/2026 07:45,Drop,79,lincoln national life,3,19,geo_other
twochicagomail.com,10/08/2026 07:45,Drop,79,two chicago mail,3,14,geo_other
thedoola.com,10/06/2026 07:45,Drop,79,the doo la,3,8,geo_other
alaskagov.com,10/06/2026 07:45,Drop,79,alaska gov,2,9,geo_other
chicagolegendspodcast.com,10/09/2026 07:45,Drop,79,chicago legends podcast,3,21,geo_other
utahlandscapecontractors.com,10/07/2026 07:45,Drop,79,utah landscape contractors,3,24,geo_service
floridagreekband.com,10/08/2026 07:45,Drop,79,florida greek band,3,16,geo_other
missouristarco.com,10/09/2026 07:45,Drop,79,missouri star co,3,14,geo_service
dubaiprocurement.com,10/07/2026 07:45,Drop,79,dubai procurement,2,16,geo_other
aimobilewallpaper.com,10/09/2026 07:45,Drop,79,ai mobile wallpaper,3,17,geo_other
plasticsurgeonsmaryland.com,10/08/2026 07:45,Drop,79,plastic surgeons maryland,3,23,geo_other
austinlasercompany.com,10/07/2026 07:45,Drop,79,austin laser company,3,18,geo_service
laboxbook.com,10/06/2026 07:45,Drop,79,la box book,3,9,geo_other
labrakitchen.com,10/07/2026 07:45,Drop,79,la bra kitchen,3,12,geo_service
topnashvillemortgage.com,10/06/2026 07:45,Drop,79,top nashville mortgage,3,20,geo_service
nashvillejedilounge.com,10/09/2026 07:45,Drop,79,nashville jedi lounge,3,19,geo_other
spinartpittsburgh.com,10/06/2026 07:45,Drop,79,spin art pittsburgh,3,17,geo_other
minnesotadeckpros.com,10/07/2026 07:45,Drop,79,minnesota deck pros,3,17,geo_service
idahocafe.com,10/07/2026 07:45,Drop,79,idaho cafe,2,9,geo_other
bellydancerottawa.com,10/07/2026 07:45,Drop,79,belly dancer ottawa,3,17,geo_other
seattleapartmentbuyers.com,10/09/2026 07:45,Drop,79,seattle apartment buyers,3,22,geo_other
queensenterprises.com,10/09/2026 07:45,Drop,79,queens enterprises,2,17,geo_other
soulstoneoregon.com,10/07/2026 07:45,Drop,79,soul stone oregon,3,15,geo_service
lakatabu.com,10/07/2026 07:45,Drop,79,la kat abu,3,8,geo_other
seattleproposal.com,10/08/2026 07:45,Drop,79,seattle proposal,2,15,geo_other
charlestonconcessions.com,10/09/2026 07:45,Drop,79,charleston concessions,2,21,geo_other
windowreplacementmiami.com,10/07/2026 07:45,Drop,79,window replacement miami,3,22,geo_service
manchestertime.com,10/08/2026 07:45,Drop,79,manchester time,2,14,geo_other
kentuckyprint.com,10/07/2026 07:45,Drop,79,kentucky print,2,13,geo_other
goldenphoenixmassage.com,10/08/2026 07:45,Drop,79,golden phoenix massage,3,20,geo_service
adventurecleveland.com,10/06/2026 07:45,Drop,79,adventure cleveland,2,18,geo_other
londongutclinic.com,10/07/2026 07:45,Drop,79,london gut clinic,3,15,geo_service
phoenixtearshealth.com,10/07/2026 07:45,Drop,79,phoenix tears health,3,18,geo_other
queenshealthtravel.com,10/06/2026 07:45,Drop,79,queens health travel,3,18,geo_service
anywheremobilerepair.com,10/08/2026 07:45,Drop,79,anywhere mobile repair,3,20,geo_service
nycleatherhide.com,10/08/2026 07:45,Drop,79,nyc leather hide,3,14,geo_other
thehybridcomparison.com,10/06/2026 07:45,Drop,79,the hybrid comparison,3,19,geo_other
sfpinups.com,10/08/2026 07:45,Drop,79,sf pin ups,3,8,geo_other
floridawealthsolutions.com,10/08/2026 07:45,Drop,79,florida wealth solutions,3,22,geo_service
dubainumberplates.com,10/07/2026 07:45,Drop,79,dubai number plates,3,17,geo_other
aptnashville.com,10/06/2026 07:45,Drop,79,apt nashville,2,12,geo_other
gilbertfordelegate.com,10/08/2026 07:45,Drop,79,gilbert for delegate,3,18,geo_other
austinbodyworker.com,10/06/2026 07:45,Drop,79,austin body worker,3,16,geo_other
oregonplates.com,10/06/2026 07:45,Drop,79,oregon plates,2,12,geo_other
marylandrepublicans.com,10/08/2026 07:45,Drop,79,maryland republicans,2,19,geo_other
londonnextgen.com,10/07/2026 07:45,Drop,79,london next gen,3,13,geo_other
affordableenginehouston.com,10/09/2026 07:45,Drop,79,affordable engine houston,3,23,geo_other
teamoctoberlondon.com,10/08/2026 07:45,Drop,79,team october london,3,17,geo_service
detroitbbqco.com,10/06/2026 07:45,Drop,79,detroit bbq co,3,12,geo_service
thecaliforniamilitia.com,10/07/2026 07:45,Drop,79,the california militia,3,20,geo_other
texasaerialphotography.com,10/09/2026 07:45,Drop,79,texas aerial photography,3,22,geo_other
spinarttampa.com,10/06/2026 07:45,Drop,79,spin art tampa,3,12,geo_other
gulfplaceflorida.com,10/08/2026 07:45,Drop,79,gulf place florida,3,16,geo_other
oklahomalasershows.com,10/07/2026 07:45,Drop,79,oklahoma laser shows,3,18,geo_other
gomiamicocktail.com,10/07/2026 07:45,Drop,79,go miami cocktail,3,15,geo_other
hollywoodhitmaker.com,10/06/2026 07:45,Drop,79,hollywood hit maker,3,17,geo_other
floridavillasupport.com,10/07/2026 07:45,Drop,79,florida villa support,3,19,geo_other
willsellsdetroit.com,10/06/2026 07:45,Drop,79,will sells detroit,3,16,geo_other
milwaukeehealth.com,10/06/2026 07:45,Drop,79,milwaukee health,2,15,geo_other
drinkthisbuffalo.com,10/09/2026 07:45,Drop,79,drink this buffalo,3,16,geo_other
lasmartshop.com,10/07/2026 07:45,Drop,79,la smart shop,3,11,geo_service
mobilegamingpc.com,10/07/2026 07:45,Drop,79,mobile gaming pc,3,14,geo_other
lapureskin.com,10/08/2026 07:45,Drop,79,la pure skin,3,10,geo_other
hollywoodhistoricsite.com,10/06/2026 07:45,Drop,79,hollywood historic site,3,21,geo_other
jacksonmedicalcontracting.com,10/06/2026 07:45,Drop,79,jackson medical contracting,3,25,geo_other
tiehawaii.com,10/09/2026 07:45,Drop,79,tie hawaii,2,9,geo_other
austinfoodbloggers.com,10/09/2026 07:45,Drop,79,austin food bloggers,3,18,geo_other
gogreenatlanta.com,10/07/2026 07:45,Drop,79,go green atlanta,3,14,geo_other
madisonbusinessadvance.com,10/06/2026 07:45,Drop,79,madison business advance,3,22,geo_other
chrisjonesnashville.com,10/06/2026 07:45,Drop,79,chris jones nashville,3,19,geo_other
miamifashionstore.com,10/08/2026 07:45,Drop,79,miami fashion store,3,17,geo_service
ontariodebtconsolidation.com,10/08/2026 07:45,Drop,79,ontario debt consolidation,3,24,geo_other
californiasaltworks.com,10/08/2026 07:45,Drop,79,california salt works,3,19,geo_service
upmichiganland.com,10/06/2026 07:45,Drop,79,up michigan land,3,14,geo_other
londonleakspecialists.com,10/06/2026 07:45,Drop,79,london leak specialists,3,21,geo_other
deeperthrust.com,10/09/2026 07:45,Drop,79,deeper thrust,2,12,geo_other
hometheaterutah.com,10/07/2026 07:45,Drop,79,home theater utah,3,15,geo_service
auroraventuresenterprises.com,10/09/2026 07:45,Drop,79,aurora ventures enterprises,3,25,geo_other
coolbusnashville.com,10/07/2026 07:45,Drop,79,cool bus nashville,3,16,geo_other
youngtimerillinois.com,10/07/2026 07:45,Drop,79,young timer illinois,3,18,geo_other
chicagolasercompany.com,10/07/2026 07:45,Drop,79,chicago laser company,3,19,geo_service
georgiachessfestival.com,10/06/2026 07:45,Drop,79,georgia chess festival,3,20,geo_other
phoenixtalentsolutions.com,10/07/2026 07:45,Drop,79,phoenix talent solutions,3,22,geo_service
hollywoodtvcars.com,10/08/2026 07:45,Drop,79,hollywood tv cars,3,15,geo_other
happykansasfaces.com,10/08/2026 07:45,Drop,79,happy kansas faces,3,16,geo_other
houstonlasereye.com,10/06/2026 07:45,Drop,79,houston laser eye,3,15,geo_other
houstonplaytherapy.com,10/07/2026 07:45,Drop,79,houston play therapy,3,18,geo_service
pillsdubai.com,10/07/2026 07:45,Drop,79,pills dubai,2,10,geo_other
ontariotaxi.com,10/06/2026 07:45,Drop,79,ontario taxi,2,11,geo_service
quickjobarizona.com,10/09/2026 07:45,Drop,79,quick job arizona,3,15,geo_other
portlandalpinefest.com,10/07/2026 07:45,Drop,79,portland alpine fest,3,18,geo_other
phoenixlasercompany.com,10/07/2026 07:45,Drop,79,phoenix laser company,3,19,geo_service
manchesterclean.com,10/09/2026 07:45,Drop,79,manchester clean,2,15,geo_other
bendvictory.com,10/08/2026 07:45,Drop,79,bend victory,2,11,geo_other
lafondproductions.com,10/06/2026 07:45,Drop,79,la fond productions,3,17,geo_other
charlestonindex.com,10/06/2026 07:45,Drop,79,charleston index,2,15,geo_other
alabamagunforum.com,10/07/2026 07:45,Drop,79,alabama gun forum,3,15,geo_other
oregontraillife.com,10/09/2026 07:45,Drop,79,oregon trail life,3,15,geo_other
wildcherrylondon.com,10/09/2026 07:45,Drop,79,wild cherry london,3,16,geo_other
quickjobmassachusetts.com,10/09/2026 07:45,Drop,79,quick job massachusetts,3,21,geo_other
georgesellsgeorgia.com,10/08/2026 07:45,Drop,79,george sells georgia,3,18,geo_other
pcbuildsmelbourne.com,10/07/2026 07:45,Drop,79,pc builds melbourne,3,17,geo_other
seoagencymilwaukee.com,10/08/2026 07:45,Drop,79,seo agency milwaukee,3,18,geo_other
skiatlanta.com,10/08/2026 07:45,Drop,79,ski atlanta,2,10,geo_other
totaldetailingsydney.com,10/08/2026 07:45,Drop,79,total detailing sydney,3,20,geo_other
junctionla.com,10/06/2026 07:45,Drop,79,junction la,2,10,geo_other
codefordubai.com,10/09/2026 07:45,Drop,79,code for dubai,3,12,geo_other
tributebenjackson.com,10/08/2026 07:45,Drop,79,tribute ben jackson,3,17,geo_other
spinartcolumbus.com,10/06/2026 07:45,Drop,79,spin art columbus,3,15,geo_other
pittsburghcraft.com,10/07/2026 07:45,Drop,79,pittsburgh craft,2,15,geo_other
ohiorock.com,10/09/2026 07:45,Drop,79,ohio rock,2,8,geo_other
nycfostercare.com,10/06/2026 07:45,Drop,79,nyc foster care,3,13,geo_other
carsonlanecandle.com,10/07/2026 07:45,Drop,79,carson lane candle,3,16,geo_other
berlincoffeeshop.com,10/08/2026 07:45,Drop,79,berlin coffee shop,3,16,geo_service
yourfloridaparadise.com,10/09/2026 07:45,Drop,79,your florida paradise,3,19,geo_other
londonboardriders.com,10/08/2026 07:45,Drop,79,london board riders,3,17,geo_other
wildbuffalogame.com,10/08/2026 07:45,Drop,79,wild buffalo game,3,15,geo_other
austinliberals.com,10/09/2026 07:45,Drop,79,austin liberals,2,14,geo_other
singaporeautomotiveawards.com,10/09/2026 07:45,Drop,79,singapore automotive awards,3,25,geo_other
californiavisa.com,10/07/2026 07:45,Drop,79,california visa,2,14,geo_other
solarfilmsingapore.com,10/07/2026 07:45,Drop,79,solar film singapore,3,18,geo_service
planoutfashion.com,10/06/2026 07:45,Drop,79,plan out fashion,3,14,geo_other
novaapparelnyc.com,10/06/2026 07:45,Drop,79,nova apparel nyc,3,14,geo_other
miamivideoediting.com,10/09/2026 07:45,Drop,79,miami video editing,3,17,geo_other
planoneyear.com,10/09/2026 07:45,Drop,79,plan one year,3,11,geo_other
thinksydney.com,10/09/2026 07:45,Drop,79,think sydney,2,11,geo_other
wyominglasershows.com,10/07/2026 07:45,Drop,79,wyoming laser shows,3,17,geo_other
agentelevateddubai.com,10/08/2026 07:45,Drop,79,agent elevated dubai,3,18,geo_other
bronxbeautysalon.com,10/06/2026 07:45,Drop,79,bronx beauty salon,3,16,geo_service
dubaipublicstorage.com,10/07/2026 07:45,Drop,79,dubai public storage,3,18,geo_service
manchesterdentalcare.com,10/07/2026 07:45,Drop,79,manchester dental care,3,20,geo_service
sydneypubtours.com,10/07/2026 07:45,Drop,79,sydney pub tours,3,14,geo_service
deliverycalgary.com,10/09/2026 07:45,Drop,79,delivery calgary,2,15,geo_other
hollywoodartsfair.com,10/06/2026 07:45,Drop,79,hollywood arts fair,3,17,geo_other
computerconsultantatlanta.com,10/08/2026 07:45,Drop,79,computer consultant atlanta,3,25,geo_other
oregonbankslocal.com,10/07/2026 07:45,Drop,79,oregon banks local,3,16,geo_other
bikeshopaustin.com,10/08/2026 07:45,Drop,79,bike shop austin,3,14,geo_service
milestoneeventshawaii.com,10/09/2026 07:45,Drop,79,milestone events hawaii,3,21,geo_other
fineartsmichigan.com,10/07/2026 07:45,Drop,79,fine arts michigan,3,16,geo_other
texascountrystrong.com,10/09/2026 07:45,Drop,79,texas country strong,3,18,geo_other
oregonpetexpo.com,10/08/2026 07:45,Drop,79,oregon pet expo,3,13,geo_other
paintingsolutionhouston.com,10/06/2026 07:45,Drop,79,painting solution houston,3,23,geo_service
cowstexas.com,10/07/2026 07:45,Drop,79,cows texas,2,9,geo_other
nycsavingsgroup.com,10/08/2026 07:45,Drop,79,nyc savings group,3,15,geo_service
londonhotelsguide.com,10/09/2026 07:45,Drop,79,london hotels guide,3,17,geo_other
cashmobilellc.com,10/06/2026 07:45,Drop,79,cash mobile llc,3,13,geo_other
floorsoakland.com,10/09/2026 07:45,Drop,79,floors oakland,2,13,geo_service
westchicagogirl.com,10/06/2026 07:45,Drop,79,west chicago girl,3,15,geo_other
phoenixroses.com,10/09/2026 07:45,Drop,79,phoenix roses,2,12,geo_other
newtampaevents.com,10/09/2026 07:45,Drop,79,new tampa events,3,14,geo_other
texascakeauthority.com,10/09/2026 07:45,Drop,79,texas cake authority,3,18,geo_other
houstonprivatechef.com,10/08/2026 07:45,Drop,79,houston private chef,3,18,geo_other
safaridealsdubai.com,10/08/2026 07:45,Drop,79,safari deals dubai,3,16,geo_other
jerseyshopsltd.com,10/08/2026 07:45,Drop,79,jersey shops ltd,3,14,geo_other
gilberthomeinspections.com,10/08/2026 07:45,Drop,79,gilbert home inspections,3,22,geo_service
riversidemediapark.com,10/07/2026 07:45,Drop,79,riverside media park,3,18,geo_other
processomaha.com,10/08/2026 07:45,Drop,79,process omaha,2,12,geo_other
sustainablelifestyledubai.com,10/06/2026 07:45,Drop,79,sustainable lifestyle dubai,3,25,geo_other
tvchicagohomes.com,10/06/2026 07:45,Drop,79,tv chicago homes,3,14,geo_service
auroraapartment.com,10/06/2026 07:45,Drop,79,aurora apartment,2,15,geo_other
auroraelectronicsolutions.com,10/07/2026 07:45,Drop,79,aurora electronic solutions,3,25,geo_service
tablastyles.com,10/07/2026 07:45,Drop,79,tab la styles,3,11,geo_other
parishstyle.com,10/07/2026 07:45,Drop,79,parish style,2,11,geo_other
coxinternationalla.com,10/09/2026 07:45,Drop,79,cox international la,3,18,geo_other
brooklyngirlcode.com,10/07/2026 07:45,Drop,79,brooklyn girl code,3,16,geo_other
salemmentalhealth.com,10/08/2026 07:45,Drop,79,salem mental health,3,17,geo_other
luxuryzonedubai.com,10/08/2026 07:45,Drop,79,luxury zone dubai,3,15,geo_other
ottawarentalproperties.com,10/09/2026 07:45,Drop,79,ottawa rental properties,3,22,geo_service
greenzonela.com,10/06/2026 07:45,Drop,79,green zone la,3,11,geo_other
seatcoversla.com,10/09/2026 07:45,Drop,79,seat covers la,3,12,geo_other
marylandcommunities.com,10/07/2026 07:45,Drop,79,maryland communities,2,19,geo_other
nextupnashville.com,10/08/2026 07:45,Drop,79,next up nashville,3,15,geo_other
filmclubdubai.com,10/07/2026 07:45,Drop,79,film club dubai,3,13,geo_service
keepingaustinorganized.com,10/09/2026 07:45,Drop,79,keeping austin organized,3,22,geo_other
nycfosterparent.com,10/06/2026 07:45,Drop,79,nyc foster parent,3,15,geo_other
guitartutornyc.com,10/07/2026 07:45,Drop,79,guitar tutor nyc,3,14,geo_other
kentuckycapitalpartners.com,10/09/2026 07:45,Drop,79,kentucky capital partners,3,23,geo_service
kentuckyinvest.com,10/06/2026 07:45,Drop,79,kentucky invest,2,14,geo_other
californiaremotejobs.com,10/06/2026 07:45,Drop,79,california remote jobs,3,20,geo_other
dubaipropertypilot.com,10/07/2026 07:45,Drop,79,dubai property pilot,3,18,geo_other
countryboydenver.com,10/06/2026 07:45,Drop,79,country boy denver,3,16,geo_other
kansascouplescounselor.com,10/09/2026 07:45,Drop,79,kansas couples counselor,3,22,geo_other
bestgolddubai.com,10/07/2026 07:45,Drop,79,best gold dubai,3,13,geo_other
nosesurgeryla.com,10/09/2026 07:45,Drop,79,nose surgery la,3,13,geo_other
lasymphonydental.com,10/08/2026 07:45,Drop,79,la symphony dental,3,16,geo_service
californiahistoryjournal.com,10/07/2026 07:45,Drop,79,california history journal,3,24,geo_other
theohiounderground.com,10/07/2026 07:45,Drop,79,the ohio underground,3,18,geo_other
houstondancestudio.com,10/09/2026 07:45,Drop,79,houston dance studio,3,18,geo_other
nyctaxicampaigns.com,10/08/2026 07:45,Drop,79,nyc taxi campaigns,3,16,geo_service
buffalotalespodcast.com,10/08/2026 07:45,Drop,79,buffalo tales podcast,3,19,geo_other
montanacentralliving.com,10/06/2026 07:45,Drop,79,montana central living,3,20,geo_other
sacramentolasershows.com,10/07/2026 07:45,Drop,79,sacramento laser shows,3,20,geo_other
lavanrent.com,10/08/2026 07:45,Drop,79,la van rent,3,9,geo_other
marylandironfestival.com,10/06/2026 07:45,Drop,79,maryland iron festival,3,20,geo_other
singaporeimmigrationguide.com,10/06/2026 07:45,Drop,79,singapore immigration guide,3,25,geo_other
toptoursnyc.com,10/08/2026 07:45,Drop,79,top tours nyc,3,11,geo_service
primarycaremaryland.com,10/09/2026 07:45,Drop,79,primary care maryland,3,19,geo_other
marblerichmond.com,10/08/2026 07:45,Drop,79,marble richmond,2,14,geo_other
dancemississippi.com,10/06/2026 07:45,Drop,79,dance mississippi,2,16,geo_other
vintagegeorgiapeach.com,10/06/2026 07:45,Drop,79,vintage georgia peach,3,19,geo_other
firstmobiletechnologies.com,10/09/2026 07:45,Drop,79,first mobile technologies,3,23,geo_other
oldkentuckytreasures.com,10/06/2026 07:45,Drop,79,old kentucky treasures,3,20,geo_other
houstonsmokehub.com,10/08/2026 07:45,Drop,79,houston smoke hub,3,15,geo_service
superopticaledmonton.com,10/07/2026 07:45,Drop,79,super optical edmonton,3,20,geo_other
floridaaffordable.com,10/09/2026 07:45,Drop,79,florida affordable,2,17,geo_other
parishbaby.com,10/07/2026 07:45,Drop,79,parish baby,2,10,geo_other
mobileweigh.com,10/08/2026 07:45,Drop,79,mobile weigh,2,11,geo_other
oralpainla.com,10/06/2026 07:45,Drop,79,oral pain la,3,10,geo_other
businessinsuranceoregon.com,10/09/2026 07:45,Drop,79,business insurance oregon,3,23,geo_service
familymedicineflorida.com,10/06/2026 07:45,Drop,79,family medicine florida,3,21,geo_other
michiganweek.com,10/08/2026 07:45,Drop,79,michigan week,2,12,geo_other
hiddengemslondon.com,10/07/2026 07:45,Drop,79,hidden gems london,3,16,geo_other
anytimefitnesscolorado.com,10/09/2026 07:45,Drop,79,anytime fitness colorado,3,22,geo_other
alaskateamada.com,10/07/2026 07:45,Drop,79,alaska team ada,3,13,geo_service
texaswindrush.com,10/07/2026 07:45,Drop,79,texas wind rush,3,13,geo_other
vacationcentralmichigan.com,10/07/2026 07:45,Drop,79,vacation central michigan,3,23,geo_other
brooklyncondo.com,10/06/2026 07:45,Drop,79,brooklyn condo,2,13,geo_other
quickjobmichigan.com,10/09/2026 07:45,Drop,79,quick job michigan,3,16,geo_other
searchingdublin.com,10/08/2026 07:45,Drop,79,searching dublin,2,15,geo_other
hartfordsaving.com,10/08/2026 07:45,Drop,79,hartford saving,2,14,geo_other
durhambuildingcon.com,10/09/2026 07:45,Drop,79,durham building con,3,17,geo_other
singaporetriallawyers.com,10/09/2026 07:45,Drop,79,singapore trial lawyers,3,21,geo_service
arkansaslasershows.com,10/07/2026 07:45,Drop,79,arkansas laser shows,3,18,geo_other
bendadvisory.com,10/09/2026 07:45,Drop,79,bend advisory,2,12,geo_other
teslamodela.com,10/07/2026 07:45,Drop,79,tesla mode la,3,11,geo_other
mymedicareidaho.com,10/09/2026 07:45,Drop,79,my medicare idaho,3,15,geo_other
austinrentbot.com,10/06/2026 07:45,Drop,79,austin rent bot,3,13,geo_other
dubaidreamtrip.com,10/08/2026 07:45,Drop,79,dubai dream trip,3,14,geo_other
solflowersflorida.com,10/09/2026 07:45,Drop,79,sol flowers florida,3,17,geo_other
singaporepropertylawyers.com,10/09/2026 07:45,Drop,79,singapore property lawyers,3,24,geo_service
absdenver.com,10/07/2026 07:45,Drop,79,abs denver,2,9,geo_other
dudesindenver.com,10/06/2026 07:45,Drop,79,dude sin denver,3,13,geo_other
berlinmyinspiration.com,10/06/2026 07:45,Drop,79,berlin my inspiration,3,19,geo_other
dallastitleloan.com,10/08/2026 07:45,Drop,79,dallas title loan,3,15,geo_other
miamigoals.com,10/06/2026 07:45,Drop,79,miami goals,2,10,geo_other
danielledwashington.com,10/08/2026 07:45,Drop,79,daniel led washington,3,19,geo_other
sacramentohomebuyer.com,10/09/2026 07:45,Drop,79,sacramento home buyer,3,19,geo_service
colomaha.com,10/09/2026 07:45,Drop,79,col omaha,2,8,geo_other
georgiaflyboard.com,10/06/2026 07:45,Drop,79,georgia fly board,3,15,geo_other
baltimorelasershows.com,10/07/2026 07:45,Drop,79,baltimore laser shows,3,19,geo_other
tennesseelasershows.com,10/07/2026 07:45,Drop,79,tennessee laser shows,3,19,geo_other
lakewisconsinalliance.com,10/09/2026 07:45,Drop,79,lake wisconsin alliance,3,21,geo_other
mymedicarealaska.com,10/09/2026 07:45,Drop,79,my medicare alaska,3,16,geo_other
christmashouseboston.com,10/09/2026 07:45,Drop,79,christmas house boston,3,20,geo_service
spinartwashington.com,10/06/2026 07:45,Drop,79,spin art washington,3,17,geo_other
montanamoonjewelry.com,10/07/2026 07:45,Drop,79,montana moon jewelry,3,18,geo_other
cheaphawaiipackages.com,10/09/2026 07:45,Drop,79,cheap hawaii packages,3,19,geo_other
laredrock.com,10/09/2026 07:45,Drop,79,la red rock,3,9,geo_other
jesseforwisconsin.com,10/09/2026 07:45,Drop,79,jesse for wisconsin,3,17,geo_other
divorcelaworegon.com,10/07/2026 07:45,Drop,79,divorce law oregon,3,16,geo_service
mobileblowouts.com,10/09/2026 07:45,Drop,79,mobile blow outs,3,14,geo_other
elfalaska.com,10/06/2026 07:45,Drop,79,elf alaska,2,9,geo_other
washingtonnflfootball.com,10/09/2026 07:45,Drop,79,washington nfl football,3,21,geo_other
smartmobilebusiness.com,10/07/2026 07:45,Drop,79,smart mobile business,3,19,geo_other
charlotteevelyngifts.com,10/06/2026 07:45,Drop,79,charlotte evelyn gifts,3,20,geo_other
columbusvideoediting.com,10/09/2026 07:45,Drop,79,columbus video editing,3,20,geo_other
oregonshots.com,10/08/2026 07:45,Drop,79,oregon shots,2,11,geo_other
bostonherold.com,10/08/2026 07:45,Drop,79,boston her old,3,12,geo_other
quickjobpennsylvania.com,10/09/2026 07:45,Drop,79,quick job pennsylvania,3,20,geo_other
leakdetectionvirginia.com,10/09/2026 07:45,Drop,79,leak detection virginia,3,21,geo_other
tampatitleloan.com,10/08/2026 07:45,Drop,79,tampa title loan,3,14,geo_other
parcelplusarlington.com,10/08/2026 07:45,Drop,79,parcel plus arlington,3,19,geo_other
visualstudionyc.com,10/06/2026 07:45,Drop,79,visual studio nyc,3,15,geo_other
virtualassistantottawa.com,10/06/2026 07:45,Drop,79,virtual assistant ottawa,3,22,geo_other
sellorlandoland.com,10/08/2026 07:45,Drop,79,sell orlando land,3,15,geo_other
memphisflyers.com,10/07/2026 07:45,Drop,79,memphis flyers,2,13,geo_other
mylaco.com,10/09/2026 07:45,Drop,79,my la co,3,6,geo_service
floridalasercompany.com,10/07/2026 07:45,Drop,79,florida laser company,3,19,geo_service
mylondonbase.com,10/07/2026 07:45,Drop,79,my london base,3,12,geo_other
leafstudiola.com,10/07/2026 07:45,Drop,79,leaf studio la,3,12,geo_other
cryptojewshouston.com,10/07/2026 07:45,Drop,79,crypto jews houston,3,17,geo_other
indianaflyersbaseball.com,10/09/2026 07:45,Drop,79,indiana flyers baseball,3,21,geo_other
columbiafrenchpress.com,10/09/2026 07:45,Drop,79,columbia french press,3,19,geo_other
spinartcharleston.com,10/06/2026 07:45,Drop,79,spin art charleston,3,17,geo_other
lanetshop.com,10/07/2026 07:45,Drop,79,la net shop,3,9,geo_service
atlantalasershows.com,10/07/2026 07:45,Drop,79,atlanta laser shows,3,17,geo_other
softwaredevelopmentutah.com,10/06/2026 07:45,Drop,79,software development utah,3,23,geo_other
miamihousesolutions.com,10/06/2026 07:45,Drop,79,miami house solutions,3,19,geo_service
keeplouisvillewell.com,10/09/2026 07:45,Drop,79,keep louisville well,3,18,geo_other
austincountyeye.com,10/07/2026 07:45,Drop,79,austin county eye,3,15,geo_other
westlasat.com,10/08/2026 07:45,Drop,79,west la sat,3,9,geo_other
jamaicadubai.com,10/06/2026 07:45,Drop,79,jamaica dubai,2,12,geo_other
charlottebusinessguide.com,10/09/2026 07:45,Drop,79,charlotte business guide,3,22,geo_other
iowaveterans.com,10/06/2026 07:45,Drop,79,iowa veterans,2,12,geo_other
legaldefensehouston.com,10/06/2026 07:45,Drop,79,legal defense houston,3,19,geo_service
ampknockoutaustin.com,10/09/2026 07:45,Drop,79,amp knockout austin,3,17,geo_other
aiaidubai.com,10/08/2026 07:45,Drop,79,ai ai dubai,3,9,geo_other
ticketparis.com,10/07/2026 07:45,Drop,79,ticket paris,2,11,geo_other
edmontonwestsoccer.com,10/09/2026 07:45,Drop,79,edmonton west soccer,3,18,geo_other
hotelsaucklandcity.com,10/06/2026 07:45,Drop,79,hotels auckland city,3,18,geo_other
sydneybbq.com,10/08/2026 07:45,Drop,79,sydney bbq,2,9,geo_other
puremaintenancecolorado.com,10/09/2026 07:45,Drop,79,pure maintenance colorado,3,23,geo_other
restorationmobile.com,10/09/2026 07:45,Drop,79,restoration mobile,2,17,geo_service
lamodecleaner.com,10/09/2026 07:45,Drop,79,la mode cleaner,3,13,geo_other
hawaiilasershows.com,10/07/2026 07:45,Drop,79,hawaii laser shows,3,16,geo_other
montanalivingcentral.com,10/06/2026 07:45,Drop,79,montana living central,3,20,geo_other
orlandotechevents.com,10/09/2026 07:45,Drop,79,orlando tech events,3,17,geo_service
dubaibeachpolo.com,10/07/2026 07:45,Drop,79,dubai beach polo,3,14,geo_other
patriotsforohio.com,10/06/2026 07:45,Drop,79,patriots for ohio,3,15,geo_other
denvernerdcon.com,10/08/2026 07:45,Drop,79,denver nerd con,3,13,geo_other
coloradoadoptionlawyers.com,10/09/2026 07:45,Drop,79,colorado adoption lawyers,3,23,geo_service
calgarycontainer.com,10/07/2026 07:45,Drop,79,calgary container,2,16,geo_other
madisonandzach.com,10/08/2026 07:45,Drop,79,madison and zach,3,14,geo_other
spinarthartford.com,10/06/2026 07:45,Drop,79,spin art hartford,3,15,geo_other
carworkshopsingapore.com,10/09/2026 07:45,Drop,79,car workshop singapore,3,20,geo_other
texasmadeboxing.com,10/06/2026 07:45,Drop,79,texas made boxing,3,15,geo_other
riversidemediaparks.com,10/07/2026 07:45,Drop,79,riverside media parks,3,19,geo_other
thevirginiaexperience.com,10/09/2026 07:45,Drop,79,the virginia experience,3,21,geo_other
albanyguns.com,10/08/2026 07:45,Drop,79,albany guns,2,10,geo_other
sydneyrentallistings.com,10/09/2026 07:45,Drop,79,sydney rental listings,3,20,geo_service
vancouvernatural.com,10/06/2026 07:45,Drop,79,vancouver natural,2,16,geo_other
flawlessinteriormobile.com,10/06/2026 07:45,Drop,79,flawless interior mobile,3,22,geo_other
ohiobackgrounds.com,10/08/2026 07:45,Drop,79,ohio backgrounds,2,15,geo_other
chicagovoicecenter.com,10/09/2026 07:45,Drop,79,chicago voice center,3,18,geo_service
coloradoautolab.com,10/08/2026 07:45,Drop,79,colorado auto lab,3,15,geo_service
wyominglasercompany.com,10/07/2026 07:45,Drop,79,wyoming laser company,3,19,geo_service
floridaenergyreport.com,10/09/2026 07:45,Drop,79,florida energy report,3,19,geo_other
goddesssfactor.com,10/07/2026 07:45,Drop,79,goddess sf actor,3,14,geo_other
rochesterfreedomtrail.com,10/07/2026 07:45,Drop,79,rochester freedom trail,3,21,geo_other
idaholasershows.com,10/07/2026 07:45,Drop,79,idaho laser shows,3,15,geo_other
drugrehabdublin.com,10/08/2026 07:45,Drop,79,drug rehab dublin,3,15,geo_service
utahleadagency.com,10/09/2026 07:45,Drop,79,utah lead agency,3,14,geo_other
folkfestivaldenver.com,10/06/2026 07:45,Drop,79,folk festival denver,3,18,geo_other
albanyaerialimaging.com,10/06/2026 07:45,Drop,79,albany aerial imaging,3,19,geo_other
getlocaloregon.com,10/07/2026 07:45,Drop,79,get local oregon,3,14,geo_other
marijuanabondoklahoma.com,10/06/2026 07:45,Drop,79,marijuana bond oklahoma,3,21,geo_other
lacomputerpro.com,10/06/2026 07:45,Drop,79,la computer pro,3,13,geo_service
nebraskaathlete.com,10/07/2026 07:45,Drop,79,nebraska athlete,2,15,geo_other
pipelinecafehawaii.com,10/09/2026 07:45,Drop,79,pipeline cafe hawaii,3,18,geo_other
dryeyepennsylvania.com,10/08/2026 07:45,Drop,79,dry eye pennsylvania,3,18,geo_other
roastedcincinnati.com,10/08/2026 07:45,Drop,79,roasted cincinnati,2,17,geo_other
montanaengineparts.com,10/08/2026 07:45,Drop,79,montana engine parts,3,18,geo_other
dubaiways.com,10/09/2026 07:45,Drop,79,dubai ways,2,9,geo_other
austinhomesupdate.com,10/09/2026 07:45,Drop,79,austin homes update,3,17,geo_service
californiapuppystore.com,10/08/2026 07:45,Drop,79,california puppy store,3,20,geo_service
premiumstrivedubai.com,10/08/2026 07:45,Drop,79,premium strive dubai,3,18,geo_other
germanmobileproxy.com,10/09/2026 07:45,Drop,79,german mobile proxy,3,17,geo_other
theatremississippi.com,10/06/2026 07:45,Drop,79,theatre mississippi,2,18,geo_other
omahagapyear.com,10/06/2026 07:45,Drop,79,omaha gap year,3,12,geo_other
ianmadisonwrites.com,10/08/2026 07:45,Drop,79,ian madison writes,3,16,geo_other
getinsuredmiami.com,10/06/2026 07:45,Drop,79,get insured miami,3,15,geo_other
turnovernyc.com,10/08/2026 07:45,Drop,79,turnover nyc,2,11,geo_other
tampacrabcruise.com,10/08/2026 07:45,Drop,79,tampa crab cruise,3,15,geo_other
michiganoutboards.com,10/09/2026 07:45,Drop,79,michigan out boards,3,17,geo_other
westmichiganpos.com,10/07/2026 07:45,Drop,79,west michigan pos,3,15,geo_other
seattlesummer.com,10/06/2026 07:45,Drop,79,seattle summer,2,13,geo_other
birminghamvanlease.com,10/07/2026 07:45,Drop,79,birmingham van lease,3,18,geo_other
wowmobileuniform.com,10/08/2026 07:45,Drop,79,wow mobile uniform,3,16,geo_other
magicwatersorlando.com,10/08/2026 07:45,Drop,79,magic waters orlando,3,18,geo_other
nevadalasershows.com,10/07/2026 07:45,Drop,79,nevada laser shows,3,16,geo_other
utahlasercompany.com,10/07/2026 07:45,Drop,79,utah laser company,3,16,geo_service
wholesalejerseynba.com,10/08/2026 07:45,Drop,79,wholesale jersey nba,3,18,geo_other
arizonathriving.com,10/07/2026 07:45,Drop,79,arizona thriving,2,15,geo_other
nyctransportationaccess.com,10/08/2026 07:45,Drop,79,nyc transportation access,3,23,geo_other
sharpcarsonline.com,10/07/2026 07:45,Drop,79,sharp cars online,3,15,geo_service
shadowlightutah.com,10/07/2026 07:45,Drop,79,shadow light utah,3,15,geo_other
fortuneautomobile.com,10/07/2026 07:45,Drop,79,fortune automobile,2,17,geo_other
birthwaysmontana.com,10/09/2026 07:45,Drop,79,birth ways montana,3,16,geo_other
arlatimes.com,10/07/2026 07:45,Drop,79,ar la times,3,9,geo_other
longtimechicagofan.com,10/06/2026 07:45,Drop,79,longtime chicago fan,3,18,geo_other
finddubaihomes.com,10/08/2026 07:45,Drop,79,find dubai homes,3,14,geo_service
baltimoredogtrainer.com,10/09/2026 07:45,Drop,79,baltimore dog trainer,3,19,geo_other
phoenixstudiollc.com,10/06/2026 07:45,Drop,79,phoenix studio llc,3,16,geo_other
vancouvermaidservice.com,10/09/2026 07:45,Drop,79,vancouver maid service,3,20,geo_service
heritagejersey.com,10/07/2026 07:45,Drop,79,heritage jersey,2,14,geo_other
futurelinedubai.com,10/06/2026 07:45,Drop,79,future line dubai,3,15,geo_other
calgarylatino.com,10/08/2026 07:45,Drop,79,calgary latino,2,13,geo_other
davidformaine.com,10/08/2026 07:45,Drop,79,david for maine,3,13,geo_other
selllandorlando.com,10/08/2026 07:45,Drop,79,sell land orlando,3,15,geo_other
jacksonvillegeneral.com,10/06/2026 07:45,Drop,79,jacksonville general,2,19,geo_other
upnorthwisconsin.com,10/06/2026 07:45,Drop,79,up north wisconsin,3,16,geo_other
oregonlasercompany.com,10/07/2026 07:45,Drop,79,oregon laser company,3,18,geo_service
buffalodreaming.com,10/08/2026 07:45,Drop,79,buffalo dreaming,2,15,geo_other
houstonmedstay.com,10/07/2026 07:45,Drop,79,houston med stay,3,14,geo_other
parisfrenchtutor.com,10/08/2026 07:45,Drop,79,paris french tutor,3,16,geo_other
oregonfamilyrights.com,10/07/2026 07:45,Drop,79,oregon family rights,3,18,geo_other
sfwool.com,10/06/2026 07:45,Drop,79,sf wool,2,6,geo_other
milwaukeeemploymentlawyer.com,10/09/2026 07:45,Drop,79,milwaukee employment lawyer,3,25,geo_service
sacramentotitleloans.com,10/08/2026 07:45,Drop,79,sacramento title loans,3,20,geo_other
orlandoemploymentagency.com,10/06/2026 07:45,Drop,79,orlando employment agency,3,23,geo_other
nyccharterschools.com,10/09/2026 07:45,Drop,79,nyc charter schools,3,17,geo_other
thedetroitpizza.com,10/08/2026 07:45,Drop,79,the detroit pizza,3,15,geo_service
seattlelasercompany.com,10/07/2026 07:45,Drop,79,seattle laser company,3,19,geo_service
wowdubaiholidays.com,10/06/2026 07:45,Drop,79,wow dubai holidays,3,16,geo_other
thesavannahcollection.com,10/08/2026 07:45,Drop,79,the savannah collection,3,21,geo_other
phoenixblossom.com,10/07/2026 07:45,Drop,79,phoenix blossom,2,14,geo_other
istanbulrestaurantmiami.com,10/08/2026 07:45,Drop,79,istanbul restaurant miami,3,23,geo_service
ailaskin.com,10/08/2026 07:45,Drop,79,ai la skin,3,8,geo_other
weathersydney.com,10/08/2026 07:45,Drop,79,weather sydney,2,13,geo_other
designlivela.com,10/08/2026 07:45,Drop,79,design live la,3,12,geo_other
aucklandmultipass.com,10/07/2026 07:45,Drop,79,auckland multi pass,3,17,geo_other
reefmiami.com,10/09/2026 07:45,Drop,79,reef miami,2,9,geo_other
phoenixbarndance.com,10/07/2026 07:45,Drop,79,phoenix barn dance,3,16,geo_other
gofloridago.com,10/07/2026 07:45,Drop,79,go florida go,3,11,geo_other
realcharlotteproperties.com,10/08/2026 07:45,Drop,79,real charlotte properties,3,23,geo_other
sacramentonaturalbirth.com,10/06/2026 07:45,Drop,79,sacramento natural birth,3,22,geo_other
dallasmovieclub.com,10/07/2026 07:45,Drop,79,dallas movie club,3,15,geo_service
weshiputah.com,10/08/2026 07:45,Drop,79,wes hip utah,3,10,geo_other
irvingwaterrestoration.com,10/09/2026 07:45,Drop,79,irving water restoration,3,22,geo_service
philadelphialasershows.com,10/07/2026 07:45,Drop,79,philadelphia laser shows,3,22,geo_other
handsurgeryqueensland.com,10/07/2026 07:45,Drop,79,hand surgery queensland,3,21,geo_other
londoncoding.com,10/09/2026 07:45,Drop,79,london coding,2,12,geo_other
texasculturehub.com,10/07/2026 07:45,Drop,79,texas culture hub,3,15,geo_service
arizonasoundtherapy.com,10/09/2026 07:45,Drop,79,arizona sound therapy,3,19,geo_service
arlingtonlasershows.com,10/07/2026 07:45,Drop,79,arlington laser shows,3,19,geo_other
bestmobiledownloads.com,10/06/2026 07:45,Drop,79,best mobile downloads,3,19,geo_other
californiaquarryproduct.com,10/08/2026 07:45,Drop,79,california quarry product,3,23,geo_other
montanalasershows.com,10/07/2026 07:45,Drop,79,montana laser shows,3,17,geo_other
mainaccsf.com,10/07/2026 07:45,Drop,79,main acc sf,3,9,geo_other
pittsburghpavement.com,10/08/2026 07:45,Drop,79,pittsburgh pavement,2,18,geo_other
lawinsession.com,10/09/2026 07:45,Drop,79,la win session,3,12,geo_other
coastalmobilecafe.com,10/08/2026 07:45,Drop,79,coastal mobile cafe,3,17,geo_other
benchparis.com,10/08/2026 07:45,Drop,79,bench paris,2,10,geo_other
vanessafornyc.com,10/09/2026 07:45,Drop,79,vanessa for nyc,3,13,geo_other
houstonhandicap.com,10/09/2026 07:45,Drop,79,houston handicap,2,15,geo_other
globalmarketlondon.com,10/09/2026 07:45,Drop,79,global market london,3,18,geo_service
thejerseyverse.com,10/07/2026 07:45,Drop,79,the jersey verse,3,14,geo_other
manchesterpubnyc.com,10/07/2026 07:45,Drop,79,manchester pub nyc,3,16,geo_other
columbustraffictickets.com,10/09/2026 07:45,Drop,79,columbus traffic tickets,3,22,geo_other
buyfurniturenyc.com,10/09/2026 07:45,Drop,79,buy furniture nyc,3,15,geo_other
singaporepropertylaw.com,10/09/2026 07:45,Drop,79,singapore property law,3,20,geo_service
londontradingacademy.com,10/08/2026 07:45,Drop,79,london trading academy,3,20,geo_other
dimemontreal.com,10/06/2026 07:45,Drop,79,dime montreal,2,12,geo_other
fooddeliverytexas.com,10/08/2026 07:45,Drop,79,food delivery texas,3,17,geo_other
weightmanagementoakland.com,10/08/2026 07:45,Drop,79,weight management oakland,3,23,geo_other
retroparisclothing.com,10/06/2026 07:45,Drop,79,retro paris clothing,3,18,geo_other
backstageparis.com,10/09/2026 07:45,Drop,79,backstage paris,2,14,geo_other
hawaiicrisiscounselor.com,10/07/2026 07:45,Drop,79,hawaii crisis counselor,3,21,geo_other
midwaycolorado.com,10/07/2026 07:45,Drop,79,midway colorado,2,14,geo_other
syracusemarketresearch.com,10/07/2026 07:45,Drop,79,syracuse market research,3,22,geo_service
keepomahaweird.com,10/06/2026 07:45,Drop,79,keep omaha weird,3,14,geo_other
parishiltonconcerts.com,10/06/2026 07:45,Drop,79,paris hilton concerts,3,19,geo_other
londonrestaurantguides.com,10/07/2026 07:45,Drop,79,london restaurant guides,3,22,geo_service
bigtexastaste.com,10/06/2026 07:45,Drop,79,big texas taste,3,13,geo_other
savannahhealthgroup.com,10/09/2026 07:45,Drop,79,savannah health group,3,19,geo_service
boulderheavy.com,10/09/2026 07:45,Drop,79,boulder heavy,2,12,geo_other
chasehotellincoln.com,10/06/2026 07:45,Drop,79,chase hotel lincoln,3,17,geo_service
torontomanufacturing.com,10/09/2026 07:45,Drop,79,toronto manufacturing,2,20,geo_other
hendersonandholt.com,10/07/2026 07:45,Drop,79,henderson and holt,3,16,geo_other
marylandbasketballacademy.com,10/08/2026 07:45,Drop,79,maryland basketball academy,3,25,geo_other
spinartcleveland.com,10/06/2026 07:45,Drop,79,spin art cleveland,3,16,geo_other
spinartnewark.com,10/06/2026 07:45,Drop,79,spin art newark,3,13,geo_other
aijacksonville.com,10/06/2026 07:45,Drop,79,ai jacksonville,2,14,geo_other
connecticutinsurancequote.com,10/06/2026 07:45,Drop,79,connecticut insurance quote,3,25,geo_service
prioritymobilesecure.com,10/09/2026 07:45,Drop,79,priority mobile secure,3,20,geo_other
positivelyjerusalem.com,10/09/2026 07:45,Drop,79,positively jerusalem,2,19,geo_other
omahaforbidden.com,10/06/2026 07:45,Drop,79,omaha forbidden,2,14,geo_other
montrealmovements.com,10/07/2026 07:45,Drop,79,montreal movements,2,17,geo_other
pctampa.com,10/07/2026 07:45,Drop,79,pc tampa,2,7,geo_other
aiavatarmobile.com,10/07/2026 07:45,Drop,79,ai avatar mobile,3,14,geo_other
trainingcolumbus.com,10/06/2026 07:45,Drop,79,training columbus,2,16,geo_other
washingtonlasershows.com,10/07/2026 07:45,Drop,79,washington laser shows,3,20,geo_other
hawaiiwealthadvisor.com,10/07/2026 07:45,Drop,79,hawaii wealth advisor,3,19,geo_other
alphagarageidaho.com,10/09/2026 07:45,Drop,79,alpha garage idaho,3,16,geo_service
parisappart.com,10/08/2026 07:45,Drop,79,paris app art,3,11,geo_other
detroitflightschool.com,10/07/2026 07:45,Drop,79,detroit flight school,3,19,geo_other
themobilehaircut.com,10/07/2026 07:45,Drop,79,the mobile haircut,3,16,geo_other
tampaimpactwindows.com,10/06/2026 07:45,Drop,79,tampa impact windows,3,18,geo_service
foreverfarmsoregon.com,10/09/2026 07:45,Drop,79,forever farms oregon,3,18,geo_other
wellsfera.com,10/09/2026 07:45,Drop,79,well sf era,3,9,geo_other
centralfloridabonds.com,10/09/2026 07:45,Drop,79,central florida bonds,3,19,geo_other
procareohio.com,10/07/2026 07:45,Drop,79,pro care ohio,3,11,geo_service
ladanggo.com,10/06/2026 07:45,Drop,79,la dang go,3,8,geo_other
houstoncia.com,10/06/2026 07:45,Drop,79,houston cia,2,10,geo_other
luxuryviewparis.com,10/06/2026 07:45,Drop,79,luxury view paris,3,15,geo_other
processservingcolorado.com,10/09/2026 07:45,Drop,79,process serving colorado,3,22,geo_other
phoenixtuningparts.com,10/07/2026 07:45,Drop,79,phoenix tuning parts,3,18,geo_other
infinitesmilesohio.com,10/09/2026 07:45,Drop,79,infinite smiles ohio,3,18,geo_other
singaporepropertylawyer.com,10/09/2026 07:45,Drop,79,singapore property lawyer,3,23,geo_service
atlantacbdhealth.com,10/09/2026 07:45,Drop,79,atlanta cbd health,3,16,geo_other
candycompanytexas.com,10/09/2026 07:45,Drop,79,candy company texas,3,17,geo_service
bouldernerd.com,10/08/2026 07:45,Drop,79,boulder nerd,2,11,geo_other
newarktrain.com,10/08/2026 07:45,Drop,79,newark train,2,11,geo_other
apartmentutah.com,10/06/2026 07:45,Drop,79,apartment utah,2,13,geo_other
michiganlasershows.com,10/07/2026 07:45,Drop,79,michigan laser shows,3,18,geo_other
albanyparkchamber.com,10/09/2026 07:45,Drop,79,albany park chamber,3,17,geo_other
columbuslincoln.com,10/09/2026 07:45,Drop,79,columbus lincoln,2,15,geo_other
oregonconstructionlaw.com,10/06/2026 07:45,Drop,79,oregon construction law,3,21,geo_service
utahresortshuttle.com,10/07/2026 07:45,Drop,79,utah resort shuttle,3,17,geo_other
metrodetroitaviation.com,10/07/2026 07:45,Drop,79,metro detroit aviation,3,20,geo_other
texastherapysource.com,10/08/2026 07:45,Drop,79,texas therapy source,3,18,geo_service
sfibm.com,10/09/2026 07:45,Drop,79,sf ibm,2,5,geo_other
maternalphoenix.com,10/09/2026 07:45,Drop,79,maternal phoenix,2,15,geo_other
spinartbaltimore.com,10/06/2026 07:45,Drop,79,spin art baltimore,3,16,geo_other
birminghamweddingvenues.com,10/08/2026 07:45,Drop,79,birmingham wedding venues,3,23,geo_service
shopdearaurora.com,10/09/2026 07:45,Drop,79,shop dear aurora,3,14,geo_service
securitydoorsjackson.com,10/06/2026 07:45,Drop,79,security doors jackson,3,20,geo_service
industrialtoronto.com,10/09/2026 07:45,Drop,79,industrial toronto,2,17,geo_other
nyctaxiplacement.com,10/08/2026 07:45,Drop,79,nyc taxi placement,3,16,geo_service
brooklyntechlabs.com,10/08/2026 07:45,Drop,79,brooklyn tech labs,3,16,geo_service
selfdefenseboston.com,10/09/2026 07:45,Drop,79,self defense boston,3,17,geo_other
blacklawyerhouston.com,10/09/2026 07:45,Drop,79,black lawyer houston,3,18,geo_service
houstonjacket.com,10/09/2026 07:45,Drop,79,houston jacket,2,13,geo_other
bostonbrickinvestments.com,10/06/2026 07:45,Drop,79,boston brick investments,3,22,geo_other
sweettreatsnyc.com,10/09/2026 07:45,Drop,79,sweet treats nyc,3,14,geo_other
hanmademelbourne.com,10/07/2026 07:45,Drop,79,han made melbourne,3,16,geo_other
risenshinecolumbia.com,10/08/2026 07:45,Drop,79,risen shine columbia,3,18,geo_other
rentthephoenix.com,10/07/2026 07:45,Drop,79,rent the phoenix,3,14,geo_other
resinphoenix.com,10/08/2026 07:45,Drop,79,resin phoenix,2,12,geo_other
californiastreeteats.com,10/08/2026 07:45,Drop,79,california street eats,3,20,geo_other
planetwola.com,10/08/2026 07:45,Drop,79,plane two la,3,10,geo_other
dubaiworldstay.com,10/08/2026 07:45,Drop,79,dubai world stay,3,14,geo_service
weshipmontana.com,10/08/2026 07:45,Drop,79,wes hip montana,3,13,geo_other
georgiaday.com,10/06/2026 07:45,Drop,79,georgia day,2,10,geo_other
houstonmusicradio.com,10/07/2026 07:45,Drop,79,houston music radio,3,17,geo_other
laredwork.com,10/09/2026 07:45,Drop,79,la red work,3,9,geo_other
boulderbeeman.com,10/09/2026 07:45,Drop,79,boulder bee man,3,13,geo_other
smiledelaware.com,10/08/2026 07:45,Drop,79,smile delaware,2,13,geo_other
geoffreyfailla.com,10/07/2026 07:45,Drop,79,geoffrey fail la,3,14,geo_other
floridaflavoradventures.com,10/07/2026 07:45,Drop,79,florida flavor adventures,3,23,geo_other
familyvisadubai.com,10/06/2026 07:45,Drop,79,family visa dubai,3,15,geo_other
durhampressurewashing.com,10/09/2026 07:45,Drop,79,durham pressure washing,3,21,geo_other
armmanhattan.com,10/09/2026 07:45,Drop,79,arm manhattan,2,12,geo_other
ohioperformanceacademy.com,10/09/2026 07:45,Drop,79,ohio performance academy,3,22,geo_other
adventuredublin.com,10/07/2026 07:45,Drop,79,adventure dublin,2,15,geo_other
beautycalifornia.com,10/07/2026 07:45,Drop,79,beauty california,2,16,geo_other
nashvillebeerguide.com,10/07/2026 07:45,Drop,79,nashville beer guide,3,18,geo_other
homedealscalifornia.com,10/06/2026 07:45,Drop,79,home deals california,3,19,geo_service
miamijewishads.com,10/09/2026 07:45,Drop,79,miami jewish ads,3,14,geo_other
offplanmelbourne.com,10/07/2026 07:45,Drop,79,off plan melbourne,3,16,geo_other
drugrehabboulder.com,10/08/2026 07:45,Drop,79,drug rehab boulder,3,16,geo_service
alcoholrehablouisiana.com,10/06/2026 07:45,Drop,79,alcohol rehab louisiana,3,21,geo_service
foodcateringnyc.com,10/07/2026 07:45,Drop,79,food catering nyc,3,15,geo_service
reddoorcolorado.com,10/08/2026 07:45,Drop,79,red door colorado,3,15,geo_service
messagemaryland.com,10/07/2026 07:45,Drop,79,message maryland,2,15,geo_other
coloradolasercompany.com,10/07/2026 07:45,Drop,79,colorado laser company,3,20,geo_service
naplesmoldremoval.com,10/08/2026 07:45,Drop,79,naples mold removal,3,17,geo_service
nevadadisabilities.com,10/07/2026 07:45,Drop,79,nevada disabilities,2,18,geo_other
brianhallrichmond.com,10/07/2026 07:45,Drop,79,brian hall richmond,3,17,geo_other
jerseyvillagedating.com,10/07/2026 07:45,Drop,79,jersey village dating,3,19,geo_other
minneapolislasershows.com,10/07/2026 07:45,Drop,79,minneapolis laser shows,3,21,geo_other
queensleisurevilla.com,10/06/2026 07:45,Drop,79,queens leisure villa,3,18,geo_other
montanaindustrial.com,10/08/2026 07:45,Drop,79,montana industrial,2,17,geo_other
sightlinemobile.com,10/06/2026 07:45,Drop,79,sight line mobile,3,15,geo_other
eyesparis.com,10/06/2026 07:45,Drop,79,eyes paris,2,9,geo_other
arizonasuits.com,10/09/2026 07:45,Drop,79,arizona suits,2,12,geo_other
shotsmiamibar.com,10/06/2026 07:45,Drop,79,shots miami bar,3,13,geo_other
pennsylvanialasercompany.com,10/07/2026 07:45,Drop,79,pennsylvania laser company,3,24,geo_service
boulderrockfence.com,10/08/2026 07:45,Drop,79,boulder rock fence,3,16,geo_service
lloydkentucky.com,10/08/2026 07:45,Drop,79,lloyd kentucky,2,13,geo_other
nycbluescreen.com,10/08/2026 07:45,Drop,79,nyc blue screen,3,13,geo_other
murderdefensehouston.com,10/06/2026 07:45,Drop,79,murder defense houston,3,20,geo_other
cleanerinsydney.com,10/09/2026 07:45,Drop,79,clean erin sydney,3,15,geo_other
jinyuandubai.com,10/08/2026 07:45,Drop,79,jin yuan dubai,3,12,geo_other
steelwyoming.com,10/08/2026 07:45,Drop,79,steel wyoming,2,12,geo_other
ohiophysicianalliance.com,10/09/2026 07:45,Drop,79,ohio physician alliance,3,21,geo_other
mobiledinosaurparty.com,10/06/2026 07:45,Drop,79,mobile dinosaur party,3,19,geo_other
minnesotalasercompany.com,10/07/2026 07:45,Drop,79,minnesota laser company,3,21,geo_service
auroratruth.com,10/09/2026 07:45,Drop,79,aurora truth,2,11,geo_other
charlottelasershows.com,10/07/2026 07:45,Drop,79,charlotte laser shows,3,19,geo_other
melbourneoffplan.com,10/07/2026 07:45,Drop,79,melbourne off plan,3,16,geo_other
yourfloridalodge.com,10/06/2026 07:45,Drop,79,your florida lodge,3,16,geo_other
arizonaweek.com,10/08/2026 07:45,Drop,79,arizona week,2,11,geo_other
evchargeredmonton.com,10/06/2026 07:45,Drop,79,ev charger edmonton,3,17,geo_other
ohiobusinessschool.com,10/09/2026 07:45,Drop,79,ohio business school,3,18,geo_other
milwaukeestandard.com,10/06/2026 07:45,Drop,79,milwaukee standard,2,17,geo_other
nycairportcab.com,10/09/2026 07:45,Drop,79,nyc airport cab,3,13,geo_other
pariscable.com,10/08/2026 07:45,Drop,79,paris cable,2,10,geo_other
nyccannabisbakery.com,10/06/2026 07:45,Drop,79,nyc cannabis bakery,3,17,geo_service
selectmiamishores.com,10/06/2026 07:45,Drop,79,select miami shores,3,17,geo_other
floridavideoediting.com,10/09/2026 07:45,Drop,79,florida video editing,3,19,geo_other
spinartspringfield.com,10/06/2026 07:45,Drop,79,spin art springfield,3,18,geo_other
spinartmontgomery.com,10/06/2026 07:45,Drop,79,spin art montgomery,3,17,geo_other
leepeela.com,10/08/2026 07:45,Drop,79,lee pee la,3,8,geo_other
atlantalanguagecenter.com,10/09/2026 07:45,Drop,79,atlanta language center,3,21,geo_service
verticalcolumbus.com,10/08/2026 07:45,Drop,79,vertical columbus,2,16,geo_other
vipcardubai.com,10/06/2026 07:45,Drop,79,vip car dubai,3,11,geo_other
rollclubsf.com,10/09/2026 07:45,Drop,79,roll club sf,3,10,geo_service
austinandjesse.com,10/07/2026 07:45,Drop,79,austin and jesse,3,14,geo_other
portlandretail.com,10/08/2026 07:45,Drop,79,portland retail,2,14,geo_other
dubaiautorent.com,10/06/2026 07:45,Drop,79,dubai auto rent,3,13,geo_service
seattleflowermarket.com,10/09/2026 07:45,Drop,79,seattle flower market,3,19,geo_service
nevadakitchenservices.com,10/07/2026 07:45,Drop,79,nevada kitchen services,3,21,geo_service
paidmarketingchicago.com,10/07/2026 07:45,Drop,79,paid marketing chicago,3,20,geo_other
floridamedwaste.com,10/09/2026 07:45,Drop,79,florida med waste,3,15,geo_other
totalcarecolorado.com,10/09/2026 07:45,Drop,79,total care colorado,3,17,geo_other
doubleclosetexas.com,10/09/2026 07:45,Drop,79,double close texas,3,16,geo_other
royalspeeddubai.com,10/06/2026 07:45,Drop,79,royal speed dubai,3,15,geo_other
seattlelender.com,10/07/2026 07:45,Drop,79,seattle lender,2,13,geo_other
torontopotlights.com,10/07/2026 07:45,Drop,79,toronto pot lights,3,16,geo_other
californiasoutherngirl.com,10/08/2026 07:45,Drop,79,california southern girl,3,22,geo_other
lacasebio.com,10/08/2026 07:45,Drop,79,la case bio,3,9,geo_other
drivesafesacramento.com,10/09/2026 07:45,Drop,79,drive safe sacramento,3,19,geo_other
mississippilasershows.com,10/07/2026 07:45,Drop,79,mississippi laser shows,3,21,geo_other
coloradomemories.com,10/07/2026 07:45,Drop,79,colorado memories,2,16,geo_other
iowalasercompany.com,10/07/2026 07:45,Drop,79,iowa laser company,3,16,geo_service
michigancityinsurance.com,10/09/2026 07:45,Drop,79,michigan city insurance,3,21,geo_service
niceboulder.com,10/08/2026 07:45,Drop,79,nice boulder,2,11,geo_other
goldencitylondon.com,10/07/2026 07:45,Drop,79,golden city london,3,16,geo_other
michiganpoliticalsigns.com,10/08/2026 07:45,Drop,79,michigan political signs,3,22,geo_other
alabamakitchenservices.com,10/07/2026 07:45,Drop,79,alabama kitchen services,3,22,geo_service
arizonacorner.com,10/09/2026 07:45,Drop,79,arizona corner,2,13,geo_other
manchesterdrugs.com,10/09/2026 07:45,Drop,79,manchester drugs,2,15,geo_other
kentuckycarcrash.com,10/07/2026 07:45,Drop,79,kentucky car crash,3,16,geo_other
hollywoodandvermont.com,10/06/2026 07:45,Drop,79,hollywood and vermont,3,19,geo_other
edmontonrockfest.com,10/07/2026 07:45,Drop,79,edmonton rock fest,3,16,geo_other
booklondonflights.com,10/09/2026 07:45,Drop,79,book london flights,3,17,geo_other
pennsylvaniadryeye.com,10/08/2026 07:45,Drop,79,pennsylvania dry eye,3,18,geo_other
minnesotalasershows.com,10/07/2026 07:45,Drop,79,minnesota laser shows,3,19,geo_other
dubaipropertydesk.com,10/09/2026 07:45,Drop,79,dubai property desk,3,17,geo_other
lanovira.com,10/08/2026 07:45,Drop,79,la nov ira,3,8,geo_other
seattlehooker.com,10/06/2026 07:45,Drop,79,seattle hooker,2,13,geo_other
ohioitcorp.com,10/07/2026 07:45,Drop,79,ohio it corp,3,10,geo_other
buscomparison.com,10/09/2026 07:45,Drop,79,bus comparison,2,13,geo_other
thinkwestkentucky.com,10/06/2026 07:45,Drop,79,think west kentucky,3,17,geo_other
denverlasershows.com,10/07/2026 07:45,Drop,79,denver laser shows,3,16,geo_other
nycactingclasses.com,10/06/2026 07:45,Drop,79,nyc acting classes,3,16,geo_other
highwayequipmentohio.com,10/08/2026 07:45,Drop,79,highway equipment ohio,3,20,geo_other
vancouverstitch.com,10/08/2026 07:45,Drop,79,vancouver stitch,2,15,geo_other
louisianawear.com,10/09/2026 07:45,Drop,79,louisiana wear,2,13,geo_other
californialasershows.com,10/07/2026 07:45,Drop,79,california laser shows,3,20,geo_other
theomahaexperience.com,10/07/2026 07:45,Drop,79,the omaha experience,3,18,geo_other
torontodivorcedlaw.com,10/09/2026 07:45,Drop,79,toronto divorced law,3,18,geo_service
autosalesflorida.com,10/07/2026 07:45,Drop,79,auto sales florida,3,16,geo_service
podcaststudiohollywood.com,10/07/2026 07:45,Drop,79,podcast studio hollywood,3,22,geo_other
austinvideoediting.com,10/09/2026 07:45,Drop,79,austin video editing,3,18,geo_other
coveringorlando.com,10/09/2026 07:45,Drop,79,covering orlando,2,15,geo_other
charlottespill.com,10/08/2026 07:45,Drop,79,charlotte spill,2,14,geo_other
nycwallpaperinstall.com,10/07/2026 07:45,Drop,79,nyc wallpaper install,3,19,geo_other
hollywoodmusicpublishing.com,10/09/2026 07:45,Drop,79,hollywood music publishing,3,24,geo_other
forcolumbusstudents.com,10/09/2026 07:45,Drop,79,for columbus students,3,19,geo_other
michiganeyeclinic.com,10/08/2026 07:45,Drop,79,michigan eye clinic,3,17,geo_service
tvsellchicago.com,10/06/2026 07:45,Drop,79,tv sell chicago,3,13,geo_other
titleloanphoenix.com,10/09/2026 07:45,Drop,79,title loan phoenix,3,16,geo_other
gensexnyc.com,10/06/2026 07:45,Drop,79,gen sex nyc,3,9,geo_other
maedallas.com,10/07/2026 07:45,Drop,79,mae dallas,2,9,geo_other
atlantafoodfinds.com,10/06/2026 07:45,Drop,79,atlanta food finds,3,16,geo_other
aurorario.com,10/08/2026 07:45,Drop,79,aurora rio,2,9,geo_other
arizonahottub.com,10/08/2026 07:45,Drop,79,arizona hot tub,3,13,geo_other
citypubboston.com,10/08/2026 07:45,Drop,79,city pub boston,3,13,geo_other
illinoisdelivery.com,10/06/2026 07:45,Drop,79,illinois delivery,2,16,geo_other
kansasvacuum.com,10/09/2026 07:45,Drop,79,kansas vacuum,2,12,geo_other
iowahelicopter.com,10/08/2026 07:45,Drop,79,iowa helicopter,2,14,geo_other
jacksonweberart.com,10/07/2026 07:45,Drop,79,jackson weber art,3,15,geo_other
lacharterfishing.com,10/08/2026 07:45,Drop,79,la charter fishing,3,16,geo_other
detroitnaturalwines.com,10/08/2026 07:45,Drop,79,detroit natural wines,3,19,geo_other
northhoustonpersonnel.com,10/09/2026 07:45,Drop,79,north houston personnel,3,21,geo_other
dubaitopseo.com,10/09/2026 07:45,Drop,79,dubai top seo,3,11,geo_other
agencyarizona.com,10/09/2026 07:45,Drop,79,agency arizona,2,13,geo_other
ohioreceivers.com,10/09/2026 07:45,Drop,79,ohio receivers,2,13,geo_other
georgiarosecoaching.com,10/09/2026 07:45,Drop,79,georgia rose coaching,3,19,geo_other
phoenixapparelco.com,10/09/2026 07:45,Drop,79,phoenix apparel co,3,16,geo_service
areyoumobile.com,10/06/2026 07:45,Drop,79,are you mobile,3,12,geo_other
ropemoretexas.com,10/06/2026 07:45,Drop,79,rope more texas,3,13,geo_other
montanatiny.com,10/08/2026 07:45,Drop,79,montana tiny,2,11,geo_other
perthweddingphotographers.com,10/07/2026 07:45,Drop,79,perth wedding photographers,3,25,geo_service
cousinmarynyc.com,10/09/2026 07:45,Drop,79,cousin mary nyc,3,13,geo_other
arizonafox.com,10/06/2026 07:45,Drop,79,arizona fox,2,10,geo_other
columbusfederalattorney.com,10/09/2026 07:45,Drop,79,columbus federal attorney,3,23,geo_service
chicagoprivateclinic.com,10/08/2026 07:45,Drop,79,chicago private clinic,3,20,geo_service
automobilestatus.com,10/07/2026 07:45,Drop,79,automobile status,2,16,geo_other
salemwalk.com,10/07/2026 07:45,Drop,79,salem walk,2,9,geo_other
mobileproxygermany.com,10/09/2026 07:45,Drop,79,mobile proxy germany,3,18,geo_other
floridaprimecare.com,10/08/2026 07:45,Drop,79,florida prime care,3,16,geo_other
centralutahrental.com,10/06/2026 07:45,Drop,79,central utah rental,3,17,geo_service
californiaarthouse.com,10/09/2026 07:45,Drop,79,california art house,3,18,geo_service
bostonlightinspections.com,10/07/2026 07:45,Drop,79,boston light inspections,3,22,geo_other
montanaconstructionllc.com,10/09/2026 07:45,Drop,79,montana construction llc,3,22,geo_service
wayfreela.com,10/06/2026 07:45,Drop,79,way free la,3,9,geo_other
thejoycenyc.com,10/08/2026 07:45,Drop,79,the joyce nyc,3,11,geo_other
dubaiflyingdresses.com,10/09/2026 07:45,Drop,79,dubai flying dresses,3,18,geo_other
tampahispanicbusiness.com,10/08/2026 07:45,Drop,79,tampa hispanic business,3,21,geo_other
mainenativearts.com,10/08/2026 07:45,Drop,79,maine native arts,3,15,geo_other
printingpresstexas.com,10/08/2026 07:45,Drop,79,printing press texas,3,18,geo_other
londonbackup.com,10/06/2026 07:45,Drop,79,london backup,2,12,geo_other
omahalawgroup.com,10/08/2026 07:45,Drop,79,omaha law group,3,13,geo_service
deeperthenruins.com,10/09/2026 07:45,Drop,79,deeper then ruins,3,15,geo_other
consultingstrivedubai.com,10/08/2026 07:45,Drop,79,consulting strive dubai,3,21,geo_other
cleanproscalgary.com,10/06/2026 07:45,Drop,79,clean pros calgary,3,16,geo_service
houstonlasercompany.com,10/07/2026 07:45,Drop,79,houston laser company,3,19,geo_service
projerseyfans.com,10/08/2026 07:45,Drop,79,pro jersey fans,3,13,geo_service
chicagospamonth.com,10/09/2026 07:45,Drop,79,chicago spa month,3,15,geo_service
larefbarber.com,10/09/2026 07:45,Drop,79,la ref barber,3,11,geo_service
texasbeeco.com,10/08/2026 07:45,Drop,79,texas bee co,3,10,geo_service
susanwashingtonart.com,10/09/2026 07:45,Drop,79,susan washington art,3,18,geo_other
houstonyardparty.com,10/09/2026 07:45,Drop,79,houston yard party,3,16,geo_other
tamparailtransfer.com,10/07/2026 07:45,Drop,79,tampa rail transfer,3,17,geo_other
houstonofftopic.com,10/07/2026 07:45,Drop,79,houston off topic,3,15,geo_other
deeperthanruin.com,10/09/2026 07:45,Drop,79,deeper than ruin,3,14,geo_other
accesshollywoodvip.com,10/09/2026 07:45,Drop,79,access hollywood vip,3,18,geo_other
austincomputerstore.com,10/07/2026 07:45,Drop,79,austin computer store,3,19,geo_service
perthchampagnetowers.com,10/08/2026 07:45,Drop,79,perth champagne towers,3,20,geo_other
orlandosoftwarecompany.com,10/09/2026 07:45,Drop,79,orlando software company,3,22,geo_service
tailwheelidaho.com,10/08/2026 07:45,Drop,79,tail wheel idaho,3,14,geo_other
denvercraigthomas.com,10/07/2026 07:45,Drop,79,denver craig thomas,3,17,geo_other
clevelandcommunitygarden.com,10/07/2026 07:45,Drop,79,cleveland community garden,3,24,geo_other
arizonalasercompany.com,10/07/2026 07:45,Drop,79,arizona laser company,3,19,geo_service
pariscityshuttle.com,10/09/2026 07:45,Drop,79,paris city shuttle,3,16,geo_other
perthexpress.com,10/09/2026 07:45,Drop,79,perth express,2,12,geo_service
texaskitchenservices.com,10/07/2026 07:45,Drop,79,texas kitchen services,3,20,geo_service
auroradispatch.com,10/08/2026 07:45,Drop,79,aurora dispatch,2,14,geo_other
seattlespaces.com,10/06/2026 07:45,Drop,79,seattle spaces,2,13,geo_other
kansaslasercompany.com,10/07/2026 07:45,Drop,79,kansas laser company,3,18,geo_service
sugarlandhost.com,10/06/2026 07:45,Drop,79,sugar land host,3,13,geo_other
apartmentsdowntownhouston.com,10/07/2026 07:45,Drop,79,apartments downtown houston,3,25,geo_other
dudesindallas.com,10/06/2026 07:45,Drop,79,dude sin dallas,3,13,geo_other
massagesinlondon.com,10/07/2026 07:45,Drop,79,massage sin london,3,16,geo_service
smilingbuffalo.com,10/07/2026 07:45,Drop,79,smiling buffalo,2,14,geo_other
luxuryhairlondon.com,10/09/2026 07:45,Drop,79,luxury hair london,3,16,geo_other
boltandphoenix.com,10/08/2026 07:45,Drop,79,bolt and phoenix,3,14,geo_other
christmasballetdenver.com,10/06/2026 07:45,Drop,79,christmas ballet denver,3,21,geo_other
rochestertrades.com,10/07/2026 07:45,Drop,79,rochester trades,2,15,geo_other
arlingtonheightsplay.com,10/07/2026 07:45,Drop,79,arlington heights play,3,20,geo_other
texaseducationadvocates.com,10/07/2026 07:45,Drop,79,texas education advocates,3,23,geo_other
texasveteranspodcast.com,10/06/2026 07:45,Drop,79,texas veterans podcast,3,20,geo_other
transportationlaairport.com,10/08/2026 07:45,Drop,79,transportation la airport,3,23,geo_other
phoenixwoodllc.com,10/06/2026 07:45,Drop,79,phoenix wood llc,3,14,geo_other
laonedental.com,10/09/2026 07:45,Drop,79,la one dental,3,11,geo_service
bostonground.com,10/06/2026 07:45,Drop,79,boston ground,2,12,geo_other
apartmentrentaldallas.com,10/08/2026 07:45,Drop,79,apartment rental dallas,3,21,geo_service
tampaorlandorail.com,10/07/2026 07:45,Drop,79,tampa orlando rail,3,16,geo_other
obamacareforflorida.com,10/06/2026 07:45,Drop,79,obamacare for florida,3,19,geo_other
houstonappdevelopers.com,10/07/2026 07:45,Drop,79,houston app developers,3,20,geo_other
mainelinecapital.com,10/09/2026 07:45,Drop,79,maine line capital,3,16,geo_other
extrakeynyc.com,10/09/2026 07:45,Drop,79,extra key nyc,3,11,geo_other
spinartla.com,10/06/2026 07:45,Drop,79,spin art la,3,9,geo_other
jimsfarms.com,10/08/2026 07:45,Drop,79,jim sf arms,3,9,geo_other
quickjobohio.com,10/09/2026 07:45,Drop,79,quick job ohio,3,12,geo_other
arizonalasershows.com,10/07/2026 07:45,Drop,79,arizona laser shows,3,17,geo_other
sffinancecorp.com,10/09/2026 07:45,Drop,79,sf finance corp,3,13,geo_other
californiavideoediting.com,10/09/2026 07:45,Drop,79,california video editing,3,22,geo_other
corporatekitoakland.com,10/07/2026 07:45,Drop,79,corporate kit oakland,3,19,geo_other
missouriinvest.com,10/06/2026 07:45,Drop,79,missouri invest,2,14,geo_other
pittsburghbroker.com,10/08/2026 07:45,Drop,79,pittsburgh broker,2,16,geo_other
pythonla.com,10/06/2026 07:45,Drop,79,python la,2,8,geo_other
mobiledigitalboards.com,10/06/2026 07:45,Drop,79,mobile digital boards,3,19,geo_other
arizonavideoediting.com,10/09/2026 07:45,Drop,79,arizona video editing,3,19,geo_other
londonkneepractice.com,10/08/2026 07:45,Drop,79,london knee practice,3,18,geo_other
howcolumbia.com,10/06/2026 07:45,Drop,79,how columbia,2,11,geo_other
miamishopcentral.com,10/07/2026 07:45,Drop,79,miami shop central,3,16,geo_service
alcoholrehabvermont.com,10/06/2026 07:45,Drop,79,alcohol rehab vermont,3,19,geo_service
mobilebarleads.com,10/08/2026 07:45,Drop,79,mobile bar leads,3,14,geo_other
massachusettslasershows.com,10/07/2026 07:45,Drop,79,massachusetts laser shows,3,23,geo_other
mysterytownmichigan.com,10/06/2026 07:45,Drop,79,mystery town michigan,3,19,geo_other
partnersutah.com,10/07/2026 07:45,Drop,79,partners utah,2,12,geo_service
spinartcincinnati.com,10/06/2026 07:45,Drop,79,spin art cincinnati,3,17,geo_other
thechiliqueens.com,10/09/2026 07:45,Drop,79,the chili queens,3,14,geo_other
spinartdetroit.com,10/06/2026 07:45,Drop,79,spin art detroit,3,14,geo_other
jacksonkingdomllc.com,10/09/2026 07:45,Drop,79,jackson kingdom llc,3,17,geo_other
globalsecuritysacramento.com,10/08/2026 07:45,Drop,79,global security sacramento,3,24,geo_other
adultalbany.com,10/07/2026 07:45,Drop,79,adult albany,2,11,geo_other
titleloanstampa.com,10/09/2026 07:45,Drop,79,title loans tampa,3,15,geo_other
hollywoodtrophies.com,10/07/2026 07:45,Drop,79,hollywood trophies,2,17,geo_other
floridacabinetmaker.com,10/06/2026 07:45,Drop,79,florida cabinet maker,3,19,geo_service
facedetroit.com,10/09/2026 07:45,Drop,79,face detroit,2,11,geo_other
lapestore.com,10/08/2026 07:45,Drop,79,la pest ore,3,9,geo_service
atlantamicroschools.com,10/08/2026 07:45,Drop,79,atlanta micro schools,3,19,geo_other
handmadela.com,10/09/2026 07:45,Drop,79,handmade la,2,10,geo_other
montanatheory.com,10/06/2026 07:45,Drop,79,montana theory,2,13,geo_other
vancouvertailor.com,10/06/2026 07:45,Drop,79,vancouver tailor,2,15,geo_other
goatjerseygo.com,10/06/2026 07:45,Drop,79,goat jersey go,3,12,geo_other
washingtonwinesguide.com,10/08/2026 07:45,Drop,79,washington wines guide,3,20,geo_other
boardenvyhouston.com,10/06/2026 07:45,Drop,79,board envy houston,3,16,geo_other
dubaielitecars.com,10/08/2026 07:45,Drop,79,dubai elite cars,3,14,geo_other
bostonsuburbanliving.com,10/08/2026 07:45,Drop,79,boston suburban living,3,20,geo_other
elenavirginia.com,10/06/2026 07:45,Drop,79,elena virginia,2,13,geo_other
conymobile.com,10/08/2026 07:45,Drop,79,co ny mobile,3,10,geo_service
thequeensown.com,10/07/2026 07:45,Drop,79,the queens own,3,12,geo_other
oaklandcommunitychurch.com,10/08/2026 07:45,Drop,79,oakland community church,3,22,geo_other
outtrainingorlando.com,10/08/2026 07:45,Drop,79,out training orlando,3,18,geo_other
shuttleontarioairport.com,10/08/2026 07:45,Drop,79,shuttle ontario airport,3,21,geo_other
yourfloridastay.com,10/06/2026 07:45,Drop,79,your florida stay,3,15,geo_other
quickjobgeorgia.com,10/09/2026 07:45,Drop,79,quick job georgia,3,15,geo_other
complacela.com,10/08/2026 07:45,Drop,79,com place la,3,10,geo_other
oregonlasershows.com,10/07/2026 07:45,Drop,79,oregon laser shows,3,16,geo_other
maxstudiolondon.com,10/08/2026 07:45,Drop,79,max studio london,3,15,geo_other
middlegeorgiatalent.com,10/07/2026 07:45,Drop,79,middle georgia talent,3,19,geo_other
albanymosquito.com,10/08/2026 07:45,Drop,79,albany mosquito,2,14,geo_other
alaskalasershows.com,10/07/2026 07:45,Drop,79,alaska laser shows,3,16,geo_other
austinlogo.com,10/07/2026 07:45,Drop,79,austin logo,2,10,geo_other
liveplaysacramento.com,10/08/2026 07:45,Drop,79,live play sacramento,3,18,geo_other
washingtoncountydemocrats.com,10/06/2026 07:45,Drop,79,washington county democrats,3,25,geo_other
keeptexasnotified.com,10/06/2026 07:45,Drop,79,keep texas notified,3,17,geo_other
coloradoeventvendors.com,10/06/2026 07:45,Drop,79,colorado event vendors,3,20,geo_other
getstrivedubai.com,10/08/2026 07:45,Drop,79,get strive dubai,3,14,geo_other
idahotailwheel.com,10/08/2026 07:45,Drop,79,idaho tail wheel,3,14,geo_other
medicalatlanta.com,10/06/2026 07:45,Drop,79,medical atlanta,2,14,geo_other
boulderstat.com,10/06/2026 07:45,Drop,79,boulder stat,2,11,geo_other
jediloungenashville.com,10/09/2026 07:45,Drop,79,jedi lounge nashville,3,19,geo_other
texaselectricservices.com,10/08/2026 07:45,Drop,79,texas electric services,3,21,geo_service
staycoolmiami.com,10/07/2026 07:45,Drop,79,stay cool miami,3,13,geo_other
columbusadvisor.com,10/09/2026 07:45,Drop,79,columbus advisor,2,15,geo_other
spinartindianapolis.com,10/06/2026 07:45,Drop,79,spin art indianapolis,3,19,geo_other
oregonsigndesign.com,10/08/2026 07:45,Drop,79,oregon sign design,3,16,geo_other
spinartjacksonville.com,10/06/2026 07:45,Drop,79,spin art jacksonville,3,19,geo_other
turkeymanhattan.com,10/06/2026 07:45,Drop,79,turkey manhattan,2,15,geo_other
torontoaesthetic.com,10/09/2026 07:45,Drop,79,toronto aesthetic,2,16,geo_other
myorlandodentist.com,10/08/2026 07:45,Drop,79,my orlando dentist,3,16,geo_service
steamcleanboston.com,10/06/2026 07:45,Drop,79,steam clean boston,3,16,geo_other
realoaklandlove.com,10/08/2026 07:45,Drop,79,real oakland love,3,15,geo_other
madisonabbeydesign.com,10/06/2026 07:45,Drop,79,madison abbey design,3,18,geo_other
aurorareplacementwindows.com,10/07/2026 07:45,Drop,79,aurora replacement windows,3,24,geo_service
jazzlacafe.com,10/07/2026 07:45,Drop,79,jazz la cafe,3,10,geo_other
indianalasershows.com,10/07/2026 07:45,Drop,79,indiana laser shows,3,17,geo_other
waterextractionphoenix.com,10/06/2026 07:45,Drop,79,water extraction phoenix,3,22,geo_service
bracesinseattle.com,10/08/2026 07:45,Drop,79,brace sin seattle,3,15,geo_other
phoenixlasershows.com,10/07/2026 07:45,Drop,79,phoenix laser shows,3,17,geo_other
mobilephoneuniverse.com,10/07/2026 07:45,Drop,79,mobile phone universe,3,19,geo_other
coloradopoundcake.com,10/06/2026 07:45,Drop,79,colorado pound cake,3,17,geo_other
dallaslasercompany.com,10/07/2026 07:45,Drop,79,dallas laser company,3,18,geo_service
edenverticalfarms.com,10/08/2026 07:45,Drop,79,eden vertical farms,3,17,geo_other
casinopartyindianapolis.com,10/06/2026 07:45,Drop,79,casino party indianapolis,3,23,geo_other
marchla.com,10/07/2026 07:45,Drop,79,march la,2,7,geo_other
ecobeautyorlando.com,10/09/2026 07:45,Drop,79,eco beauty orlando,3,16,geo_other
texascapitolllc.com,10/07/2026 07:45,Drop,79,texas capitol llc,3,15,geo_other
elitemobilemechanic.com,10/06/2026 07:45,Drop,79,elite mobile mechanic,3,19,geo_other
columbiadiningguide.com,10/07/2026 07:45,Drop,79,columbia dining guide,3,19,geo_other
londonwinters.com,10/06/2026 07:45,Drop,79,london winters,2,13,geo_other
doctorbirmingham.com,10/08/2026 07:45,Drop,79,doctor birmingham,2,16,geo_other
oklahomamedicalbond.com,10/06/2026 07:45,Drop,79,oklahoma medical bond,3,19,geo_other
jimclevelandauthor.com,10/07/2026 07:45,Drop,79,jim cleveland author,3,18,geo_other
jerseyfarmers.com,10/08/2026 07:45,Drop,79,jersey farmers,2,13,geo_other
snacksfromtexas.com,10/08/2026 07:45,Drop,79,snacks from texas,3,15,geo_other
georgialuxuryliving.com,10/08/2026 07:45,Drop,79,georgia luxury living,3,19,geo_other
coloradolasershows.com,10/07/2026 07:45,Drop,79,colorado laser shows,3,18,geo_other
jacksonandsmith.com,10/06/2026 07:45,Drop,79,jackson and smith,3,15,geo_other
whatsupbend.com,10/09/2026 07:45,Drop,79,whats up bend,3,11,geo_other
sacramentolasercompany.com,10/07/2026 07:45,Drop,79,sacramento laser company,3,22,geo_service
parisleo.com,10/07/2026 07:45,Drop,79,paris leo,2,8,geo_other
washingtondent.com,10/06/2026 07:45,Drop,79,washington dent,2,14,geo_other
lachangsoul.com,10/09/2026 07:45,Drop,79,la chang soul,3,11,geo_other
happytacola.com,10/08/2026 07:45,Drop,79,happy taco la,3,11,geo_other
bostonemployeetraining.com,10/08/2026 07:45,Drop,79,boston employee training,3,22,geo_other
walkerchambershouston.com,10/07/2026 07:45,Drop,79,walker chambers houston,3,21,geo_other
weddingphotographersperth.com,10/07/2026 07:45,Drop,79,wedding photographers perth,3,25,geo_service
aboutlincolnmason.com,10/07/2026 07:45,Drop,79,about lincoln mason,3,17,geo_other
hydeparis.com,10/08/2026 07:45,Drop,79,hyde paris,2,9,geo_other
evalacorp.com,10/08/2026 07:45,Drop,79,eva la corp,3,9,geo_other
nevadatomorrow.com,10/07/2026 07:45,Drop,79,nevada tomorrow,2,14,geo_other
savannahpsychic.com,10/06/2026 07:45,Drop,79,savannah psychic,2,15,geo_other
illinoisreferee.com,10/06/2026 07:45,Drop,79,illinois referee,2,15,geo_other
oregonwinesguide.com,10/08/2026 07:45,Drop,79,oregon wines guide,3,16,geo_other
orlandotravelwriter.com,10/09/2026 07:45,Drop,79,orlando travel writer,3,19,geo_service
queensbagwealth.com,10/09/2026 07:45,Drop,79,queens bag wealth,3,15,geo_other
quickjobalabama.com,10/09/2026 07:45,Drop,79,quick job alabama,3,15,geo_other
dubaibusinessinsights.com,10/09/2026 07:45,Drop,79,dubai business insights,3,21,geo_other
customcabinetla.com,10/09/2026 07:45,Drop,79,custom cabinet la,3,15,geo_service
coloradorecover.com,10/06/2026 07:45,Drop,79,colorado recover,2,15,geo_other
edmontoncontainers.com,10/07/2026 07:45,Drop,79,edmonton containers,2,18,geo_other
floridachessclub.com,10/09/2026 07:45,Drop,79,florida chess club,3,16,geo_service
flowerhavennyc.com,10/09/2026 07:45,Drop,79,flower haven nyc,3,14,geo_other
austintechhelp.com,10/06/2026 07:45,Drop,79,austin tech help,3,14,geo_service
getfitdubai.com,10/07/2026 07:45,Drop,79,get fit dubai,3,11,geo_other
ambassadoraustin.com,10/09/2026 07:45,Drop,79,ambassador austin,2,16,geo_other
pennsylvaniavideoediting.com,10/09/2026 07:45,Drop,79,pennsylvania video editing,3,24,geo_other
milwaukeelasercompany.com,10/07/2026 07:45,Drop,79,milwaukee laser company,3,21,geo_service
wyomingfirearms.com,10/07/2026 07:45,Drop,79,wyoming firearms,2,15,geo_other
internetprovidertexas.com,10/07/2026 07:45,Drop,79,internet provider texas,3,21,geo_other
chicagoitalianice.com,10/07/2026 07:45,Drop,79,chicago italian ice,3,17,geo_other
tampacarryclass.com,10/06/2026 07:45,Drop,79,tampa carry class,3,15,geo_other
austinweddingphoto.com,10/06/2026 07:45,Drop,79,austin wedding photo,3,18,geo_service
arizonacurbappeal.com,10/06/2026 07:45,Drop,79,arizona curb appeal,3,17,geo_other
northtexaslive.com,10/09/2026 07:45,Drop,79,north texas live,3,14,geo_other
yourschoolcolorado.com,10/07/2026 07:45,Drop,79,your school colorado,3,18,geo_other
jumparoundvirginia.com,10/07/2026 07:45,Drop,79,jump around virginia,3,18,geo_other
ohiovalleyfurniture.com,10/08/2026 07:45,Drop,79,ohio valley furniture,3,19,geo_other
bluehawaiiproductions.com,10/08/2026 07:45,Drop,79,blue hawaii productions,3,21,geo_other
rimmobileplaza.com,10/09/2026 07:45,Drop,79,rim mobile plaza,3,14,geo_other
parisotime.com,10/08/2026 07:45,Drop,79,par iso time,3,10,geo_other
sunridgedubai.com,10/09/2026 07:45,Drop,79,sun ridge dubai,3,13,geo_other
dnamobiletest.com,10/09/2026 07:45,Drop,79,dna mobile test,3,13,geo_other
aaamiami.com,10/08/2026 07:45,Drop,79,aaa miami,2,8,geo_other
nevadavideoediting.com,10/09/2026 07:45,Drop,79,nevada video editing,3,18,geo_other
singaporecommerciallaw.com,10/09/2026 07:45,Drop,79,singapore commercial law,3,22,geo_service
lazoneimpression.com,10/06/2026 07:45,Drop,79,la zone impression,3,16,geo_other
illinoispatent.com,10/06/2026 07:45,Drop,79,illinois patent,2,14,geo_other
caringtransportsf.com,10/07/2026 07:45,Drop,79,caring transport sf,3,17,geo_other
myseattleparty.com,10/09/2026 07:45,Drop,79,my seattle party,3,14,geo_other
aicincinnati.com,10/06/2026 07:45,Drop,79,ai cincinnati,2,12,geo_other
mysterytownindiana.com,10/06/2026 07:45,Drop,79,mystery town indiana,3,18,geo_other
phoenixracewear.com,10/08/2026 07:45,Drop,79,phoenix race wear,3,15,geo_other
westseattlerow.com,10/07/2026 07:45,Drop,79,west seattle row,3,14,geo_other
alabamastylewhiskey.com,10/07/2026 07:45,Drop,79,alabama style whiskey,3,19,geo_other
texastarinc.com,10/08/2026 07:45,Drop,79,texas tar inc,3,11,geo_service
melbourneventurepartners.com,10/08/2026 07:45,Drop,79,melbourne venture partners,3,24,geo_service
hudsonhousechicago.com,10/06/2026 07:45,Drop,79,hudson house chicago,3,18,geo_service
spinartmilwaukee.com,10/06/2026 07:45,Drop,79,spin art milwaukee,3,16,geo_other
leadershipboston.com,10/08/2026 07:45,Drop,79,leadership boston,2,16,geo_other
classicalmobiledetailing.com,10/09/2026 07:45,Drop,79,classical mobile detailing,3,24,geo_other
floridadispatch.com,10/09/2026 07:45,Drop,79,florida dispatch,2,15,geo_other
thirdgridnyc.com,10/09/2026 07:45,Drop,79,third grid nyc,3,12,geo_other
bronxmassagetherapy.com,10/08/2026 07:45,Drop,79,bronx massage therapy,3,19,geo_service
twinoakseugene.com,10/06/2026 07:45,Drop,79,twin oaks eugene,3,14,geo_other
nychackerhouse.com,10/07/2026 07:45,Drop,79,nyc hacker house,3,14,geo_service
expmichigan.com,10/08/2026 07:45,Drop,79,exp michigan,2,11,geo_other
labrastores.com,10/06/2026 07:45,Drop,79,la bra stores,3,11,geo_other
miamiwineexpo.com,10/06/2026 07:45,Drop,79,miami wine expo,3,13,geo_other
montgomeryindiana.com,10/06/2026 07:45,Drop,79,montgomery indiana,2,17,geo_other
metrodigitalnyc.com,10/09/2026 07:45,Drop,79,metro digital nyc,3,15,geo_other
phoeniximperial.com,10/07/2026 07:45,Drop,79,phoenix imperial,2,15,geo_other
grewupboston.com,10/09/2026 07:45,Drop,79,grew up boston,3,12,geo_other
saraspencer.com,10/06/2026 07:45,Drop,79,sara spencer,2,11,geo_other
laservicetaxi.com,10/08/2026 07:45,Drop,79,la service taxi,3,13,geo_service
forklessnyc.com,10/09/2026 07:45,Drop,79,fork less nyc,3,11,geo_other
sfbaylab.com,10/08/2026 07:45,Drop,79,sf bay lab,3,8,geo_other
detroitsnackcatering.com,10/07/2026 07:45,Drop,79,detroit snack catering,3,20,geo_service
homeextensionsmanchester.com,10/09/2026 07:45,Drop,79,home extensions manchester,3,24,geo_service
volumenashville.com,10/08/2026 07:45,Drop,79,volume nashville,2,15,geo_other
gameontario.com,10/07/2026 07:45,Drop,79,game ontario,2,11,geo_other
floridasafetytraining.com,10/07/2026 07:45,Drop,79,florida safety training,3,21,geo_other
dubaiescortgirls.com,10/08/2026 07:45,Drop,79,dubai escort girls,3,16,geo_other
pariseugene.com,10/09/2026 07:45,Drop,79,paris eugene,2,11,geo_other
theneighboraustin.com,10/06/2026 07:45,Drop,79,the neighbor austin,3,17,geo_other
gophoenixstyle.com,10/09/2026 07:45,Drop,79,go phoenix style,3,14,geo_other
weshipnevada.com,10/08/2026 07:45,Drop,79,wes hip nevada,3,12,geo_other
jerusalemlimestone.com,10/06/2026 07:45,Drop,79,jerusalem limestone,2,18,geo_other
jacksonvillevideoediting.com,10/09/2026 07:45,Drop,79,jacksonville video editing,3,24,geo_other
vetcolumbus.com,10/07/2026 07:45,Drop,79,vet columbus,2,11,geo_service
omaharentalhall.com,10/06/2026 07:45,Drop,79,omaha rental hall,3,15,geo_service
spinarthollywood.com,10/06/2026 07:45,Drop,79,spin art hollywood,3,16,geo_other
gascomparisons.com,10/07/2026 07:45,Drop,79,gas comparisons,2,14,geo_other
holidaysdenver.com,10/08/2026 07:45,Drop,79,holidays denver,2,14,geo_other
theoaklandgeneral.com,10/07/2026 07:45,Drop,79,the oakland general,3,17,geo_other
dallascitypro.com,10/07/2026 07:45,Drop,79,dallas city pro,3,13,geo_service
chicagopainmanagement.com,10/07/2026 07:45,Drop,79,chicago pain management,3,21,geo_other
chicagobuildersoutlet.com,10/06/2026 07:45,Drop,79,chicago builders outlet,3,21,geo_service
bostonbiotherapy.com,10/06/2026 07:45,Drop,79,boston bio therapy,3,16,geo_service
bostonsolarpower.com,10/08/2026 07:45,Drop,79,boston solar power,3,16,geo_service
bluekeyaustin.com,10/07/2026 07:45,Drop,79,blue key austin,3,13,geo_other
laimportsjewelry.com,10/06/2026 07:45,Drop,79,la imports jewelry,3,16,geo_other
hellocharlottehill.com,10/08/2026 07:45,Drop,79,hello charlotte hill,3,18,geo_other
lawinclaims.com,10/08/2026 07:45,Drop,79,la win claims,3,11,geo_other
trylabrown.com,10/08/2026 07:45,Drop,79,try la brown,3,10,geo_other
minnesotaspan.com,10/06/2026 07:45,Drop,79,minnesota span,2,13,geo_other
philadelphialifecenter.com,10/09/2026 07:45,Drop,79,philadelphia life center,3,22,geo_service
gilbertwallace.com,10/08/2026 07:45,Drop,79,gilbert wallace,2,14,geo_other
savannahfortennessee.com,10/06/2026 07:45,Drop,79,savannah for tennessee,3,20,geo_other
dryeyecalgary.com,10/09/2026 07:45,Drop,79,dry eye calgary,3,13,geo_other
indianashoulder.com,10/08/2026 07:45,Drop,79,indiana shoulder,2,15,geo_other
affordablehalehawaii.com,10/07/2026 07:45,Drop,79,affordable hale hawaii,3,20,geo_other
mobilitymontana.com,10/09/2026 07:45,Drop,79,mobility montana,2,15,geo_other
dubaiportfolio.com,10/09/2026 07:45,Drop,79,dubai portfolio,2,14,geo_other
oregonkitchenservices.com,10/07/2026 07:45,Drop,79,oregon kitchen services,3,21,geo_service
queensbio.com,10/08/2026 07:45,Drop,79,queens bio,2,9,geo_other
flowertrendla.com,10/09/2026 07:45,Drop,79,flower trend la,3,13,geo_other
ceojersey.com,10/09/2026 07:45,Drop,79,ceo jersey,2,9,geo_other
atlantarubberstamps.com,10/08/2026 07:45,Drop,79,atlanta rubber stamps,3,19,geo_other
mobilegametool.com,10/09/2026 07:45,Drop,79,mobile game tool,3,14,geo_other
laioncap.com,10/07/2026 07:45,Drop,79,la ion cap,3,8,geo_other
hiddengemsparis.com,10/07/2026 07:45,Drop,79,hidden gems paris,3,15,geo_other
coralroomnyc.com,10/07/2026 07:45,Drop,79,coral room nyc,3,12,geo_other
juliasellsutah.com,10/06/2026 07:45,Drop,79,julia sells utah,3,14,geo_other
atlantaconsciousparenting.com,10/08/2026 07:45,Drop,79,atlanta conscious parenting,3,25,geo_other
montanatoolcompany.com,10/08/2026 07:45,Drop,79,montana tool company,3,18,geo_service
illinoislasercompany.com,10/07/2026 07:45,Drop,79,illinois laser company,3,20,geo_service
thehollywoodedge.com,10/07/2026 07:45,Drop,79,the hollywood edge,3,16,geo_other
cbdatlantahealth.com,10/09/2026 07:45,Drop,79,cbd atlanta health,3,16,geo_other
proassistmichigan.com,10/07/2026 07:45,Drop,79,pro assist michigan,3,17,geo_service
americascoresseattle.com,10/09/2026 07:45,Drop,79,america scores seattle,3,20,geo_other
theindianachronicle.com,10/06/2026 07:45,Drop,79,the indiana chronicle,3,19,geo_other
washingtonbonespurs.com,10/09/2026 07:45,Drop,79,washington bone spurs,3,19,geo_other
givecoloradofoundation.com,10/06/2026 07:45,Drop,79,give colorado foundation,3,22,geo_service
londonclass.com,10/08/2026 07:45,Drop,79,london class,2,11,geo_other
rafaellastyles.com,10/09/2026 07:45,Drop,79,rafael la styles,3,14,geo_other
phoenixagencystudios.com,10/06/2026 07:45,Drop,79,phoenix agency studios,3,20,geo_other
webzoola.com,10/09/2026 07:45,Drop,79,web zoo la,3,8,geo_other
springfieldmiddle.com,10/06/2026 07:45,Drop,79,springfield middle,2,17,geo_other
dubaiclothhouse.com,10/07/2026 07:45,Drop,79,dubai cloth house,3,15,geo_service
ladanceconcepts.com,10/09/2026 07:45,Drop,79,la dance concepts,3,15,geo_other
houstonopportunities.com,10/07/2026 07:45,Drop,79,houston opportunities,2,20,geo_other
virginialasercompany.com,10/07/2026 07:45,Drop,79,virginia laser company,3,20,geo_service
sitereadyutah.com,10/07/2026 07:45,Drop,79,site ready utah,3,13,geo_other
acousticmusicutah.com,10/09/2026 07:45,Drop,79,acoustic music utah,3,17,geo_other
victorytexas.com,10/09/2026 07:45,Drop,79,victory texas,2,12,geo_other
phoenixworldwidescreening.com,10/09/2026 07:45,Drop,79,phoenix worldwide screening,3,25,geo_other
urbanmobiledetail.com,10/09/2026 07:45,Drop,79,urban mobile detail,3,17,geo_other
hiltonhawaiisale.com,10/07/2026 07:45,Drop,79,hilton hawaii sale,3,16,geo_other
marylandlasercompany.com,10/07/2026 07:45,Drop,79,maryland laser company,3,20,geo_service
oralpathla.com,10/06/2026 07:45,Drop,79,oral path la,3,10,geo_other
hollywoodsick.com,10/07/2026 07:45,Drop,79,hollywood sick,2,13,geo_other
ontariogoldbeverage.com,10/06/2026 07:45,Drop,79,ontario gold beverage,3,19,geo_other
eugenelivestock.com,10/07/2026 07:45,Drop,79,eugene livestock,2,15,geo_other
seattledogtours.com,10/07/2026 07:45,Drop,79,seattle dog tours,3,15,geo_service
topfivelondon.com,10/06/2026 07:45,Drop,79,top five london,3,13,geo_other
lawyertennessee.com,10/06/2026 07:45,Drop,79,lawyer tennessee,2,15,geo_service
lawarroom.com,10/06/2026 07:45,Drop,79,la war room,3,9,geo_other
claritywithcarson.com,10/09/2026 07:45,Drop,79,clarity with carson,3,17,geo_other
phoenixvideoediting.com,10/09/2026 07:45,Drop,79,phoenix video editing,3,19,geo_other
aidurham.com,10/06/2026 07:45,Drop,79,ai durham,2,8,geo_other
nycfoster.com,10/06/2026 07:45,Drop,79,nyc foster,2,9,geo_other
houstonlinux.com,10/08/2026 07:45,Drop,79,houston linux,2,12,geo_other
bostonelitediamonds.com,10/08/2026 07:45,Drop,79,boston elite diamonds,3,19,geo_other
thintexas.com,10/09/2026 07:45,Drop,79,thin texas,2,9,geo_other
mobilemechanicaberdeen.com,10/09/2026 07:45,Drop,79,mobile mechanic aberdeen,3,22,geo_other
atlantaseoteam.com,10/06/2026 07:45,Drop,79,atlanta seo team,3,14,geo_service
publicdubai.com,10/08/2026 07:45,Drop,79,public dubai,2,11,geo_other
mainecup.com,10/08/2026 07:45,Drop,79,maine cup,2,8,geo_other
martechcincinnati.com,10/07/2026 07:45,Drop,79,mar tech cincinnati,3,17,geo_service
givefoundationcolorado.com,10/06/2026 07:45,Drop,79,give foundation colorado,3,22,geo_service
ottawanurses.com,10/07/2026 07:45,Drop,79,ottawa nurses,2,12,geo_other
seattletreeexperts.com,10/09/2026 07:45,Drop,79,seattle tree experts,3,18,geo_service
mymedicarewashington.com,10/08/2026 07:45,Drop,79,my medicare washington,3,20,geo_other
vermontroot.com,10/06/2026 07:45,Drop,79,vermont root,2,11,geo_other
chandlerthames.com,10/07/2026 07:45,Drop,79,chandler thames,2,14,geo_other
crystalclearflorida.com,10/08/2026 07:45,Drop,79,crystal clear florida,3,19,geo_other
indianapolislasercompany.com,10/07/2026 07:45,Drop,79,indianapolis laser company,3,24,geo_service
pauldavismilwaukee.com,10/07/2026 07:45,Drop,79,paul davis milwaukee,3,18,geo_other
torontosurfclub.com,10/09/2026 07:45,Drop,79,toronto surf club,3,15,geo_service
jerseyaccent.com,10/09/2026 07:45,Drop,79,jersey accent,2,12,geo_other
memphissells.com,10/07/2026 07:45,Drop,79,memphis sells,2,12,geo_other
texascarpetcare.com,10/07/2026 07:45,Drop,79,texas carpet care,3,15,geo_service
voicefortexas.com,10/09/2026 07:45,Drop,79,voice for texas,3,13,geo_other
spinartalbany.com,10/06/2026 07:45,Drop,79,spin art albany,3,13,geo_other
sydneyweddingcars.com,10/06/2026 07:45,Drop,79,sydney wedding cars,3,17,geo_service
elitelondonacademy.com,10/08/2026 07:45,Drop,79,elite london academy,3,18,geo_other
arizonachinesepress.com,10/07/2026 07:45,Drop,79,arizona chinese press,3,19,geo_other
malaysiaandsingapore.com,10/09/2026 07:45,Drop,79,malaysia and singapore,3,20,geo_other
illinoislasershows.com,10/07/2026 07:45,Drop,79,illinois laser shows,3,18,geo_other
oddmobile.com,10/09/2026 07:45,Drop,79,odd mobile,2,9,geo_other
thecurvedubai.com,10/08/2026 07:45,Drop,79,the curve dubai,3,13,geo_other
commercialcontractorla.com,10/07/2026 07:45,Drop,79,commercial contractor la,3,22,geo_service
comparedubaidental.com,10/06/2026 07:45,Drop,79,compare dubai dental,3,18,geo_service
georgiayoumust.com,10/06/2026 07:45,Drop,79,georgia you must,3,14,geo_other
londondigitalhouse.com,10/08/2026 07:45,Drop,79,london digital house,3,18,geo_service
riseabovesacramento.com,10/07/2026 07:45,Drop,79,rise above sacramento,3,19,geo_other
rarebuffalo.com,10/06/2026 07:45,Drop,79,rare buffalo,2,11,geo_other
braininjuryillinois.com,10/08/2026 07:45,Drop,79,brain injury illinois,3,19,geo_service
dallasmusicradio.com,10/07/2026 07:45,Drop,79,dallas music radio,3,16,geo_other
tvrepairmontana.com,10/07/2026 07:45,Drop,79,tv repair montana,3,15,geo_service
abcmobilemechanical.com,10/07/2026 07:45,Drop,79,abc mobile mechanical,3,19,geo_other
spinartnashville.com,10/06/2026 07:45,Drop,79,spin art nashville,3,16,geo_other
dallaslucyllc.com,10/09/2026 07:45,Drop,79,dallas lucy llc,3,13,geo_other
austinfreemls.com,10/06/2026 07:45,Drop,79,austin free mls,3,13,geo_other
superiorsignutah.com,10/06/2026 07:45,Drop,79,superior sign utah,3,16,geo_other
sushibrokersgilbert.com,10/09/2026 07:45,Drop,79,sushi brokers gilbert,3,19,geo_other
arkansassportsmed.com,10/06/2026 07:45,Drop,79,arkansas sports med,3,17,geo_other
labloombeauty.com,10/06/2026 07:45,Drop,79,la bloom beauty,3,13,geo_other
partnersmiami.com,10/07/2026 07:45,Drop,79,partners miami,2,13,geo_service
orlandorailtransfer.com,10/07/2026 07:45,Drop,79,orlando rail transfer,3,19,geo_other
visitingsingapore.com,10/09/2026 07:45,Drop,79,visiting singapore,2,17,geo_other
tennesseelasercompany.com,10/07/2026 07:45,Drop,79,tennessee laser company,3,21,geo_service
philadelphiamarketplace.com,10/07/2026 07:45,Drop,79,philadelphia marketplace,2,23,geo_other
londonprom.com,10/07/2026 07:45,Drop,79,london prom,2,10,geo_other
houstonitconnection.com,10/06/2026 07:45,Drop,79,houston it connection,3,19,geo_other
singaporelitigationlaw.com,10/09/2026 07:45,Drop,79,singapore litigation law,3,22,geo_service
columbiafreshproduce.com,10/06/2026 07:45,Drop,79,columbia fresh produce,3,20,geo_other
practicalsf.com,10/08/2026 07:45,Drop,79,practical sf,2,11,geo_other
schoolsf.com,10/09/2026 07:45,Drop,79,school sf,2,8,geo_other
massachusettsgames.com,10/09/2026 07:45,Drop,79,massachusetts games,2,18,geo_other
denverhotwife.com,10/06/2026 07:45,Drop,79,denver hot wife,3,13,geo_other
dubaitripmate.com,10/09/2026 07:45,Drop,79,dubai trip mate,3,13,geo_other
chandlerfithealth.com,10/09/2026 07:45,Drop,79,chandler fit health,3,17,geo_other
novalaproperty.com,10/09/2026 07:45,Drop,79,nova la property,3,14,geo_other
flowerguysnyc.com,10/08/2026 07:45,Drop,79,flower guys nyc,3,13,geo_service
houstonnailsspa.com,10/06/2026 07:45,Drop,79,houston nails spa,3,15,geo_service
mississippimusiconline.com,10/08/2026 07:45,Drop,79,mississippi music online,3,22,geo_service
screenprintingcalifornia.com,10/09/2026 07:45,Drop,79,screen printing california,3,24,geo_other
richielavery.com,10/06/2026 07:45,Drop,79,richie la very,3,12,geo_other
illinoisriverstore.com,10/09/2026 07:45,Drop,79,illinois river store,3,18,geo_service
mountainrealmutah.com,10/09/2026 07:45,Drop,79,mountain realm utah,3,17,geo_other
lightuptampa.com,10/07/2026 07:45,Drop,79,light up tampa,3,12,geo_other
pennsylvaniafurniture.com,10/06/2026 07:45,Drop,79,pennsylvania furniture,2,21,geo_other
miamipetsworld.com,10/08/2026 07:45,Drop,79,miami pets world,3,14,geo_service
simpletexasloans.com,10/06/2026 07:45,Drop,79,simple texas loans,3,16,geo_other
thehollywoodshop.com,10/09/2026 07:45,Drop,79,the hollywood shop,3,16,geo_service
timhartla.com,10/07/2026 07:45,Drop,79,tim hart la,3,9,geo_other
texasutilityconnect.com,10/08/2026 07:45,Drop,79,texas utility connect,3,19,geo_other
jacksonshopbridge.com,10/09/2026 07:45,Drop,79,jackson shop bridge,3,17,geo_service
spinartsf.com,10/06/2026 07:45,Drop,79,spin art sf,3,9,geo_other
streamhouston.com,10/08/2026 07:45,Drop,79,stream houston,2,13,geo_other
texasvideoediting.com,10/09/2026 07:45,Drop,79,texas video editing,3,17,geo_other
atlantawheel.com,10/09/2026 07:45,Drop,79,atlanta wheel,2,12,geo_other
kellymadisonvideos.com,10/09/2026 07:45,Drop,79,kelly madison videos,3,18,geo_other
coloradoinsurancesource.com,10/08/2026 07:45,Drop,79,colorado insurance source,3,23,geo_service
torontovintage.com,10/08/2026 07:45,Drop,79,toronto vintage,2,14,geo_other
contractorsmanhattan.com,10/08/2026 07:45,Drop,79,contractors manhattan,2,20,geo_service
ohioshooters.com,10/08/2026 07:45,Drop,79,ohio shooters,2,12,geo_other
carinsurancebrisbane.com,10/06/2026 07:45,Drop,79,car insurance brisbane,3,20,geo_service
laburgerirving.com,10/06/2026 07:45,Drop,79,la burger irving,3,14,geo_other
thomasforgeorgia.com,10/09/2026 07:45,Drop,79,thomas for georgia,3,16,geo_other
clevelandzombiehunt.com,10/07/2026 07:45,Drop,79,cleveland zombie hunt,3,19,geo_other
texasmedicareagent.com,10/09/2026 07:45,Drop,79,texas medicare agent,3,18,geo_other
atlantalasercompany.com,10/07/2026 07:45,Drop,79,atlanta laser company,3,19,geo_service
michigansupperclub.com,10/08/2026 07:45,Drop,79,michigan supper club,3,18,geo_service
lajeweldesign.com,10/07/2026 07:45,Drop,79,la jewel design,3,13,geo_other
nashvillekitchenservices.com,10/07/2026 07:45,Drop,79,nashville kitchen services,3,24,geo_service
